action_id,account_id,collector_id,action_date,action_type,note_count,worked_flag,load_ts,batch_id,src_file_name
50001,5383,16,2026-01-14,CALL,3,N,2026-01-19 10:00:00,batch_003,workqueue_actions_batch_003.csv
50002,2614,20,2026-01-15,REVIEW,0,N,2026-01-19 10:00:00,batch_003,workqueue_actions_batch_003.csv
50003,1055,2,2026-01-15,CALL,0,Y,2026-01-19 10:00:00,batch_003,workqueue_actions_batch_003.csv
50004,2172,7,2026-01-17,ESCALATE,3,N,2026-01-19 10:00:00,batch_003,workqueue_actions_batch_003.csv
50005,3103,5,2026-01-19,REVIEW,3,Y,2026-01-19 10:00:00,batch_003,workqueue_actions_batch_003.csv
50006,2489,11,2026-01-19,REVIEW,1,N,2026-01-19 10:00:00,batch_003,workqueue_actions_batch_003.csv
50007,5433,3,2026-01-18,REVIEW,1,N,2026-01-19 10:00:00,batch_003,workqueue_actions_batch_003.csv
50008,1382,9,2026-01-17,NOTE,2,N,2026-01-19 10:00:00,batch_003,workqueue_actions_batch_003.csv
50009,4112,17,2026-01-17,CALL,1,Y,2026-01-19 10:00:00,batch_003,workqueue_actions_batch_003.csv
50010,4433,14,2026-01-14,CALL,4,Y,2026-01-19 10:00:00,batch_003,workqueue_actions_batch_003.csv
50011,4099,7,2026-01-17,CALL,2,N,2026-01-19 10:00:00,batch_003,workqueue_actions_batch_003.csv
50012,2862,20,2026-01-15,ESCALATE,3,Y,2026-01-19 10:00:00,batch_003,workqueue_actions_batch_003.csv
50013,1311,4,2026-01-16,CALL,4,Y,2026-01-19 10:00:00,batch_003,workqueue_actions_batch_003.csv
50014,4192,14,2026-01-17,NOTE,4,Y,2026-01-19 10:00:00,batch_003,workqueue_actions_batch_003.csv
50015,2228,8,2026-01-19,NOTE,4,Y,2026-01-19 10:00:00,batch_003,workqueue_actions_batch_003.csv
50016,1558,4,2026-01-16,REVIEW,4,N,2026-01-19 10:00:00,batch_003,workqueue_actions_batch_003.csv
50017,1208,16,2026-01-16,ESCALATE,2,Y,2026-01-19 10:00:00,batch_003,workqueue_actions_batch_003.csv
50018,3665,8,2026-01-19,NOTE,2,N,2026-01-19 10:00:00,batch_003,workqueue_actions_batch_003.csv
50019,2889,11,2026-01-15,CALL,0,N,2026-01-19 10:00:00,batch_003,workqueue_actions_batch_003.csv
50020,2891,8,2026-01-16,NOTE,4,N,2026-01-19 10:00:00,batch_003,workqueue_actions_batch_003.csv
50021,4865,20,2026-01-16,ESCALATE,2,N,2026-01-19 10:00:00,batch_003,workqueue_actions_batch_003.csv
50022,2603,4,2026-01-18,NOTE,0,Y,2026-01-19 10:00:00,batch_003,workqueue_actions_batch_003.csv
50023,2121,6,2026-01-18,REVIEW,1,N,2026-01-19 10:00:00,batch_003,workqueue_actions_batch_003.csv
50024,2462,5,2026-01-14,ESCALATE,4,N,2026-01-19 10:00:00,batch_003,workqueue_actions_batch_003.csv
50025,1218,8,2026-01-19,CALL,3,Y,2026-01-19 10:00:00,batch_003,workqueue_actions_batch_003.csv
50026,2797,9,2026-01-15,ESCALATE,0,Y,2026-01-19 10:00:00,batch_003,workqueue_actions_batch_003.csv
50027,3381,1,2026-01-18,NOTE,2,Y,2026-01-19 10:00:00,batch_003,workqueue_actions_batch_003.csv
50028,5200,19,2026-01-18,REVIEW,4,N,2026-01-19 10:00:00,batch_003,workqueue_actions_batch_003.csv
50029,3279,6,2026-01-19,CALL,3,Y,2026-01-19 10:00:00,batch_003,workqueue_actions_batch_003.csv
50030,4604,4,2026-01-18,CALL,4,Y,2026-01-19 10:00:00,batch_003,workqueue_actions_batch_003.csv
50031,3976,1,2026-01-16,ESCALATE,2,N,2026-01-19 10:00:00,batch_003,workqueue_actions_batch_003.csv
50032,3567,2,2026-01-14,ESCALATE,4,N,2026-01-19 10:00:00,batch_003,workqueue_actions_batch_003.csv
50033,1792,17,2026-01-17,CALL,3,Y,2026-01-19 10:00:00,batch_003,workqueue_actions_batch_003.csv
50034,1870,15,2026-01-15,NOTE,2,N,2026-01-19 10:00:00,batch_003,workqueue_actions_batch_003.csv
50035,5390,16,2026-01-18,ESCALATE,1,Y,2026-01-19 10:00:00,batch_003,workqueue_actions_batch_003.csv
50036,4947,8,2026-01-17,NOTE,0,N,2026-01-19 10:00:00,batch_003,workqueue_actions_batch_003.csv
50037,3170,20,2026-01-19,CALL,4,Y,2026-01-19 10:00:00,batch_003,workqueue_actions_batch_003.csv
50038,2118,10,2026-01-17,NOTE,4,Y,2026-01-19 10:00:00,batch_003,workqueue_actions_batch_003.csv
50039,4084,2,2026-01-18,REVIEW,0,N,2026-01-19 10:00:00,batch_003,workqueue_actions_batch_003.csv
50040,2570,15,2026-01-18,CALL,0,Y,2026-01-19 10:00:00,batch_003,workqueue_actions_batch_003.csv
50041,1990,2,2026-01-16,NOTE,0,N,2026-01-19 10:00:00,batch_003,workqueue_actions_batch_003.csv
50042,3216,7,2026-01-15,ESCALATE,0,Y,2026-01-19 10:00:00,batch_003,workqueue_actions_batch_003.csv
50043,5171,7,2026-01-16,REVIEW,3,Y,2026-01-19 10:00:00,batch_003,workqueue_actions_batch_003.csv
50044,1607,19,2026-01-19,NOTE,3,Y,2026-01-19 10:00:00,batch_003,workqueue_actions_batch_003.csv
50045,1296,13,2026-01-17,NOTE,4,N,2026-01-19 10:00:00,batch_003,workqueue_actions_batch_003.csv
50046,4835,17,2026-01-16,ESCALATE,4,Y,2026-01-19 10:00:00,batch_003,workqueue_actions_batch_003.csv
50047,4650,3,2026-01-19,ESCALATE,2,N,2026-01-19 10:00:00,batch_003,workqueue_actions_batch_003.csv
50048,2834,17,2026-01-14,CALL,0,Y,2026-01-19 10:00:00,batch_003,workqueue_actions_batch_003.csv
50049,5159,14,2026-01-18,REVIEW,0,Y,2026-01-19 10:00:00,batch_003,workqueue_actions_batch_003.csv
50050,3238,20,2026-01-19,REVIEW,3,Y,2026-01-19 10:00:00,batch_003,workqueue_actions_batch_003.csv
50051,2688,14,2026-01-19,CALL,0,N,2026-01-19 10:00:00,batch_003,workqueue_actions_batch_003.csv
50052,3460,15,2026-01-14,NOTE,0,Y,2026-01-19 10:00:00,batch_003,workqueue_actions_batch_003.csv
50053,4465,16,2026-01-19,NOTE,4,Y,2026-01-19 10:00:00,batch_003,workqueue_actions_batch_003.csv
50054,2093,18,2026-01-18,CALL,3,N,2026-01-19 10:00:00,batch_003,workqueue_actions_batch_003.csv
50055,4043,15,2026-01-14,ESCALATE,4,Y,2026-01-19 10:00:00,batch_003,workqueue_actions_batch_003.csv
50056,1151,2,2026-01-19,CALL,4,N,2026-01-19 10:00:00,batch_003,workqueue_actions_batch_003.csv
50057,3659,16,2026-01-19,CALL,3,Y,2026-01-19 10:00:00,batch_003,workqueue_actions_batch_003.csv
50058,1022,14,2026-01-19,NOTE,4,N,2026-01-19 10:00:00,batch_003,workqueue_actions_batch_003.csv
50059,3739,13,2026-01-18,ESCALATE,1,N,2026-01-19 10:00:00,batch_003,workqueue_actions_batch_003.csv
50060,3204,17,2026-01-15,REVIEW,3,Y,2026-01-19 10:00:00,batch_003,workqueue_actions_batch_003.csv
50061,1473,5,2026-01-19,ESCALATE,3,N,2026-01-19 10:00:00,batch_003,workqueue_actions_batch_003.csv
50062,4197,3,2026-01-15,CALL,3,N,2026-01-19 10:00:00,batch_003,workqueue_actions_batch_003.csv
50063,1472,15,2026-01-19,ESCALATE,3,N,2026-01-19 10:00:00,batch_003,workqueue_actions_batch_003.csv
50064,3417,7,2026-01-15,REVIEW,1,Y,2026-01-19 10:00:00,batch_003,workqueue_actions_batch_003.csv
50065,2020,17,2026-01-15,ESCALATE,3,Y,2026-01-19 10:00:00,batch_003,workqueue_actions_batch_003.csv
50066,3485,2,2026-01-17,CALL,0,Y,2026-01-19 10:00:00,batch_003,workqueue_actions_batch_003.csv
50067,5229,12,2026-01-17,REVIEW,0,Y,2026-01-19 10:00:00,batch_003,workqueue_actions_batch_003.csv
50068,3963,1,2026-01-14,NOTE,0,N,2026-01-19 10:00:00,batch_003,workqueue_actions_batch_003.csv
50069,2571,15,2026-01-14,NOTE,1,Y,2026-01-19 10:00:00,batch_003,workqueue_actions_batch_003.csv
50070,2680,8,2026-01-17,CALL,2,Y,2026-01-19 10:00:00,batch_003,workqueue_actions_batch_003.csv
50071,1039,6,2026-01-18,CALL,2,N,2026-01-19 10:00:00,batch_003,workqueue_actions_batch_003.csv
50072,3273,12,2026-01-15,CALL,2,Y,2026-01-19 10:00:00,batch_003,workqueue_actions_batch_003.csv
50073,1042,4,2026-01-15,NOTE,0,N,2026-01-19 10:00:00,batch_003,workqueue_actions_batch_003.csv
50074,1371,3,2026-01-17,REVIEW,3,Y,2026-01-19 10:00:00,batch_003,workqueue_actions_batch_003.csv
50075,1844,15,2026-01-17,CALL,4,Y,2026-01-19 10:00:00,batch_003,workqueue_actions_batch_003.csv
50076,2821,12,2026-01-19,REVIEW,4,N,2026-01-19 10:00:00,batch_003,workqueue_actions_batch_003.csv
50077,4962,17,2026-01-14,CALL,4,Y,2026-01-19 10:00:00,batch_003,workqueue_actions_batch_003.csv
50078,2831,17,2026-01-19,ESCALATE,0,N,2026-01-19 10:00:00,batch_003,workqueue_actions_batch_003.csv
50079,1080,8,2026-01-16,ESCALATE,1,Y,2026-01-19 10:00:00,batch_003,workqueue_actions_batch_003.csv
50080,5238,8,2026-01-14,CALL,3,Y,2026-01-19 10:00:00,batch_003,workqueue_actions_batch_003.csv
50081,5316,13,2026-01-18,REVIEW,0,N,2026-01-19 10:00:00,batch_003,workqueue_actions_batch_003.csv
50082,4004,17,2026-01-17,NOTE,3,Y,2026-01-19 10:00:00,batch_003,workqueue_actions_batch_003.csv
50083,1648,5,2026-01-19,CALL,1,N,2026-01-19 10:00:00,batch_003,workqueue_actions_batch_003.csv
50084,4549,15,2026-01-16,ESCALATE,2,Y,2026-01-19 10:00:00,batch_003,workqueue_actions_batch_003.csv
50085,2567,6,2026-01-16,CALL,2,Y,2026-01-19 10:00:00,batch_003,workqueue_actions_batch_003.csv
50086,4906,17,2026-01-15,ESCALATE,4,N,2026-01-19 10:00:00,batch_003,workqueue_actions_batch_003.csv
50087,1153,15,2026-01-18,ESCALATE,0,N,2026-01-19 10:00:00,batch_003,workqueue_actions_batch_003.csv
50088,5241,18,2026-01-17,CALL,0,Y,2026-01-19 10:00:00,batch_003,workqueue_actions_batch_003.csv
50089,2976,6,2026-01-15,CALL,2,N,2026-01-19 10:00:00,batch_003,workqueue_actions_batch_003.csv
50090,4454,11,2026-01-17,ESCALATE,3,Y,2026-01-19 10:00:00,batch_003,workqueue_actions_batch_003.csv
50091,2427,7,2026-01-18,CALL,3,N,2026-01-19 10:00:00,batch_003,workqueue_actions_batch_003.csv
50092,4268,13,2026-01-18,CALL,2,Y,2026-01-19 10:00:00,batch_003,workqueue_actions_batch_003.csv
50093,4999,10,2026-01-14,CALL,0,N,2026-01-19 10:00:00,batch_003,workqueue_actions_batch_003.csv
50094,5255,6,2026-01-18,REVIEW,1,Y,2026-01-19 10:00:00,batch_003,workqueue_actions_batch_003.csv
50095,2132,3,2026-01-18,CALL,1,N,2026-01-19 10:00:00,batch_003,workqueue_actions_batch_003.csv
50096,3529,6,2026-01-19,CALL,2,N,2026-01-19 10:00:00,batch_003,workqueue_actions_batch_003.csv
50097,1873,14,2026-01-15,ESCALATE,4,Y,2026-01-19 10:00:00,batch_003,workqueue_actions_batch_003.csv
50098,3120,3,2026-01-16,REVIEW,0,Y,2026-01-19 10:00:00,batch_003,workqueue_actions_batch_003.csv
50099,1861,19,2026-01-17,REVIEW,4,N,2026-01-19 10:00:00,batch_003,workqueue_actions_batch_003.csv
50100,2693,6,2026-01-16,NOTE,0,N,2026-01-19 10:00:00,batch_003,workqueue_actions_batch_003.csv
50101,3432,20,2026-01-19,REVIEW,1,Y,2026-01-19 10:00:00,batch_003,workqueue_actions_batch_003.csv
50102,1819,15,2026-01-16,ESCALATE,4,Y,2026-01-19 10:00:00,batch_003,workqueue_actions_batch_003.csv
50103,3654,16,2026-01-17,REVIEW,2,Y,2026-01-19 10:00:00,batch_003,workqueue_actions_batch_003.csv
50104,1056,16,2026-01-17,CALL,4,Y,2026-01-19 10:00:00,batch_003,workqueue_actions_batch_003.csv
50105,1585,9,2026-01-19,NOTE,2,N,2026-01-19 10:00:00,batch_003,workqueue_actions_batch_003.csv
50106,4003,6,2026-01-16,NOTE,3,N,2026-01-19 10:00:00,batch_003,workqueue_actions_batch_003.csv
50107,4923,2,2026-01-18,ESCALATE,3,Y,2026-01-19 10:00:00,batch_003,workqueue_actions_batch_003.csv
50108,4454,19,2026-01-16,CALL,2,Y,2026-01-19 10:00:00,batch_003,workqueue_actions_batch_003.csv
50109,2007,9,2026-01-16,NOTE,3,Y,2026-01-19 10:00:00,batch_003,workqueue_actions_batch_003.csv
50110,1562,10,2026-01-16,CALL,1,Y,2026-01-19 10:00:00,batch_003,workqueue_actions_batch_003.csv
50111,3141,14,2026-01-17,NOTE,2,Y,2026-01-19 10:00:00,batch_003,workqueue_actions_batch_003.csv
50112,1737,1,2026-01-15,ESCALATE,1,N,2026-01-19 10:00:00,batch_003,workqueue_actions_batch_003.csv
50113,4004,20,2026-01-18,REVIEW,1,Y,2026-01-19 10:00:00,batch_003,workqueue_actions_batch_003.csv
50114,2759,17,2026-01-19,NOTE,4,N,2026-01-19 10:00:00,batch_003,workqueue_actions_batch_003.csv
50115,3877,8,2026-01-18,REVIEW,0,Y,2026-01-19 10:00:00,batch_003,workqueue_actions_batch_003.csv
50116,4764,9,2026-01-16,REVIEW,2,Y,2026-01-19 10:00:00,batch_003,workqueue_actions_batch_003.csv
50117,2891,7,2026-01-17,NOTE,3,Y,2026-01-19 10:00:00,batch_003,workqueue_actions_batch_003.csv
50118,3166,15,2026-01-15,ESCALATE,1,Y,2026-01-19 10:00:00,batch_003,workqueue_actions_batch_003.csv
50119,3083,4,2026-01-15,REVIEW,1,Y,2026-01-19 10:00:00,batch_003,workqueue_actions_batch_003.csv
50120,4347,6,2026-01-16,ESCALATE,3,Y,2026-01-19 10:00:00,batch_003,workqueue_actions_batch_003.csv
50121,3223,5,2026-01-17,REVIEW,2,Y,2026-01-19 10:00:00,batch_003,workqueue_actions_batch_003.csv
50122,4765,14,2026-01-19,CALL,0,N,2026-01-19 10:00:00,batch_003,workqueue_actions_batch_003.csv
50123,4771,9,2026-01-15,ESCALATE,0,N,2026-01-19 10:00:00,batch_003,workqueue_actions_batch_003.csv
50124,4022,20,2026-01-18,NOTE,4,N,2026-01-19 10:00:00,batch_003,workqueue_actions_batch_003.csv
50125,5161,20,2026-01-15,NOTE,4,Y,2026-01-19 10:00:00,batch_003,workqueue_actions_batch_003.csv
50126,3120,2,2026-01-19,NOTE,0,Y,2026-01-19 10:00:00,batch_003,workqueue_actions_batch_003.csv
50127,4805,17,2026-01-15,ESCALATE,4,Y,2026-01-19 10:00:00,batch_003,workqueue_actions_batch_003.csv
50128,3110,17,2026-01-18,ESCALATE,3,N,2026-01-19 10:00:00,batch_003,workqueue_actions_batch_003.csv
50129,2109,17,2026-01-15,CALL,0,N,2026-01-19 10:00:00,batch_003,workqueue_actions_batch_003.csv
50130,2431,8,2026-01-15,NOTE,3,N,2026-01-19 10:00:00,batch_003,workqueue_actions_batch_003.csv
50131,1447,19,2026-01-14,REVIEW,1,Y,2026-01-19 10:00:00,batch_003,workqueue_actions_batch_003.csv
50132,1889,6,2026-01-18,CALL,2,N,2026-01-19 10:00:00,batch_003,workqueue_actions_batch_003.csv
50133,3965,4,2026-01-19,CALL,4,N,2026-01-19 10:00:00,batch_003,workqueue_actions_batch_003.csv
50134,1618,3,2026-01-16,REVIEW,3,Y,2026-01-19 10:00:00,batch_003,workqueue_actions_batch_003.csv
50135,4196,9,2026-01-17,ESCALATE,2,Y,2026-01-19 10:00:00,batch_003,workqueue_actions_batch_003.csv
50136,5089,14,2026-01-14,NOTE,2,N,2026-01-19 10:00:00,batch_003,workqueue_actions_batch_003.csv
50137,4155,1,2026-01-19,REVIEW,0,N,2026-01-19 10:00:00,batch_003,workqueue_actions_batch_003.csv
50138,3849,6,2026-01-17,REVIEW,0,N,2026-01-19 10:00:00,batch_003,workqueue_actions_batch_003.csv
50139,4624,14,2026-01-17,CALL,0,Y,2026-01-19 10:00:00,batch_003,workqueue_actions_batch_003.csv
50140,3851,3,2026-01-15,REVIEW,4,Y,2026-01-19 10:00:00,batch_003,workqueue_actions_batch_003.csv
50141,4434,4,2026-01-16,NOTE,1,N,2026-01-19 10:00:00,batch_003,workqueue_actions_batch_003.csv
50142,5054,12,2026-01-16,REVIEW,3,N,2026-01-19 10:00:00,batch_003,workqueue_actions_batch_003.csv
50143,3162,11,2026-01-18,ESCALATE,3,N,2026-01-19 10:00:00,batch_003,workqueue_actions_batch_003.csv
50144,4294,6,2026-01-19,CALL,4,N,2026-01-19 10:00:00,batch_003,workqueue_actions_batch_003.csv
50145,1271,20,2026-01-19,REVIEW,3,Y,2026-01-19 10:00:00,batch_003,workqueue_actions_batch_003.csv
50146,4113,14,2026-01-19,CALL,4,Y,2026-01-19 10:00:00,batch_003,workqueue_actions_batch_003.csv
50147,3925,3,2026-01-19,REVIEW,4,Y,2026-01-19 10:00:00,batch_003,workqueue_actions_batch_003.csv
50148,4810,15,2026-01-19,CALL,1,N,2026-01-19 10:00:00,batch_003,workqueue_actions_batch_003.csv
50149,1167,17,2026-01-17,NOTE,4,N,2026-01-19 10:00:00,batch_003,workqueue_actions_batch_003.csv
50150,1397,14,2026-01-18,REVIEW,0,N,2026-01-19 10:00:00,batch_003,workqueue_actions_batch_003.csv
50151,4908,20,2026-01-15,CALL,3,Y,2026-01-19 10:00:00,batch_003,workqueue_actions_batch_003.csv
50152,4385,1,2026-01-14,CALL,2,N,2026-01-19 10:00:00,batch_003,workqueue_actions_batch_003.csv
50153,3960,6,2026-01-17,NOTE,2,N,2026-01-19 10:00:00,batch_003,workqueue_actions_batch_003.csv
50154,2882,2,2026-01-17,REVIEW,3,Y,2026-01-19 10:00:00,batch_003,workqueue_actions_batch_003.csv
50155,3502,1,2026-01-19,NOTE,1,N,2026-01-19 10:00:00,batch_003,workqueue_actions_batch_003.csv
50156,3139,8,2026-01-18,CALL,1,N,2026-01-19 10:00:00,batch_003,workqueue_actions_batch_003.csv
50157,3523,2,2026-01-16,REVIEW,2,N,2026-01-19 10:00:00,batch_003,workqueue_actions_batch_003.csv
50158,1508,2,2026-01-14,REVIEW,3,N,2026-01-19 10:00:00,batch_003,workqueue_actions_batch_003.csv
50159,4442,2,2026-01-16,CALL,1,Y,2026-01-19 10:00:00,batch_003,workqueue_actions_batch_003.csv
50160,2890,19,2026-01-15,REVIEW,0,N,2026-01-19 10:00:00,batch_003,workqueue_actions_batch_003.csv
50161,2376,17,2026-01-17,ESCALATE,3,Y,2026-01-19 10:00:00,batch_003,workqueue_actions_batch_003.csv
50162,3237,1,2026-01-15,NOTE,3,Y,2026-01-19 10:00:00,batch_003,workqueue_actions_batch_003.csv
50163,1136,5,2026-01-17,CALL,2,Y,2026-01-19 10:00:00,batch_003,workqueue_actions_batch_003.csv
50164,2845,2,2026-01-19,CALL,0,N,2026-01-19 10:00:00,batch_003,workqueue_actions_batch_003.csv
50165,1108,6,2026-01-14,CALL,3,N,2026-01-19 10:00:00,batch_003,workqueue_actions_batch_003.csv
50166,4882,14,2026-01-14,ESCALATE,0,Y,2026-01-19 10:00:00,batch_003,workqueue_actions_batch_003.csv
50167,3695,13,2026-01-19,ESCALATE,2,N,2026-01-19 10:00:00,batch_003,workqueue_actions_batch_003.csv
50168,2962,11,2026-01-16,CALL,1,N,2026-01-19 10:00:00,batch_003,workqueue_actions_batch_003.csv
50169,4533,12,2026-01-16,REVIEW,3,N,2026-01-19 10:00:00,batch_003,workqueue_actions_batch_003.csv
50170,2780,9,2026-01-14,ESCALATE,0,N,2026-01-19 10:00:00,batch_003,workqueue_actions_batch_003.csv
50171,4184,3,2026-01-18,ESCALATE,1,Y,2026-01-19 10:00:00,batch_003,workqueue_actions_batch_003.csv
50172,2444,9,2026-01-17,NOTE,4,Y,2026-01-19 10:00:00,batch_003,workqueue_actions_batch_003.csv
50173,3910,8,2026-01-17,CALL,4,N,2026-01-19 10:00:00,batch_003,workqueue_actions_batch_003.csv
50174,1715,11,2026-01-14,ESCALATE,2,N,2026-01-19 10:00:00,batch_003,workqueue_actions_batch_003.csv
50175,3838,4,2026-01-14,ESCALATE,0,N,2026-01-19 10:00:00,batch_003,workqueue_actions_batch_003.csv
50176,1831,18,2026-01-16,CALL,2,Y,2026-01-19 10:00:00,batch_003,workqueue_actions_batch_003.csv
50177,1717,16,2026-01-19,REVIEW,0,Y,2026-01-19 10:00:00,batch_003,workqueue_actions_batch_003.csv
50178,2969,10,2026-01-17,REVIEW,1,Y,2026-01-19 10:00:00,batch_003,workqueue_actions_batch_003.csv
50179,3405,16,2026-01-14,NOTE,2,N,2026-01-19 10:00:00,batch_003,workqueue_actions_batch_003.csv
50180,2814,7,2026-01-18,ESCALATE,1,N,2026-01-19 10:00:00,batch_003,workqueue_actions_batch_003.csv
50181,2916,3,2026-01-18,NOTE,0,Y,2026-01-19 10:00:00,batch_003,workqueue_actions_batch_003.csv
50182,2440,20,2026-01-15,ESCALATE,2,N,2026-01-19 10:00:00,batch_003,workqueue_actions_batch_003.csv
50183,4720,8,2026-01-18,REVIEW,1,N,2026-01-19 10:00:00,batch_003,workqueue_actions_batch_003.csv
50184,1693,10,2026-01-14,NOTE,1,Y,2026-01-19 10:00:00,batch_003,workqueue_actions_batch_003.csv
50185,3232,3,2026-01-14,ESCALATE,2,Y,2026-01-19 10:00:00,batch_003,workqueue_actions_batch_003.csv
50186,4705,17,2026-01-15,REVIEW,3,Y,2026-01-19 10:00:00,batch_003,workqueue_actions_batch_003.csv
50187,3318,3,2026-01-17,CALL,0,N,2026-01-19 10:00:00,batch_003,workqueue_actions_batch_003.csv
50188,4095,16,2026-01-15,CALL,0,Y,2026-01-19 10:00:00,batch_003,workqueue_actions_batch_003.csv
50189,2829,8,2026-01-15,ESCALATE,0,Y,2026-01-19 10:00:00,batch_003,workqueue_actions_batch_003.csv
50190,4937,6,2026-01-18,REVIEW,2,Y,2026-01-19 10:00:00,batch_003,workqueue_actions_batch_003.csv
50191,1763,14,2026-01-19,CALL,3,Y,2026-01-19 10:00:00,batch_003,workqueue_actions_batch_003.csv
50192,1644,9,2026-01-14,CALL,3,N,2026-01-19 10:00:00,batch_003,workqueue_actions_batch_003.csv
50193,4646,5,2026-01-16,NOTE,4,N,2026-01-19 10:00:00,batch_003,workqueue_actions_batch_003.csv
50194,1656,2,2026-01-17,ESCALATE,3,Y,2026-01-19 10:00:00,batch_003,workqueue_actions_batch_003.csv
50195,2585,12,2026-01-17,ESCALATE,4,N,2026-01-19 10:00:00,batch_003,workqueue_actions_batch_003.csv
50196,4718,17,2026-01-14,CALL,1,Y,2026-01-19 10:00:00,batch_003,workqueue_actions_batch_003.csv
50197,4835,6,2026-01-14,CALL,1,Y,2026-01-19 10:00:00,batch_003,workqueue_actions_batch_003.csv
50198,3777,6,2026-01-19,REVIEW,1,N,2026-01-19 10:00:00,batch_003,workqueue_actions_batch_003.csv
50199,4201,13,2026-01-15,NOTE,0,Y,2026-01-19 10:00:00,batch_003,workqueue_actions_batch_003.csv
50200,5225,18,2026-01-14,NOTE,3,Y,2026-01-19 10:00:00,batch_003,workqueue_actions_batch_003.csv
50201,4562,12,2026-01-19,CALL,4,Y,2026-01-19 10:00:00,batch_003,workqueue_actions_batch_003.csv
50202,4971,8,2026-01-17,NOTE,0,Y,2026-01-19 10:00:00,batch_003,workqueue_actions_batch_003.csv
50203,1390,19,2026-01-19,ESCALATE,2,Y,2026-01-19 10:00:00,batch_003,workqueue_actions_batch_003.csv
50204,1254,8,2026-01-17,CALL,4,Y,2026-01-19 10:00:00,batch_003,workqueue_actions_batch_003.csv
50205,1216,7,2026-01-19,CALL,2,N,2026-01-19 10:00:00,batch_003,workqueue_actions_batch_003.csv
50206,4670,6,2026-01-18,NOTE,1,Y,2026-01-19 10:00:00,batch_003,workqueue_actions_batch_003.csv
50207,2638,8,2026-01-19,NOTE,3,Y,2026-01-19 10:00:00,batch_003,workqueue_actions_batch_003.csv
50208,3720,18,2026-01-16,NOTE,0,Y,2026-01-19 10:00:00,batch_003,workqueue_actions_batch_003.csv
50209,2637,10,2026-01-17,REVIEW,3,Y,2026-01-19 10:00:00,batch_003,workqueue_actions_batch_003.csv
50210,1119,15,2026-01-18,CALL,0,Y,2026-01-19 10:00:00,batch_003,workqueue_actions_batch_003.csv
50211,4023,2,2026-01-19,CALL,3,Y,2026-01-19 10:00:00,batch_003,workqueue_actions_batch_003.csv
50212,2624,15,2026-01-17,REVIEW,3,Y,2026-01-19 10:00:00,batch_003,workqueue_actions_batch_003.csv
50213,3369,18,2026-01-16,REVIEW,2,Y,2026-01-19 10:00:00,batch_003,workqueue_actions_batch_003.csv
50214,1172,8,2026-01-16,NOTE,1,Y,2026-01-19 10:00:00,batch_003,workqueue_actions_batch_003.csv
50215,1785,7,2026-01-14,CALL,1,Y,2026-01-19 10:00:00,batch_003,workqueue_actions_batch_003.csv
50216,2358,14,2026-01-19,CALL,4,N,2026-01-19 10:00:00,batch_003,workqueue_actions_batch_003.csv
50217,1650,15,2026-01-15,ESCALATE,1,Y,2026-01-19 10:00:00,batch_003,workqueue_actions_batch_003.csv
50218,1939,17,2026-01-17,REVIEW,1,N,2026-01-19 10:00:00,batch_003,workqueue_actions_batch_003.csv
50219,2952,7,2026-01-15,ESCALATE,4,Y,2026-01-19 10:00:00,batch_003,workqueue_actions_batch_003.csv
50220,1944,14,2026-01-16,CALL,3,Y,2026-01-19 10:00:00,batch_003,workqueue_actions_batch_003.csv
50221,1664,18,2026-01-17,ESCALATE,0,N,2026-01-19 10:00:00,batch_003,workqueue_actions_batch_003.csv
50222,5005,18,2026-01-16,REVIEW,1,N,2026-01-19 10:00:00,batch_003,workqueue_actions_batch_003.csv
50223,4729,20,2026-01-16,ESCALATE,4,N,2026-01-19 10:00:00,batch_003,workqueue_actions_batch_003.csv
50224,1732,13,2026-01-15,NOTE,4,N,2026-01-19 10:00:00,batch_003,workqueue_actions_batch_003.csv
50225,2502,8,2026-01-19,CALL,4,N,2026-01-19 10:00:00,batch_003,workqueue_actions_batch_003.csv
50226,2917,19,2026-01-14,CALL,1,N,2026-01-19 10:00:00,batch_003,workqueue_actions_batch_003.csv
50227,3554,2,2026-01-18,ESCALATE,4,Y,2026-01-19 10:00:00,batch_003,workqueue_actions_batch_003.csv
50228,4705,9,2026-01-19,REVIEW,0,N,2026-01-19 10:00:00,batch_003,workqueue_actions_batch_003.csv
50229,2366,13,2026-01-14,REVIEW,2,N,2026-01-19 10:00:00,batch_003,workqueue_actions_batch_003.csv
50230,2421,15,2026-01-19,ESCALATE,3,N,2026-01-19 10:00:00,batch_003,workqueue_actions_batch_003.csv
50231,4515,11,2026-01-19,REVIEW,1,Y,2026-01-19 10:00:00,batch_003,workqueue_actions_batch_003.csv
50232,2504,10,2026-01-14,NOTE,2,Y,2026-01-19 10:00:00,batch_003,workqueue_actions_batch_003.csv
50233,4590,20,2026-01-14,REVIEW,1,Y,2026-01-19 10:00:00,batch_003,workqueue_actions_batch_003.csv
50234,2768,2,2026-01-14,REVIEW,2,N,2026-01-19 10:00:00,batch_003,workqueue_actions_batch_003.csv
50235,2284,20,2026-01-14,NOTE,4,Y,2026-01-19 10:00:00,batch_003,workqueue_actions_batch_003.csv
50236,4223,8,2026-01-19,ESCALATE,0,Y,2026-01-19 10:00:00,batch_003,workqueue_actions_batch_003.csv
50237,1650,7,2026-01-19,CALL,1,Y,2026-01-19 10:00:00,batch_003,workqueue_actions_batch_003.csv
50238,4342,5,2026-01-17,CALL,4,N,2026-01-19 10:00:00,batch_003,workqueue_actions_batch_003.csv
50239,1590,1,2026-01-16,ESCALATE,4,Y,2026-01-19 10:00:00,batch_003,workqueue_actions_batch_003.csv
50240,4879,15,2026-01-19,CALL,2,N,2026-01-19 10:00:00,batch_003,workqueue_actions_batch_003.csv
50241,2025,19,2026-01-14,CALL,1,Y,2026-01-19 10:00:00,batch_003,workqueue_actions_batch_003.csv
50242,1672,9,2026-01-19,NOTE,1,Y,2026-01-19 10:00:00,batch_003,workqueue_actions_batch_003.csv
50243,3626,14,2026-01-17,CALL,3,N,2026-01-19 10:00:00,batch_003,workqueue_actions_batch_003.csv
50244,1758,1,2026-01-15,CALL,4,N,2026-01-19 10:00:00,batch_003,workqueue_actions_batch_003.csv
50245,1827,19,2026-01-15,CALL,2,N,2026-01-19 10:00:00,batch_003,workqueue_actions_batch_003.csv
50246,3061,14,2026-01-14,CALL,2,Y,2026-01-19 10:00:00,batch_003,workqueue_actions_batch_003.csv
50247,2107,12,2026-01-15,REVIEW,1,N,2026-01-19 10:00:00,batch_003,workqueue_actions_batch_003.csv
50248,3286,1,2026-01-15,REVIEW,2,N,2026-01-19 10:00:00,batch_003,workqueue_actions_batch_003.csv
50249,3161,15,2026-01-17,CALL,0,Y,2026-01-19 10:00:00,batch_003,workqueue_actions_batch_003.csv
50250,3211,3,2026-01-15,ESCALATE,0,Y,2026-01-19 10:00:00,batch_003,workqueue_actions_batch_003.csv
50251,4701,14,2026-01-16,NOTE,4,N,2026-01-19 10:00:00,batch_003,workqueue_actions_batch_003.csv
50252,4365,10,2026-01-14,ESCALATE,2,N,2026-01-19 10:00:00,batch_003,workqueue_actions_batch_003.csv
50253,1473,4,2026-01-16,ESCALATE,2,Y,2026-01-19 10:00:00,batch_003,workqueue_actions_batch_003.csv
50254,2921,14,2026-01-14,REVIEW,1,N,2026-01-19 10:00:00,batch_003,workqueue_actions_batch_003.csv
50255,2016,11,2026-01-14,ESCALATE,3,N,2026-01-19 10:00:00,batch_003,workqueue_actions_batch_003.csv
50256,2002,13,2026-01-14,CALL,0,Y,2026-01-19 10:00:00,batch_003,workqueue_actions_batch_003.csv
50257,3347,20,2026-01-17,NOTE,1,Y,2026-01-19 10:00:00,batch_003,workqueue_actions_batch_003.csv
50258,1804,17,2026-01-16,CALL,0,N,2026-01-19 10:00:00,batch_003,workqueue_actions_batch_003.csv
50259,3826,15,2026-01-15,ESCALATE,0,Y,2026-01-19 10:00:00,batch_003,workqueue_actions_batch_003.csv
50260,1209,18,2026-01-17,REVIEW,1,N,2026-01-19 10:00:00,batch_003,workqueue_actions_batch_003.csv
50261,1841,14,2026-01-19,REVIEW,1,N,2026-01-19 10:00:00,batch_003,workqueue_actions_batch_003.csv
50262,1180,10,2026-01-15,REVIEW,2,Y,2026-01-19 10:00:00,batch_003,workqueue_actions_batch_003.csv
50263,2771,11,2026-01-19,NOTE,1,Y,2026-01-19 10:00:00,batch_003,workqueue_actions_batch_003.csv
50264,5080,7,2026-01-16,NOTE,4,N,2026-01-19 10:00:00,batch_003,workqueue_actions_batch_003.csv
50265,3632,7,2026-01-16,NOTE,4,N,2026-01-19 10:00:00,batch_003,workqueue_actions_batch_003.csv
50266,4946,1,2026-01-18,CALL,2,Y,2026-01-19 10:00:00,batch_003,workqueue_actions_batch_003.csv
50267,3259,15,2026-01-14,REVIEW,4,N,2026-01-19 10:00:00,batch_003,workqueue_actions_batch_003.csv
50268,2467,9,2026-01-18,ESCALATE,2,Y,2026-01-19 10:00:00,batch_003,workqueue_actions_batch_003.csv
50269,4768,14,2026-01-18,NOTE,3,Y,2026-01-19 10:00:00,batch_003,workqueue_actions_batch_003.csv
50270,2400,12,2026-01-14,NOTE,2,N,2026-01-19 10:00:00,batch_003,workqueue_actions_batch_003.csv
50271,3517,1,2026-01-16,REVIEW,2,N,2026-01-19 10:00:00,batch_003,workqueue_actions_batch_003.csv
50272,3173,1,2026-01-14,NOTE,1,N,2026-01-19 10:00:00,batch_003,workqueue_actions_batch_003.csv
50273,4369,9,2026-01-15,REVIEW,3,Y,2026-01-19 10:00:00,batch_003,workqueue_actions_batch_003.csv
50274,1144,13,2026-01-19,ESCALATE,1,Y,2026-01-19 10:00:00,batch_003,workqueue_actions_batch_003.csv
50275,3237,2,2026-01-17,REVIEW,0,N,2026-01-19 10:00:00,batch_003,workqueue_actions_batch_003.csv
50276,4810,13,2026-01-15,REVIEW,3,Y,2026-01-19 10:00:00,batch_003,workqueue_actions_batch_003.csv
50277,1703,19,2026-01-18,CALL,3,Y,2026-01-19 10:00:00,batch_003,workqueue_actions_batch_003.csv
50278,5459,15,2026-01-14,REVIEW,4,Y,2026-01-19 10:00:00,batch_003,workqueue_actions_batch_003.csv
50279,3408,4,2026-01-17,ESCALATE,2,Y,2026-01-19 10:00:00,batch_003,workqueue_actions_batch_003.csv
50280,3156,2,2026-01-16,NOTE,0,Y,2026-01-19 10:00:00,batch_003,workqueue_actions_batch_003.csv
50281,1103,5,2026-01-19,CALL,3,Y,2026-01-19 10:00:00,batch_003,workqueue_actions_batch_003.csv
50282,5033,20,2026-01-17,CALL,2,Y,2026-01-19 10:00:00,batch_003,workqueue_actions_batch_003.csv
50283,4621,19,2026-01-16,CALL,0,Y,2026-01-19 10:00:00,batch_003,workqueue_actions_batch_003.csv
50284,1830,12,2026-01-14,NOTE,0,Y,2026-01-19 10:00:00,batch_003,workqueue_actions_batch_003.csv
50285,1877,14,2026-01-14,NOTE,2,Y,2026-01-19 10:00:00,batch_003,workqueue_actions_batch_003.csv
50286,4950,3,2026-01-16,REVIEW,0,N,2026-01-19 10:00:00,batch_003,workqueue_actions_batch_003.csv
50287,5280,17,2026-01-17,CALL,1,Y,2026-01-19 10:00:00,batch_003,workqueue_actions_batch_003.csv
50288,3425,18,2026-01-14,CALL,4,N,2026-01-19 10:00:00,batch_003,workqueue_actions_batch_003.csv
50289,4891,7,2026-01-15,ESCALATE,4,Y,2026-01-19 10:00:00,batch_003,workqueue_actions_batch_003.csv
50290,2321,9,2026-01-15,ESCALATE,1,Y,2026-01-19 10:00:00,batch_003,workqueue_actions_batch_003.csv
50291,4614,2,2026-01-15,CALL,4,Y,2026-01-19 10:00:00,batch_003,workqueue_actions_batch_003.csv
50292,5070,7,2026-01-14,NOTE,2,Y,2026-01-19 10:00:00,batch_003,workqueue_actions_batch_003.csv
50293,3530,2,2026-01-14,ESCALATE,4,Y,2026-01-19 10:00:00,batch_003,workqueue_actions_batch_003.csv
50294,3040,11,2026-01-19,ESCALATE,4,Y,2026-01-19 10:00:00,batch_003,workqueue_actions_batch_003.csv
50295,4805,19,2026-01-15,REVIEW,4,Y,2026-01-19 10:00:00,batch_003,workqueue_actions_batch_003.csv
50296,3279,19,2026-01-16,ESCALATE,2,N,2026-01-19 10:00:00,batch_003,workqueue_actions_batch_003.csv
50297,1316,19,2026-01-15,NOTE,0,Y,2026-01-19 10:00:00,batch_003,workqueue_actions_batch_003.csv
50298,5024,12,2026-01-18,CALL,3,Y,2026-01-19 10:00:00,batch_003,workqueue_actions_batch_003.csv
50299,1462,11,2026-01-14,CALL,3,Y,2026-01-19 10:00:00,batch_003,workqueue_actions_batch_003.csv
50300,2040,10,2026-01-19,CALL,3,Y,2026-01-19 10:00:00,batch_003,workqueue_actions_batch_003.csv
50301,2414,3,2026-01-14,CALL,3,N,2026-01-19 10:00:00,batch_003,workqueue_actions_batch_003.csv
50302,5243,19,2026-01-18,REVIEW,2,N,2026-01-19 10:00:00,batch_003,workqueue_actions_batch_003.csv
50303,5414,15,2026-01-19,ESCALATE,4,Y,2026-01-19 10:00:00,batch_003,workqueue_actions_batch_003.csv
50304,2788,9,2026-01-14,CALL,2,N,2026-01-19 10:00:00,batch_003,workqueue_actions_batch_003.csv
50305,4300,3,2026-01-17,CALL,0,N,2026-01-19 10:00:00,batch_003,workqueue_actions_batch_003.csv
50306,1421,16,2026-01-19,REVIEW,0,N,2026-01-19 10:00:00,batch_003,workqueue_actions_batch_003.csv
50307,4498,5,2026-01-17,CALL,4,N,2026-01-19 10:00:00,batch_003,workqueue_actions_batch_003.csv
50308,1837,15,2026-01-16,REVIEW,1,Y,2026-01-19 10:00:00,batch_003,workqueue_actions_batch_003.csv
50309,1988,9,2026-01-16,CALL,3,Y,2026-01-19 10:00:00,batch_003,workqueue_actions_batch_003.csv
50310,2427,3,2026-01-14,NOTE,0,Y,2026-01-19 10:00:00,batch_003,workqueue_actions_batch_003.csv
50311,2077,3,2026-01-19,CALL,2,N,2026-01-19 10:00:00,batch_003,workqueue_actions_batch_003.csv
50312,1023,17,2026-01-19,ESCALATE,0,Y,2026-01-19 10:00:00,batch_003,workqueue_actions_batch_003.csv
50313,2190,7,2026-01-17,ESCALATE,4,Y,2026-01-19 10:00:00,batch_003,workqueue_actions_batch_003.csv
50314,4098,1,2026-01-16,REVIEW,2,N,2026-01-19 10:00:00,batch_003,workqueue_actions_batch_003.csv
50315,5025,1,2026-01-14,ESCALATE,1,N,2026-01-19 10:00:00,batch_003,workqueue_actions_batch_003.csv
50316,3200,11,2026-01-14,REVIEW,4,N,2026-01-19 10:00:00,batch_003,workqueue_actions_batch_003.csv
50317,1622,15,2026-01-15,NOTE,2,Y,2026-01-19 10:00:00,batch_003,workqueue_actions_batch_003.csv
50318,1089,11,2026-01-18,NOTE,0,Y,2026-01-19 10:00:00,batch_003,workqueue_actions_batch_003.csv
50319,2060,10,2026-01-17,ESCALATE,0,Y,2026-01-19 10:00:00,batch_003,workqueue_actions_batch_003.csv
50320,3797,10,2026-01-18,NOTE,3,N,2026-01-19 10:00:00,batch_003,workqueue_actions_batch_003.csv
50321,4592,18,2026-01-15,ESCALATE,4,N,2026-01-19 10:00:00,batch_003,workqueue_actions_batch_003.csv
50322,3303,15,2026-01-16,CALL,4,N,2026-01-19 10:00:00,batch_003,workqueue_actions_batch_003.csv
50323,1597,9,2026-01-14,REVIEW,3,N,2026-01-19 10:00:00,batch_003,workqueue_actions_batch_003.csv
50324,4424,17,2026-01-19,REVIEW,2,N,2026-01-19 10:00:00,batch_003,workqueue_actions_batch_003.csv
50325,3343,11,2026-01-15,NOTE,2,N,2026-01-19 10:00:00,batch_003,workqueue_actions_batch_003.csv
50326,2712,16,2026-01-14,ESCALATE,2,Y,2026-01-19 10:00:00,batch_003,workqueue_actions_batch_003.csv
50327,2938,10,2026-01-16,ESCALATE,0,Y,2026-01-19 10:00:00,batch_003,workqueue_actions_batch_003.csv
50328,1285,11,2026-01-16,CALL,3,N,2026-01-19 10:00:00,batch_003,workqueue_actions_batch_003.csv
50329,2028,19,2026-01-18,NOTE,1,Y,2026-01-19 10:00:00,batch_003,workqueue_actions_batch_003.csv
50330,3943,2,2026-01-15,NOTE,0,N,2026-01-19 10:00:00,batch_003,workqueue_actions_batch_003.csv
50331,3879,4,2026-01-16,NOTE,4,Y,2026-01-19 10:00:00,batch_003,workqueue_actions_batch_003.csv
50332,1216,16,2026-01-15,NOTE,2,N,2026-01-19 10:00:00,batch_003,workqueue_actions_batch_003.csv
50333,1496,3,2026-01-14,CALL,3,N,2026-01-19 10:00:00,batch_003,workqueue_actions_batch_003.csv
50334,3790,20,2026-01-18,NOTE,3,N,2026-01-19 10:00:00,batch_003,workqueue_actions_batch_003.csv
50335,2283,5,2026-01-16,ESCALATE,1,N,2026-01-19 10:00:00,batch_003,workqueue_actions_batch_003.csv
50336,4826,11,2026-01-19,ESCALATE,4,Y,2026-01-19 10:00:00,batch_003,workqueue_actions_batch_003.csv
50337,4495,8,2026-01-18,REVIEW,4,N,2026-01-19 10:00:00,batch_003,workqueue_actions_batch_003.csv
50338,5105,13,2026-01-17,REVIEW,1,N,2026-01-19 10:00:00,batch_003,workqueue_actions_batch_003.csv
50339,4533,18,2026-01-15,REVIEW,1,Y,2026-01-19 10:00:00,batch_003,workqueue_actions_batch_003.csv
50340,4088,15,2026-01-14,CALL,2,N,2026-01-19 10:00:00,batch_003,workqueue_actions_batch_003.csv
50341,3104,4,2026-01-17,ESCALATE,1,Y,2026-01-19 10:00:00,batch_003,workqueue_actions_batch_003.csv
50342,2516,14,2026-01-14,CALL,1,Y,2026-01-19 10:00:00,batch_003,workqueue_actions_batch_003.csv
50343,5157,16,2026-01-18,REVIEW,1,N,2026-01-19 10:00:00,batch_003,workqueue_actions_batch_003.csv
50344,5028,20,2026-01-15,CALL,2,Y,2026-01-19 10:00:00,batch_003,workqueue_actions_batch_003.csv
50345,4054,4,2026-01-17,NOTE,3,Y,2026-01-19 10:00:00,batch_003,workqueue_actions_batch_003.csv
50346,3572,15,2026-01-15,CALL,3,N,2026-01-19 10:00:00,batch_003,workqueue_actions_batch_003.csv
50347,2043,20,2026-01-18,ESCALATE,3,Y,2026-01-19 10:00:00,batch_003,workqueue_actions_batch_003.csv
50348,1018,1,2026-01-14,CALL,0,Y,2026-01-19 10:00:00,batch_003,workqueue_actions_batch_003.csv
50349,4556,14,2026-01-14,NOTE,1,Y,2026-01-19 10:00:00,batch_003,workqueue_actions_batch_003.csv
50350,5149,20,2026-01-15,NOTE,1,N,2026-01-19 10:00:00,batch_003,workqueue_actions_batch_003.csv
50351,2321,12,2026-01-14,REVIEW,0,Y,2026-01-19 10:00:00,batch_003,workqueue_actions_batch_003.csv
50352,2040,4,2026-01-17,NOTE,4,Y,2026-01-19 10:00:00,batch_003,workqueue_actions_batch_003.csv
50353,2590,12,2026-01-14,REVIEW,0,Y,2026-01-19 10:00:00,batch_003,workqueue_actions_batch_003.csv
50354,3496,5,2026-01-19,REVIEW,2,N,2026-01-19 10:00:00,batch_003,workqueue_actions_batch_003.csv
50355,5299,9,2026-01-14,ESCALATE,3,N,2026-01-19 10:00:00,batch_003,workqueue_actions_batch_003.csv
50356,3053,12,2026-01-16,REVIEW,1,N,2026-01-19 10:00:00,batch_003,workqueue_actions_batch_003.csv
50357,3486,16,2026-01-17,CALL,1,Y,2026-01-19 10:00:00,batch_003,workqueue_actions_batch_003.csv
50358,3609,17,2026-01-19,CALL,2,N,2026-01-19 10:00:00,batch_003,workqueue_actions_batch_003.csv
50359,1203,4,2026-01-15,ESCALATE,1,N,2026-01-19 10:00:00,batch_003,workqueue_actions_batch_003.csv
50360,5050,10,2026-01-15,NOTE,0,Y,2026-01-19 10:00:00,batch_003,workqueue_actions_batch_003.csv
50361,4312,17,2026-01-19,CALL,3,N,2026-01-19 10:00:00,batch_003,workqueue_actions_batch_003.csv
50362,2376,20,2026-01-19,REVIEW,1,Y,2026-01-19 10:00:00,batch_003,workqueue_actions_batch_003.csv
50363,4088,12,2026-01-14,NOTE,4,N,2026-01-19 10:00:00,batch_003,workqueue_actions_batch_003.csv
50364,4792,15,2026-01-18,ESCALATE,4,Y,2026-01-19 10:00:00,batch_003,workqueue_actions_batch_003.csv
50365,2039,7,2026-01-15,NOTE,2,N,2026-01-19 10:00:00,batch_003,workqueue_actions_batch_003.csv
50366,2433,1,2026-01-14,ESCALATE,3,N,2026-01-19 10:00:00,batch_003,workqueue_actions_batch_003.csv
50367,1543,1,2026-01-18,REVIEW,2,N,2026-01-19 10:00:00,batch_003,workqueue_actions_batch_003.csv
50368,3089,2,2026-01-18,NOTE,0,Y,2026-01-19 10:00:00,batch_003,workqueue_actions_batch_003.csv
50369,1471,15,2026-01-17,NOTE,1,N,2026-01-19 10:00:00,batch_003,workqueue_actions_batch_003.csv
50370,1439,10,2026-01-14,NOTE,3,Y,2026-01-19 10:00:00,batch_003,workqueue_actions_batch_003.csv
50371,5066,19,2026-01-19,CALL,3,N,2026-01-19 10:00:00,batch_003,workqueue_actions_batch_003.csv
50372,4500,17,2026-01-18,REVIEW,4,Y,2026-01-19 10:00:00,batch_003,workqueue_actions_batch_003.csv
50373,4923,1,2026-01-17,CALL,4,N,2026-01-19 10:00:00,batch_003,workqueue_actions_batch_003.csv
50374,4792,18,2026-01-16,ESCALATE,4,Y,2026-01-19 10:00:00,batch_003,workqueue_actions_batch_003.csv
50375,4184,20,2026-01-17,CALL,1,Y,2026-01-19 10:00:00,batch_003,workqueue_actions_batch_003.csv
50376,4025,7,2026-01-18,CALL,1,N,2026-01-19 10:00:00,batch_003,workqueue_actions_batch_003.csv
50377,4311,19,2026-01-17,NOTE,1,N,2026-01-19 10:00:00,batch_003,workqueue_actions_batch_003.csv
50378,5049,4,2026-01-16,REVIEW,1,Y,2026-01-19 10:00:00,batch_003,workqueue_actions_batch_003.csv
50379,1892,11,2026-01-16,NOTE,3,Y,2026-01-19 10:00:00,batch_003,workqueue_actions_batch_003.csv
50380,1279,12,2026-01-19,NOTE,2,Y,2026-01-19 10:00:00,batch_003,workqueue_actions_batch_003.csv
50381,1779,17,2026-01-17,ESCALATE,4,Y,2026-01-19 10:00:00,batch_003,workqueue_actions_batch_003.csv
50382,3123,20,2026-01-15,CALL,3,Y,2026-01-19 10:00:00,batch_003,workqueue_actions_batch_003.csv
50383,3708,1,2026-01-14,NOTE,3,Y,2026-01-19 10:00:00,batch_003,workqueue_actions_batch_003.csv
50384,4783,9,2026-01-16,NOTE,4,Y,2026-01-19 10:00:00,batch_003,workqueue_actions_batch_003.csv
50385,4909,8,2026-01-19,CALL,0,N,2026-01-19 10:00:00,batch_003,workqueue_actions_batch_003.csv
50386,4073,6,2026-01-19,CALL,2,Y,2026-01-19 10:00:00,batch_003,workqueue_actions_batch_003.csv
50387,3096,7,2026-01-15,REVIEW,0,Y,2026-01-19 10:00:00,batch_003,workqueue_actions_batch_003.csv
50388,2579,13,2026-01-17,CALL,4,Y,2026-01-19 10:00:00,batch_003,workqueue_actions_batch_003.csv
50389,1734,17,2026-01-15,ESCALATE,1,N,2026-01-19 10:00:00,batch_003,workqueue_actions_batch_003.csv
50390,1094,1,2026-01-14,CALL,2,N,2026-01-19 10:00:00,batch_003,workqueue_actions_batch_003.csv
50391,4157,7,2026-01-18,ESCALATE,2,N,2026-01-19 10:00:00,batch_003,workqueue_actions_batch_003.csv
50392,4891,9,2026-01-15,CALL,3,Y,2026-01-19 10:00:00,batch_003,workqueue_actions_batch_003.csv
50393,3684,17,2026-01-15,ESCALATE,2,N,2026-01-19 10:00:00,batch_003,workqueue_actions_batch_003.csv
50394,3955,14,2026-01-15,NOTE,1,N,2026-01-19 10:00:00,batch_003,workqueue_actions_batch_003.csv
50395,1353,6,2026-01-15,ESCALATE,3,N,2026-01-19 10:00:00,batch_003,workqueue_actions_batch_003.csv
50396,3576,19,2026-01-15,NOTE,4,Y,2026-01-19 10:00:00,batch_003,workqueue_actions_batch_003.csv
50397,3547,18,2026-01-19,ESCALATE,1,N,2026-01-19 10:00:00,batch_003,workqueue_actions_batch_003.csv
50398,1792,19,2026-01-14,CALL,1,N,2026-01-19 10:00:00,batch_003,workqueue_actions_batch_003.csv
50399,3617,20,2026-01-18,CALL,4,Y,2026-01-19 10:00:00,batch_003,workqueue_actions_batch_003.csv
50400,3009,18,2026-01-19,CALL,0,Y,2026-01-19 10:00:00,batch_003,workqueue_actions_batch_003.csv
50401,3298,19,2026-01-15,ESCALATE,1,N,2026-01-19 10:00:00,batch_003,workqueue_actions_batch_003.csv
50402,2452,1,2026-01-19,CALL,3,Y,2026-01-19 10:00:00,batch_003,workqueue_actions_batch_003.csv
50403,1422,14,2026-01-17,ESCALATE,4,Y,2026-01-19 10:00:00,batch_003,workqueue_actions_batch_003.csv
50404,4708,6,2026-01-17,CALL,0,Y,2026-01-19 10:00:00,batch_003,workqueue_actions_batch_003.csv
50405,1683,2,2026-01-18,ESCALATE,4,Y,2026-01-19 10:00:00,batch_003,workqueue_actions_batch_003.csv
50406,3931,17,2026-01-19,NOTE,0,N,2026-01-19 10:00:00,batch_003,workqueue_actions_batch_003.csv
50407,3333,3,2026-01-17,NOTE,1,Y,2026-01-19 10:00:00,batch_003,workqueue_actions_batch_003.csv
50408,4175,1,2026-01-19,CALL,1,Y,2026-01-19 10:00:00,batch_003,workqueue_actions_batch_003.csv
50409,3114,18,2026-01-17,ESCALATE,4,N,2026-01-19 10:00:00,batch_003,workqueue_actions_batch_003.csv
50410,1746,14,2026-01-16,ESCALATE,3,Y,2026-01-19 10:00:00,batch_003,workqueue_actions_batch_003.csv
50411,2898,15,2026-01-16,CALL,3,Y,2026-01-19 10:00:00,batch_003,workqueue_actions_batch_003.csv
50412,5109,20,2026-01-15,REVIEW,3,Y,2026-01-19 10:00:00,batch_003,workqueue_actions_batch_003.csv
50413,4163,16,2026-01-18,ESCALATE,2,Y,2026-01-19 10:00:00,batch_003,workqueue_actions_batch_003.csv
50414,5383,14,2026-01-14,ESCALATE,0,Y,2026-01-19 10:00:00,batch_003,workqueue_actions_batch_003.csv
50415,4754,19,2026-01-18,ESCALATE,2,Y,2026-01-19 10:00:00,batch_003,workqueue_actions_batch_003.csv
50416,1419,7,2026-01-18,NOTE,1,N,2026-01-19 10:00:00,batch_003,workqueue_actions_batch_003.csv
50417,1840,2,2026-01-17,REVIEW,2,Y,2026-01-19 10:00:00,batch_003,workqueue_actions_batch_003.csv
50418,2313,3,2026-01-16,CALL,2,N,2026-01-19 10:00:00,batch_003,workqueue_actions_batch_003.csv
50419,3589,15,2026-01-14,ESCALATE,1,Y,2026-01-19 10:00:00,batch_003,workqueue_actions_batch_003.csv
50420,1834,5,2026-01-19,NOTE,3,Y,2026-01-19 10:00:00,batch_003,workqueue_actions_batch_003.csv
50421,1194,3,2026-01-15,REVIEW,0,Y,2026-01-19 10:00:00,batch_003,workqueue_actions_batch_003.csv
50422,3446,11,2026-01-19,ESCALATE,0,N,2026-01-19 10:00:00,batch_003,workqueue_actions_batch_003.csv
50423,4214,11,2026-01-19,NOTE,0,N,2026-01-19 10:00:00,batch_003,workqueue_actions_batch_003.csv
50424,1496,6,2026-01-17,CALL,0,N,2026-01-19 10:00:00,batch_003,workqueue_actions_batch_003.csv
50425,3529,6,2026-01-15,REVIEW,2,N,2026-01-19 10:00:00,batch_003,workqueue_actions_batch_003.csv
50426,1689,10,2026-01-16,CALL,0,Y,2026-01-19 10:00:00,batch_003,workqueue_actions_batch_003.csv
50427,2322,3,2026-01-18,REVIEW,1,Y,2026-01-19 10:00:00,batch_003,workqueue_actions_batch_003.csv
50428,3964,10,2026-01-15,CALL,3,Y,2026-01-19 10:00:00,batch_003,workqueue_actions_batch_003.csv
50429,1746,3,2026-01-16,NOTE,1,Y,2026-01-19 10:00:00,batch_003,workqueue_actions_batch_003.csv
50430,1562,12,2026-01-14,NOTE,1,Y,2026-01-19 10:00:00,batch_003,workqueue_actions_batch_003.csv
50431,1971,15,2026-01-17,CALL,4,Y,2026-01-19 10:00:00,batch_003,workqueue_actions_batch_003.csv
50432,1498,20,2026-01-15,NOTE,4,Y,2026-01-19 10:00:00,batch_003,workqueue_actions_batch_003.csv
50433,3904,3,2026-01-18,REVIEW,1,Y,2026-01-19 10:00:00,batch_003,workqueue_actions_batch_003.csv
50434,1561,9,2026-01-17,REVIEW,0,Y,2026-01-19 10:00:00,batch_003,workqueue_actions_batch_003.csv
50435,2844,4,2026-01-17,NOTE,2,Y,2026-01-19 10:00:00,batch_003,workqueue_actions_batch_003.csv
50436,3442,20,2026-01-17,REVIEW,0,Y,2026-01-19 10:00:00,batch_003,workqueue_actions_batch_003.csv
50437,1964,11,2026-01-17,CALL,1,Y,2026-01-19 10:00:00,batch_003,workqueue_actions_batch_003.csv
50438,1476,11,2026-01-19,REVIEW,0,N,2026-01-19 10:00:00,batch_003,workqueue_actions_batch_003.csv
50439,3773,20,2026-01-18,REVIEW,3,N,2026-01-19 10:00:00,batch_003,workqueue_actions_batch_003.csv
50440,3154,19,2026-01-14,REVIEW,0,Y,2026-01-19 10:00:00,batch_003,workqueue_actions_batch_003.csv
50441,2057,2,2026-01-16,CALL,4,Y,2026-01-19 10:00:00,batch_003,workqueue_actions_batch_003.csv
50442,3963,8,2026-01-16,CALL,1,N,2026-01-19 10:00:00,batch_003,workqueue_actions_batch_003.csv
50443,4828,14,2026-01-17,CALL,4,N,2026-01-19 10:00:00,batch_003,workqueue_actions_batch_003.csv
50444,1192,10,2026-01-19,ESCALATE,3,N,2026-01-19 10:00:00,batch_003,workqueue_actions_batch_003.csv
50445,1225,1,2026-01-17,REVIEW,3,Y,2026-01-19 10:00:00,batch_003,workqueue_actions_batch_003.csv
50446,1307,15,2026-01-15,REVIEW,1,N,2026-01-19 10:00:00,batch_003,workqueue_actions_batch_003.csv
50447,1700,10,2026-01-16,NOTE,3,Y,2026-01-19 10:00:00,batch_003,workqueue_actions_batch_003.csv
50448,3086,13,2026-01-14,CALL,1,Y,2026-01-19 10:00:00,batch_003,workqueue_actions_batch_003.csv
50449,2579,2,2026-01-15,ESCALATE,2,N,2026-01-19 10:00:00,batch_003,workqueue_actions_batch_003.csv
50450,2158,2,2026-01-16,NOTE,1,N,2026-01-19 10:00:00,batch_003,workqueue_actions_batch_003.csv
50451,3513,2,2026-01-16,ESCALATE,4,Y,2026-01-19 10:00:00,batch_003,workqueue_actions_batch_003.csv
50452,1629,6,2026-01-19,ESCALATE,3,Y,2026-01-19 10:00:00,batch_003,workqueue_actions_batch_003.csv
50453,3240,1,2026-01-17,NOTE,4,Y,2026-01-19 10:00:00,batch_003,workqueue_actions_batch_003.csv
50454,4348,8,2026-01-15,NOTE,4,Y,2026-01-19 10:00:00,batch_003,workqueue_actions_batch_003.csv
50455,5321,20,2026-01-15,NOTE,4,N,2026-01-19 10:00:00,batch_003,workqueue_actions_batch_003.csv
50456,5067,12,2026-01-15,ESCALATE,0,Y,2026-01-19 10:00:00,batch_003,workqueue_actions_batch_003.csv
50457,5176,15,2026-01-18,ESCALATE,0,N,2026-01-19 10:00:00,batch_003,workqueue_actions_batch_003.csv
50458,1722,10,2026-01-15,NOTE,4,Y,2026-01-19 10:00:00,batch_003,workqueue_actions_batch_003.csv
50459,4377,6,2026-01-19,ESCALATE,4,Y,2026-01-19 10:00:00,batch_003,workqueue_actions_batch_003.csv
50460,5413,12,2026-01-14,ESCALATE,3,N,2026-01-19 10:00:00,batch_003,workqueue_actions_batch_003.csv
50461,4347,20,2026-01-19,NOTE,2,N,2026-01-19 10:00:00,batch_003,workqueue_actions_batch_003.csv
50462,3547,20,2026-01-15,REVIEW,2,Y,2026-01-19 10:00:00,batch_003,workqueue_actions_batch_003.csv
50463,4889,5,2026-01-19,NOTE,4,Y,2026-01-19 10:00:00,batch_003,workqueue_actions_batch_003.csv
50464,2376,20,2026-01-18,CALL,1,Y,2026-01-19 10:00:00,batch_003,workqueue_actions_batch_003.csv
50465,4509,14,2026-01-15,REVIEW,1,Y,2026-01-19 10:00:00,batch_003,workqueue_actions_batch_003.csv
50466,1236,15,2026-01-14,REVIEW,3,N,2026-01-19 10:00:00,batch_003,workqueue_actions_batch_003.csv
50467,2068,11,2026-01-17,NOTE,3,Y,2026-01-19 10:00:00,batch_003,workqueue_actions_batch_003.csv
50468,3812,16,2026-01-15,REVIEW,1,Y,2026-01-19 10:00:00,batch_003,workqueue_actions_batch_003.csv
50469,1262,17,2026-01-14,NOTE,3,N,2026-01-19 10:00:00,batch_003,workqueue_actions_batch_003.csv
50470,3918,6,2026-01-17,REVIEW,4,Y,2026-01-19 10:00:00,batch_003,workqueue_actions_batch_003.csv
50471,4766,17,2026-01-16,REVIEW,1,N,2026-01-19 10:00:00,batch_003,workqueue_actions_batch_003.csv
50472,4349,4,2026-01-15,NOTE,1,Y,2026-01-19 10:00:00,batch_003,workqueue_actions_batch_003.csv
50473,3546,2,2026-01-17,CALL,3,N,2026-01-19 10:00:00,batch_003,workqueue_actions_batch_003.csv
50474,2670,15,2026-01-18,REVIEW,0,N,2026-01-19 10:00:00,batch_003,workqueue_actions_batch_003.csv
50475,4191,8,2026-01-14,CALL,2,N,2026-01-19 10:00:00,batch_003,workqueue_actions_batch_003.csv
50476,3148,1,2026-01-17,NOTE,4,N,2026-01-19 10:00:00,batch_003,workqueue_actions_batch_003.csv
50477,4454,1,2026-01-16,CALL,0,N,2026-01-19 10:00:00,batch_003,workqueue_actions_batch_003.csv
50478,1850,12,2026-01-17,REVIEW,0,N,2026-01-19 10:00:00,batch_003,workqueue_actions_batch_003.csv
50479,2355,3,2026-01-14,ESCALATE,1,N,2026-01-19 10:00:00,batch_003,workqueue_actions_batch_003.csv
50480,3854,8,2026-01-15,REVIEW,4,Y,2026-01-19 10:00:00,batch_003,workqueue_actions_batch_003.csv
50481,2867,15,2026-01-19,ESCALATE,1,N,2026-01-19 10:00:00,batch_003,workqueue_actions_batch_003.csv
50482,4961,3,2026-01-14,REVIEW,2,Y,2026-01-19 10:00:00,batch_003,workqueue_actions_batch_003.csv
50483,4241,17,2026-01-14,CALL,3,N,2026-01-19 10:00:00,batch_003,workqueue_actions_batch_003.csv
50484,1453,20,2026-01-16,REVIEW,4,N,2026-01-19 10:00:00,batch_003,workqueue_actions_batch_003.csv
50485,2138,17,2026-01-19,REVIEW,3,Y,2026-01-19 10:00:00,batch_003,workqueue_actions_batch_003.csv
50486,2988,7,2026-01-15,NOTE,4,Y,2026-01-19 10:00:00,batch_003,workqueue_actions_batch_003.csv
50487,4992,11,2026-01-19,REVIEW,4,N,2026-01-19 10:00:00,batch_003,workqueue_actions_batch_003.csv
50488,3432,12,2026-01-14,REVIEW,2,N,2026-01-19 10:00:00,batch_003,workqueue_actions_batch_003.csv
50489,2317,14,2026-01-17,NOTE,2,Y,2026-01-19 10:00:00,batch_003,workqueue_actions_batch_003.csv
50490,3699,15,2026-01-17,ESCALATE,0,N,2026-01-19 10:00:00,batch_003,workqueue_actions_batch_003.csv
50491,3088,19,2026-01-15,ESCALATE,3,Y,2026-01-19 10:00:00,batch_003,workqueue_actions_batch_003.csv
50492,1133,19,2026-01-16,REVIEW,4,N,2026-01-19 10:00:00,batch_003,workqueue_actions_batch_003.csv
50493,4996,13,2026-01-15,ESCALATE,0,Y,2026-01-19 10:00:00,batch_003,workqueue_actions_batch_003.csv
50494,3791,14,2026-01-19,CALL,0,N,2026-01-19 10:00:00,batch_003,workqueue_actions_batch_003.csv
50495,4199,6,2026-01-19,REVIEW,1,Y,2026-01-19 10:00:00,batch_003,workqueue_actions_batch_003.csv
50496,2112,4,2026-01-16,NOTE,3,N,2026-01-19 10:00:00,batch_003,workqueue_actions_batch_003.csv
50497,2500,3,2026-01-17,REVIEW,0,N,2026-01-19 10:00:00,batch_003,workqueue_actions_batch_003.csv
50498,5276,13,2026-01-17,NOTE,4,N,2026-01-19 10:00:00,batch_003,workqueue_actions_batch_003.csv
50499,1562,9,2026-01-17,NOTE,0,Y,2026-01-19 10:00:00,batch_003,workqueue_actions_batch_003.csv
50500,1409,9,2026-01-14,REVIEW,2,Y,2026-01-19 10:00:00,batch_003,workqueue_actions_batch_003.csv
50501,1996,3,2026-01-18,ESCALATE,4,N,2026-01-19 10:00:00,batch_003,workqueue_actions_batch_003.csv
50502,4018,1,2026-01-14,CALL,0,N,2026-01-19 10:00:00,batch_003,workqueue_actions_batch_003.csv
50503,2395,3,2026-01-19,NOTE,4,Y,2026-01-19 10:00:00,batch_003,workqueue_actions_batch_003.csv
50504,1197,19,2026-01-16,ESCALATE,1,N,2026-01-19 10:00:00,batch_003,workqueue_actions_batch_003.csv
50505,1129,19,2026-01-19,CALL,2,Y,2026-01-19 10:00:00,batch_003,workqueue_actions_batch_003.csv
50506,2942,4,2026-01-16,REVIEW,1,Y,2026-01-19 10:00:00,batch_003,workqueue_actions_batch_003.csv
50507,2659,15,2026-01-17,REVIEW,3,Y,2026-01-19 10:00:00,batch_003,workqueue_actions_batch_003.csv
50508,5465,14,2026-01-14,REVIEW,3,Y,2026-01-19 10:00:00,batch_003,workqueue_actions_batch_003.csv
50509,5167,14,2026-01-15,ESCALATE,3,Y,2026-01-19 10:00:00,batch_003,workqueue_actions_batch_003.csv
50510,4762,8,2026-01-14,CALL,4,N,2026-01-19 10:00:00,batch_003,workqueue_actions_batch_003.csv
50511,1132,2,2026-01-18,NOTE,4,Y,2026-01-19 10:00:00,batch_003,workqueue_actions_batch_003.csv
50512,2257,16,2026-01-18,ESCALATE,4,N,2026-01-19 10:00:00,batch_003,workqueue_actions_batch_003.csv
50513,4906,10,2026-01-19,REVIEW,2,N,2026-01-19 10:00:00,batch_003,workqueue_actions_batch_003.csv
50514,4514,4,2026-01-16,ESCALATE,4,Y,2026-01-19 10:00:00,batch_003,workqueue_actions_batch_003.csv
50515,3956,17,2026-01-14,NOTE,3,Y,2026-01-19 10:00:00,batch_003,workqueue_actions_batch_003.csv
50516,4428,9,2026-01-17,ESCALATE,1,Y,2026-01-19 10:00:00,batch_003,workqueue_actions_batch_003.csv
50517,3646,1,2026-01-14,ESCALATE,0,N,2026-01-19 10:00:00,batch_003,workqueue_actions_batch_003.csv
50518,3752,18,2026-01-17,NOTE,3,Y,2026-01-19 10:00:00,batch_003,workqueue_actions_batch_003.csv
50519,4255,3,2026-01-15,REVIEW,0,Y,2026-01-19 10:00:00,batch_003,workqueue_actions_batch_003.csv
50520,2494,12,2026-01-15,CALL,1,N,2026-01-19 10:00:00,batch_003,workqueue_actions_batch_003.csv
50521,5241,14,2026-01-17,REVIEW,4,N,2026-01-19 10:00:00,batch_003,workqueue_actions_batch_003.csv
50522,2660,7,2026-01-19,REVIEW,3,N,2026-01-19 10:00:00,batch_003,workqueue_actions_batch_003.csv
50523,3379,5,2026-01-18,CALL,0,Y,2026-01-19 10:00:00,batch_003,workqueue_actions_batch_003.csv
50524,3963,17,2026-01-18,CALL,2,N,2026-01-19 10:00:00,batch_003,workqueue_actions_batch_003.csv
50525,2084,14,2026-01-16,ESCALATE,2,Y,2026-01-19 10:00:00,batch_003,workqueue_actions_batch_003.csv
50526,4677,14,2026-01-16,CALL,0,Y,2026-01-19 10:00:00,batch_003,workqueue_actions_batch_003.csv
50527,3252,9,2026-01-14,ESCALATE,2,Y,2026-01-19 10:00:00,batch_003,workqueue_actions_batch_003.csv
50528,2565,19,2026-01-17,REVIEW,0,Y,2026-01-19 10:00:00,batch_003,workqueue_actions_batch_003.csv
50529,3024,20,2026-01-18,REVIEW,1,N,2026-01-19 10:00:00,batch_003,workqueue_actions_batch_003.csv
50530,5354,1,2026-01-15,CALL,3,N,2026-01-19 10:00:00,batch_003,workqueue_actions_batch_003.csv
50531,1742,2,2026-01-16,CALL,2,N,2026-01-19 10:00:00,batch_003,workqueue_actions_batch_003.csv
50532,2577,15,2026-01-16,NOTE,1,Y,2026-01-19 10:00:00,batch_003,workqueue_actions_batch_003.csv
50533,5317,5,2026-01-17,NOTE,2,N,2026-01-19 10:00:00,batch_003,workqueue_actions_batch_003.csv
50534,1072,2,2026-01-16,CALL,4,N,2026-01-19 10:00:00,batch_003,workqueue_actions_batch_003.csv
50535,4429,19,2026-01-14,ESCALATE,0,N,2026-01-19 10:00:00,batch_003,workqueue_actions_batch_003.csv
50536,2244,14,2026-01-18,REVIEW,4,Y,2026-01-19 10:00:00,batch_003,workqueue_actions_batch_003.csv
50537,3783,10,2026-01-14,REVIEW,4,Y,2026-01-19 10:00:00,batch_003,workqueue_actions_batch_003.csv
50538,3205,2,2026-01-14,NOTE,3,N,2026-01-19 10:00:00,batch_003,workqueue_actions_batch_003.csv
50539,1115,17,2026-01-16,REVIEW,3,N,2026-01-19 10:00:00,batch_003,workqueue_actions_batch_003.csv
50540,2412,14,2026-01-14,REVIEW,2,N,2026-01-19 10:00:00,batch_003,workqueue_actions_batch_003.csv
50541,1907,3,2026-01-16,ESCALATE,1,Y,2026-01-19 10:00:00,batch_003,workqueue_actions_batch_003.csv
50542,5244,15,2026-01-18,CALL,0,Y,2026-01-19 10:00:00,batch_003,workqueue_actions_batch_003.csv
50543,3427,2,2026-01-15,CALL,0,Y,2026-01-19 10:00:00,batch_003,workqueue_actions_batch_003.csv
50544,1557,13,2026-01-18,ESCALATE,4,Y,2026-01-19 10:00:00,batch_003,workqueue_actions_batch_003.csv
50545,1324,20,2026-01-15,REVIEW,4,Y,2026-01-19 10:00:00,batch_003,workqueue_actions_batch_003.csv
50546,3307,2,2026-01-19,NOTE,1,Y,2026-01-19 10:00:00,batch_003,workqueue_actions_batch_003.csv
50547,3088,16,2026-01-18,REVIEW,2,N,2026-01-19 10:00:00,batch_003,workqueue_actions_batch_003.csv
50548,1254,6,2026-01-19,NOTE,4,Y,2026-01-19 10:00:00,batch_003,workqueue_actions_batch_003.csv
50549,2896,1,2026-01-17,CALL,0,Y,2026-01-19 10:00:00,batch_003,workqueue_actions_batch_003.csv
50550,3888,15,2026-01-16,CALL,3,N,2026-01-19 10:00:00,batch_003,workqueue_actions_batch_003.csv
50551,1797,18,2026-01-15,NOTE,2,Y,2026-01-19 10:00:00,batch_003,workqueue_actions_batch_003.csv
50552,4103,2,2026-01-18,CALL,4,N,2026-01-19 10:00:00,batch_003,workqueue_actions_batch_003.csv
50553,1166,1,2026-01-18,NOTE,2,Y,2026-01-19 10:00:00,batch_003,workqueue_actions_batch_003.csv
50554,5076,6,2026-01-16,REVIEW,2,Y,2026-01-19 10:00:00,batch_003,workqueue_actions_batch_003.csv
50555,3808,8,2026-01-16,ESCALATE,1,Y,2026-01-19 10:00:00,batch_003,workqueue_actions_batch_003.csv
50556,3301,19,2026-01-16,NOTE,0,N,2026-01-19 10:00:00,batch_003,workqueue_actions_batch_003.csv
50557,3553,5,2026-01-15,NOTE,0,Y,2026-01-19 10:00:00,batch_003,workqueue_actions_batch_003.csv
50558,5113,2,2026-01-19,ESCALATE,4,Y,2026-01-19 10:00:00,batch_003,workqueue_actions_batch_003.csv
50559,3376,2,2026-01-16,ESCALATE,4,Y,2026-01-19 10:00:00,batch_003,workqueue_actions_batch_003.csv
50560,4512,1,2026-01-15,REVIEW,3,N,2026-01-19 10:00:00,batch_003,workqueue_actions_batch_003.csv
50561,5300,20,2026-01-14,REVIEW,0,N,2026-01-19 10:00:00,batch_003,workqueue_actions_batch_003.csv
50562,1003,17,2026-01-18,ESCALATE,0,Y,2026-01-19 10:00:00,batch_003,workqueue_actions_batch_003.csv
50563,5278,3,2026-01-19,NOTE,1,Y,2026-01-19 10:00:00,batch_003,workqueue_actions_batch_003.csv
50564,1146,5,2026-01-17,ESCALATE,3,Y,2026-01-19 10:00:00,batch_003,workqueue_actions_batch_003.csv
50565,3696,19,2026-01-16,ESCALATE,4,N,2026-01-19 10:00:00,batch_003,workqueue_actions_batch_003.csv
50566,4285,18,2026-01-14,NOTE,1,Y,2026-01-19 10:00:00,batch_003,workqueue_actions_batch_003.csv
50567,5231,9,2026-01-16,NOTE,4,N,2026-01-19 10:00:00,batch_003,workqueue_actions_batch_003.csv
50568,3550,15,2026-01-18,REVIEW,3,Y,2026-01-19 10:00:00,batch_003,workqueue_actions_batch_003.csv
50569,1018,13,2026-01-14,REVIEW,1,Y,2026-01-19 10:00:00,batch_003,workqueue_actions_batch_003.csv
50570,3824,4,2026-01-16,ESCALATE,2,Y,2026-01-19 10:00:00,batch_003,workqueue_actions_batch_003.csv
50571,1433,11,2026-01-18,REVIEW,0,N,2026-01-19 10:00:00,batch_003,workqueue_actions_batch_003.csv
50572,4909,2,2026-01-14,REVIEW,2,N,2026-01-19 10:00:00,batch_003,workqueue_actions_batch_003.csv
50573,3681,17,2026-01-14,NOTE,3,Y,2026-01-19 10:00:00,batch_003,workqueue_actions_batch_003.csv
50574,3940,17,2026-01-16,REVIEW,3,Y,2026-01-19 10:00:00,batch_003,workqueue_actions_batch_003.csv
50575,5105,15,2026-01-16,ESCALATE,1,N,2026-01-19 10:00:00,batch_003,workqueue_actions_batch_003.csv
50576,1984,3,2026-01-14,CALL,2,Y,2026-01-19 10:00:00,batch_003,workqueue_actions_batch_003.csv
50577,1992,5,2026-01-17,ESCALATE,1,N,2026-01-19 10:00:00,batch_003,workqueue_actions_batch_003.csv
50578,1385,3,2026-01-19,NOTE,0,N,2026-01-19 10:00:00,batch_003,workqueue_actions_batch_003.csv
50579,5078,1,2026-01-17,ESCALATE,4,Y,2026-01-19 10:00:00,batch_003,workqueue_actions_batch_003.csv
50580,5457,4,2026-01-19,NOTE,2,N,2026-01-19 10:00:00,batch_003,workqueue_actions_batch_003.csv
50581,4147,18,2026-01-18,REVIEW,0,N,2026-01-19 10:00:00,batch_003,workqueue_actions_batch_003.csv
50582,1014,11,2026-01-15,NOTE,2,N,2026-01-19 10:00:00,batch_003,workqueue_actions_batch_003.csv
50583,4351,12,2026-01-18,REVIEW,1,Y,2026-01-19 10:00:00,batch_003,workqueue_actions_batch_003.csv
50584,1144,13,2026-01-19,REVIEW,0,Y,2026-01-19 10:00:00,batch_003,workqueue_actions_batch_003.csv
50585,3865,14,2026-01-19,REVIEW,4,Y,2026-01-19 10:00:00,batch_003,workqueue_actions_batch_003.csv
50586,2114,17,2026-01-16,REVIEW,1,Y,2026-01-19 10:00:00,batch_003,workqueue_actions_batch_003.csv
50587,1750,2,2026-01-14,NOTE,1,Y,2026-01-19 10:00:00,batch_003,workqueue_actions_batch_003.csv
50588,2996,18,2026-01-17,ESCALATE,3,N,2026-01-19 10:00:00,batch_003,workqueue_actions_batch_003.csv
50589,3798,12,2026-01-17,REVIEW,4,N,2026-01-19 10:00:00,batch_003,workqueue_actions_batch_003.csv
50590,2752,19,2026-01-19,ESCALATE,4,Y,2026-01-19 10:00:00,batch_003,workqueue_actions_batch_003.csv
50591,4428,8,2026-01-17,CALL,4,Y,2026-01-19 10:00:00,batch_003,workqueue_actions_batch_003.csv
50592,2115,13,2026-01-17,NOTE,3,Y,2026-01-19 10:00:00,batch_003,workqueue_actions_batch_003.csv
50593,1354,14,2026-01-14,CALL,2,N,2026-01-19 10:00:00,batch_003,workqueue_actions_batch_003.csv
50594,1479,13,2026-01-14,REVIEW,3,Y,2026-01-19 10:00:00,batch_003,workqueue_actions_batch_003.csv
50595,3057,18,2026-01-14,NOTE,0,Y,2026-01-19 10:00:00,batch_003,workqueue_actions_batch_003.csv
50596,1736,5,2026-01-16,REVIEW,0,N,2026-01-19 10:00:00,batch_003,workqueue_actions_batch_003.csv
50597,3173,12,2026-01-16,NOTE,3,N,2026-01-19 10:00:00,batch_003,workqueue_actions_batch_003.csv
50598,4740,9,2026-01-19,REVIEW,0,N,2026-01-19 10:00:00,batch_003,workqueue_actions_batch_003.csv
50599,4748,15,2026-01-17,CALL,0,Y,2026-01-19 10:00:00,batch_003,workqueue_actions_batch_003.csv
50600,3696,7,2026-01-16,REVIEW,1,N,2026-01-19 10:00:00,batch_003,workqueue_actions_batch_003.csv
50601,3080,3,2026-01-16,ESCALATE,4,Y,2026-01-19 10:00:00,batch_003,workqueue_actions_batch_003.csv
50602,1794,11,2026-01-19,REVIEW,4,N,2026-01-19 10:00:00,batch_003,workqueue_actions_batch_003.csv
50603,4612,13,2026-01-15,ESCALATE,2,Y,2026-01-19 10:00:00,batch_003,workqueue_actions_batch_003.csv
50604,2154,5,2026-01-14,ESCALATE,1,Y,2026-01-19 10:00:00,batch_003,workqueue_actions_batch_003.csv
50605,2940,7,2026-01-17,ESCALATE,3,N,2026-01-19 10:00:00,batch_003,workqueue_actions_batch_003.csv
50606,2417,3,2026-01-15,NOTE,4,Y,2026-01-19 10:00:00,batch_003,workqueue_actions_batch_003.csv
50607,3896,9,2026-01-16,NOTE,3,Y,2026-01-19 10:00:00,batch_003,workqueue_actions_batch_003.csv
50608,2569,18,2026-01-14,ESCALATE,4,Y,2026-01-19 10:00:00,batch_003,workqueue_actions_batch_003.csv
50609,2753,20,2026-01-16,ESCALATE,1,Y,2026-01-19 10:00:00,batch_003,workqueue_actions_batch_003.csv
50610,3489,2,2026-01-17,NOTE,0,Y,2026-01-19 10:00:00,batch_003,workqueue_actions_batch_003.csv
50611,2704,16,2026-01-17,NOTE,2,Y,2026-01-19 10:00:00,batch_003,workqueue_actions_batch_003.csv
50612,5186,10,2026-01-15,NOTE,2,N,2026-01-19 10:00:00,batch_003,workqueue_actions_batch_003.csv
50613,3039,9,2026-01-15,CALL,0,N,2026-01-19 10:00:00,batch_003,workqueue_actions_batch_003.csv
50614,4490,12,2026-01-17,CALL,0,Y,2026-01-19 10:00:00,batch_003,workqueue_actions_batch_003.csv
50615,2545,1,2026-01-14,REVIEW,0,Y,2026-01-19 10:00:00,batch_003,workqueue_actions_batch_003.csv
50616,1039,16,2026-01-18,REVIEW,1,N,2026-01-19 10:00:00,batch_003,workqueue_actions_batch_003.csv
50617,1832,19,2026-01-19,CALL,1,Y,2026-01-19 10:00:00,batch_003,workqueue_actions_batch_003.csv
50618,4532,6,2026-01-18,ESCALATE,4,Y,2026-01-19 10:00:00,batch_003,workqueue_actions_batch_003.csv
50619,2276,10,2026-01-18,ESCALATE,2,N,2026-01-19 10:00:00,batch_003,workqueue_actions_batch_003.csv
50620,2293,9,2026-01-16,ESCALATE,4,N,2026-01-19 10:00:00,batch_003,workqueue_actions_batch_003.csv
50621,3953,5,2026-01-15,NOTE,2,N,2026-01-19 10:00:00,batch_003,workqueue_actions_batch_003.csv
50622,4299,15,2026-01-17,CALL,4,N,2026-01-19 10:00:00,batch_003,workqueue_actions_batch_003.csv
50623,2113,10,2026-01-16,ESCALATE,1,N,2026-01-19 10:00:00,batch_003,workqueue_actions_batch_003.csv
50624,1138,6,2026-01-18,NOTE,2,Y,2026-01-19 10:00:00,batch_003,workqueue_actions_batch_003.csv
50625,3658,6,2026-01-17,NOTE,1,N,2026-01-19 10:00:00,batch_003,workqueue_actions_batch_003.csv
50626,2518,4,2026-01-16,ESCALATE,2,N,2026-01-19 10:00:00,batch_003,workqueue_actions_batch_003.csv
50627,1521,9,2026-01-19,REVIEW,1,Y,2026-01-19 10:00:00,batch_003,workqueue_actions_batch_003.csv
50628,3181,5,2026-01-15,REVIEW,2,Y,2026-01-19 10:00:00,batch_003,workqueue_actions_batch_003.csv
50629,5244,5,2026-01-18,REVIEW,4,N,2026-01-19 10:00:00,batch_003,workqueue_actions_batch_003.csv
50630,3095,3,2026-01-19,REVIEW,3,N,2026-01-19 10:00:00,batch_003,workqueue_actions_batch_003.csv
50631,5104,19,2026-01-18,NOTE,2,N,2026-01-19 10:00:00,batch_003,workqueue_actions_batch_003.csv
50632,3620,20,2026-01-17,CALL,1,N,2026-01-19 10:00:00,batch_003,workqueue_actions_batch_003.csv
50633,4458,13,2026-01-17,NOTE,4,N,2026-01-19 10:00:00,batch_003,workqueue_actions_batch_003.csv
50634,3446,14,2026-01-14,NOTE,1,N,2026-01-19 10:00:00,batch_003,workqueue_actions_batch_003.csv
50635,1858,6,2026-01-18,NOTE,0,N,2026-01-19 10:00:00,batch_003,workqueue_actions_batch_003.csv
50636,2372,16,2026-01-16,CALL,0,Y,2026-01-19 10:00:00,batch_003,workqueue_actions_batch_003.csv
50637,4266,3,2026-01-18,ESCALATE,1,Y,2026-01-19 10:00:00,batch_003,workqueue_actions_batch_003.csv
50638,5187,19,2026-01-19,REVIEW,4,N,2026-01-19 10:00:00,batch_003,workqueue_actions_batch_003.csv
50639,1365,9,2026-01-14,CALL,0,N,2026-01-19 10:00:00,batch_003,workqueue_actions_batch_003.csv
50640,3345,7,2026-01-17,CALL,3,Y,2026-01-19 10:00:00,batch_003,workqueue_actions_batch_003.csv
50641,3263,8,2026-01-16,ESCALATE,2,N,2026-01-19 10:00:00,batch_003,workqueue_actions_batch_003.csv
50642,2084,18,2026-01-17,NOTE,1,N,2026-01-19 10:00:00,batch_003,workqueue_actions_batch_003.csv
50643,2572,1,2026-01-14,NOTE,2,N,2026-01-19 10:00:00,batch_003,workqueue_actions_batch_003.csv
50644,3198,11,2026-01-15,CALL,1,Y,2026-01-19 10:00:00,batch_003,workqueue_actions_batch_003.csv
50645,2463,18,2026-01-17,CALL,0,N,2026-01-19 10:00:00,batch_003,workqueue_actions_batch_003.csv
50646,1645,19,2026-01-16,ESCALATE,0,Y,2026-01-19 10:00:00,batch_003,workqueue_actions_batch_003.csv
50647,1485,1,2026-01-17,ESCALATE,0,N,2026-01-19 10:00:00,batch_003,workqueue_actions_batch_003.csv
50648,4742,12,2026-01-16,REVIEW,1,N,2026-01-19 10:00:00,batch_003,workqueue_actions_batch_003.csv
50649,2737,3,2026-01-15,CALL,2,Y,2026-01-19 10:00:00,batch_003,workqueue_actions_batch_003.csv
50650,3565,1,2026-01-14,NOTE,2,Y,2026-01-19 10:00:00,batch_003,workqueue_actions_batch_003.csv
50651,4567,4,2026-01-19,REVIEW,1,Y,2026-01-19 10:00:00,batch_003,workqueue_actions_batch_003.csv
50652,1597,2,2026-01-17,REVIEW,0,N,2026-01-19 10:00:00,batch_003,workqueue_actions_batch_003.csv
50653,1430,16,2026-01-18,NOTE,1,Y,2026-01-19 10:00:00,batch_003,workqueue_actions_batch_003.csv
50654,5323,2,2026-01-16,ESCALATE,1,Y,2026-01-19 10:00:00,batch_003,workqueue_actions_batch_003.csv
50655,4075,2,2026-01-18,REVIEW,0,Y,2026-01-19 10:00:00,batch_003,workqueue_actions_batch_003.csv
50656,3758,2,2026-01-15,ESCALATE,3,N,2026-01-19 10:00:00,batch_003,workqueue_actions_batch_003.csv
50657,3670,10,2026-01-17,REVIEW,0,Y,2026-01-19 10:00:00,batch_003,workqueue_actions_batch_003.csv
50658,2368,7,2026-01-17,REVIEW,4,Y,2026-01-19 10:00:00,batch_003,workqueue_actions_batch_003.csv
50659,4826,15,2026-01-15,REVIEW,1,N,2026-01-19 10:00:00,batch_003,workqueue_actions_batch_003.csv
50660,4100,9,2026-01-17,ESCALATE,0,N,2026-01-19 10:00:00,batch_003,workqueue_actions_batch_003.csv
50661,4158,7,2026-01-14,CALL,4,Y,2026-01-19 10:00:00,batch_003,workqueue_actions_batch_003.csv
50662,3272,14,2026-01-15,NOTE,3,N,2026-01-19 10:00:00,batch_003,workqueue_actions_batch_003.csv
50663,2188,6,2026-01-17,NOTE,3,N,2026-01-19 10:00:00,batch_003,workqueue_actions_batch_003.csv
50664,2713,17,2026-01-19,NOTE,1,Y,2026-01-19 10:00:00,batch_003,workqueue_actions_batch_003.csv
50665,1757,18,2026-01-18,NOTE,1,N,2026-01-19 10:00:00,batch_003,workqueue_actions_batch_003.csv
50666,1964,1,2026-01-14,NOTE,0,Y,2026-01-19 10:00:00,batch_003,workqueue_actions_batch_003.csv
50667,3073,5,2026-01-16,NOTE,4,Y,2026-01-19 10:00:00,batch_003,workqueue_actions_batch_003.csv
50668,1052,2,2026-01-17,CALL,2,Y,2026-01-19 10:00:00,batch_003,workqueue_actions_batch_003.csv
50669,4075,13,2026-01-19,CALL,2,N,2026-01-19 10:00:00,batch_003,workqueue_actions_batch_003.csv
50670,1552,16,2026-01-19,REVIEW,3,Y,2026-01-19 10:00:00,batch_003,workqueue_actions_batch_003.csv
50671,2916,2,2026-01-19,REVIEW,3,N,2026-01-19 10:00:00,batch_003,workqueue_actions_batch_003.csv
50672,5071,9,2026-01-15,REVIEW,3,N,2026-01-19 10:00:00,batch_003,workqueue_actions_batch_003.csv
50673,4670,20,2026-01-18,CALL,2,Y,2026-01-19 10:00:00,batch_003,workqueue_actions_batch_003.csv
50674,2104,7,2026-01-19,NOTE,2,Y,2026-01-19 10:00:00,batch_003,workqueue_actions_batch_003.csv
50675,3036,5,2026-01-17,CALL,3,Y,2026-01-19 10:00:00,batch_003,workqueue_actions_batch_003.csv
50676,2100,16,2026-01-18,CALL,0,Y,2026-01-19 10:00:00,batch_003,workqueue_actions_batch_003.csv
50677,2491,12,2026-01-19,NOTE,3,N,2026-01-19 10:00:00,batch_003,workqueue_actions_batch_003.csv
50678,3128,18,2026-01-15,REVIEW,2,Y,2026-01-19 10:00:00,batch_003,workqueue_actions_batch_003.csv
50679,4395,8,2026-01-19,NOTE,2,N,2026-01-19 10:00:00,batch_003,workqueue_actions_batch_003.csv
50680,1836,13,2026-01-14,ESCALATE,4,N,2026-01-19 10:00:00,batch_003,workqueue_actions_batch_003.csv
50681,4620,17,2026-01-19,CALL,2,Y,2026-01-19 10:00:00,batch_003,workqueue_actions_batch_003.csv
50682,3142,7,2026-01-17,CALL,3,N,2026-01-19 10:00:00,batch_003,workqueue_actions_batch_003.csv
50683,2778,9,2026-01-19,CALL,1,Y,2026-01-19 10:00:00,batch_003,workqueue_actions_batch_003.csv
50684,4075,2,2026-01-14,ESCALATE,2,N,2026-01-19 10:00:00,batch_003,workqueue_actions_batch_003.csv
50685,1536,9,2026-01-16,ESCALATE,3,N,2026-01-19 10:00:00,batch_003,workqueue_actions_batch_003.csv
50686,5057,14,2026-01-16,ESCALATE,2,N,2026-01-19 10:00:00,batch_003,workqueue_actions_batch_003.csv
50687,2106,12,2026-01-17,NOTE,0,Y,2026-01-19 10:00:00,batch_003,workqueue_actions_batch_003.csv
50688,3736,14,2026-01-16,CALL,3,Y,2026-01-19 10:00:00,batch_003,workqueue_actions_batch_003.csv
50689,1095,6,2026-01-18,REVIEW,4,N,2026-01-19 10:00:00,batch_003,workqueue_actions_batch_003.csv
50690,1096,14,2026-01-16,NOTE,3,Y,2026-01-19 10:00:00,batch_003,workqueue_actions_batch_003.csv
50691,5160,20,2026-01-17,ESCALATE,3,Y,2026-01-19 10:00:00,batch_003,workqueue_actions_batch_003.csv
50692,4956,19,2026-01-15,REVIEW,3,N,2026-01-19 10:00:00,batch_003,workqueue_actions_batch_003.csv
50693,3545,9,2026-01-19,CALL,1,N,2026-01-19 10:00:00,batch_003,workqueue_actions_batch_003.csv
50694,3108,20,2026-01-19,REVIEW,1,Y,2026-01-19 10:00:00,batch_003,workqueue_actions_batch_003.csv
50695,2345,20,2026-01-17,REVIEW,2,N,2026-01-19 10:00:00,batch_003,workqueue_actions_batch_003.csv
50696,1217,5,2026-01-15,NOTE,2,N,2026-01-19 10:00:00,batch_003,workqueue_actions_batch_003.csv
50697,4847,8,2026-01-19,CALL,1,Y,2026-01-19 10:00:00,batch_003,workqueue_actions_batch_003.csv
50698,5348,19,2026-01-17,ESCALATE,1,N,2026-01-19 10:00:00,batch_003,workqueue_actions_batch_003.csv
50699,1044,3,2026-01-14,REVIEW,0,Y,2026-01-19 10:00:00,batch_003,workqueue_actions_batch_003.csv
50700,1125,17,2026-01-17,CALL,2,Y,2026-01-19 10:00:00,batch_003,workqueue_actions_batch_003.csv
50701,3902,7,2026-01-16,ESCALATE,0,N,2026-01-19 10:00:00,batch_003,workqueue_actions_batch_003.csv
50702,2363,2,2026-01-16,CALL,3,N,2026-01-19 10:00:00,batch_003,workqueue_actions_batch_003.csv
50703,3807,1,2026-01-18,NOTE,3,N,2026-01-19 10:00:00,batch_003,workqueue_actions_batch_003.csv
50704,4076,1,2026-01-17,CALL,0,N,2026-01-19 10:00:00,batch_003,workqueue_actions_batch_003.csv
50705,1246,1,2026-01-18,REVIEW,2,Y,2026-01-19 10:00:00,batch_003,workqueue_actions_batch_003.csv
50706,3499,10,2026-01-15,CALL,0,N,2026-01-19 10:00:00,batch_003,workqueue_actions_batch_003.csv
50707,2911,16,2026-01-17,REVIEW,1,N,2026-01-19 10:00:00,batch_003,workqueue_actions_batch_003.csv
50708,1476,19,2026-01-18,ESCALATE,1,N,2026-01-19 10:00:00,batch_003,workqueue_actions_batch_003.csv
50709,4292,8,2026-01-19,CALL,4,Y,2026-01-19 10:00:00,batch_003,workqueue_actions_batch_003.csv
50710,2956,2,2026-01-14,NOTE,4,Y,2026-01-19 10:00:00,batch_003,workqueue_actions_batch_003.csv
50711,2449,4,2026-01-15,ESCALATE,3,N,2026-01-19 10:00:00,batch_003,workqueue_actions_batch_003.csv
50712,3092,8,2026-01-17,REVIEW,0,N,2026-01-19 10:00:00,batch_003,workqueue_actions_batch_003.csv
50713,3749,12,2026-01-19,REVIEW,2,Y,2026-01-19 10:00:00,batch_003,workqueue_actions_batch_003.csv
50714,4608,5,2026-01-17,CALL,4,N,2026-01-19 10:00:00,batch_003,workqueue_actions_batch_003.csv
50715,3998,12,2026-01-19,ESCALATE,3,N,2026-01-19 10:00:00,batch_003,workqueue_actions_batch_003.csv
50716,3016,14,2026-01-19,ESCALATE,0,N,2026-01-19 10:00:00,batch_003,workqueue_actions_batch_003.csv
50717,4137,1,2026-01-18,NOTE,3,N,2026-01-19 10:00:00,batch_003,workqueue_actions_batch_003.csv
50718,4817,1,2026-01-17,REVIEW,3,N,2026-01-19 10:00:00,batch_003,workqueue_actions_batch_003.csv
50719,1480,7,2026-01-14,REVIEW,0,N,2026-01-19 10:00:00,batch_003,workqueue_actions_batch_003.csv
50720,3443,12,2026-01-16,REVIEW,1,N,2026-01-19 10:00:00,batch_003,workqueue_actions_batch_003.csv
50721,1610,14,2026-01-14,NOTE,1,Y,2026-01-19 10:00:00,batch_003,workqueue_actions_batch_003.csv
50722,5070,2,2026-01-18,REVIEW,0,Y,2026-01-19 10:00:00,batch_003,workqueue_actions_batch_003.csv
50723,2952,15,2026-01-19,CALL,0,Y,2026-01-19 10:00:00,batch_003,workqueue_actions_batch_003.csv
50724,2436,10,2026-01-15,ESCALATE,2,N,2026-01-19 10:00:00,batch_003,workqueue_actions_batch_003.csv
50725,4689,8,2026-01-15,NOTE,4,N,2026-01-19 10:00:00,batch_003,workqueue_actions_batch_003.csv
50726,1722,2,2026-01-17,NOTE,3,N,2026-01-19 10:00:00,batch_003,workqueue_actions_batch_003.csv
50727,5388,3,2026-01-17,CALL,2,Y,2026-01-19 10:00:00,batch_003,workqueue_actions_batch_003.csv
50728,5077,15,2026-01-18,CALL,1,Y,2026-01-19 10:00:00,batch_003,workqueue_actions_batch_003.csv
50729,2294,5,2026-01-17,NOTE,2,Y,2026-01-19 10:00:00,batch_003,workqueue_actions_batch_003.csv
50730,2366,8,2026-01-19,CALL,4,N,2026-01-19 10:00:00,batch_003,workqueue_actions_batch_003.csv
50731,3807,20,2026-01-16,REVIEW,2,N,2026-01-19 10:00:00,batch_003,workqueue_actions_batch_003.csv
50732,3147,17,2026-01-17,ESCALATE,0,Y,2026-01-19 10:00:00,batch_003,workqueue_actions_batch_003.csv
50733,2487,15,2026-01-16,ESCALATE,1,N,2026-01-19 10:00:00,batch_003,workqueue_actions_batch_003.csv
50734,4647,4,2026-01-15,REVIEW,4,N,2026-01-19 10:00:00,batch_003,workqueue_actions_batch_003.csv
50735,5028,11,2026-01-15,CALL,0,N,2026-01-19 10:00:00,batch_003,workqueue_actions_batch_003.csv
50736,5261,16,2026-01-14,CALL,1,Y,2026-01-19 10:00:00,batch_003,workqueue_actions_batch_003.csv
50737,2883,16,2026-01-15,NOTE,4,N,2026-01-19 10:00:00,batch_003,workqueue_actions_batch_003.csv
50738,3537,17,2026-01-17,NOTE,0,N,2026-01-19 10:00:00,batch_003,workqueue_actions_batch_003.csv
50739,1761,6,2026-01-15,REVIEW,3,Y,2026-01-19 10:00:00,batch_003,workqueue_actions_batch_003.csv
50740,4029,5,2026-01-18,NOTE,2,N,2026-01-19 10:00:00,batch_003,workqueue_actions_batch_003.csv
50741,2393,9,2026-01-17,REVIEW,3,N,2026-01-19 10:00:00,batch_003,workqueue_actions_batch_003.csv
50742,4092,9,2026-01-15,CALL,0,N,2026-01-19 10:00:00,batch_003,workqueue_actions_batch_003.csv
50743,5260,19,2026-01-15,NOTE,3,Y,2026-01-19 10:00:00,batch_003,workqueue_actions_batch_003.csv
50744,1463,16,2026-01-17,ESCALATE,2,N,2026-01-19 10:00:00,batch_003,workqueue_actions_batch_003.csv
50745,5310,15,2026-01-15,CALL,0,Y,2026-01-19 10:00:00,batch_003,workqueue_actions_batch_003.csv
50746,2995,12,2026-01-17,CALL,0,N,2026-01-19 10:00:00,batch_003,workqueue_actions_batch_003.csv
50747,3635,14,2026-01-18,NOTE,1,Y,2026-01-19 10:00:00,batch_003,workqueue_actions_batch_003.csv
50748,4250,14,2026-01-15,ESCALATE,2,N,2026-01-19 10:00:00,batch_003,workqueue_actions_batch_003.csv
50749,4614,1,2026-01-17,REVIEW,4,N,2026-01-19 10:00:00,batch_003,workqueue_actions_batch_003.csv
50750,5000,13,2026-01-16,NOTE,1,N,2026-01-19 10:00:00,batch_003,workqueue_actions_batch_003.csv
50751,1226,19,2026-01-18,CALL,2,N,2026-01-19 10:00:00,batch_003,workqueue_actions_batch_003.csv
50752,4564,19,2026-01-18,CALL,1,Y,2026-01-19 10:00:00,batch_003,workqueue_actions_batch_003.csv
50753,3036,9,2026-01-17,CALL,0,N,2026-01-19 10:00:00,batch_003,workqueue_actions_batch_003.csv
50754,4712,10,2026-01-16,ESCALATE,0,Y,2026-01-19 10:00:00,batch_003,workqueue_actions_batch_003.csv
50755,1654,16,2026-01-15,CALL,2,N,2026-01-19 10:00:00,batch_003,workqueue_actions_batch_003.csv
50756,2792,14,2026-01-19,CALL,4,Y,2026-01-19 10:00:00,batch_003,workqueue_actions_batch_003.csv
50757,1232,16,2026-01-17,NOTE,4,Y,2026-01-19 10:00:00,batch_003,workqueue_actions_batch_003.csv
50758,2286,8,2026-01-14,CALL,0,N,2026-01-19 10:00:00,batch_003,workqueue_actions_batch_003.csv
50759,4475,17,2026-01-15,NOTE,2,N,2026-01-19 10:00:00,batch_003,workqueue_actions_batch_003.csv
50760,2691,1,2026-01-16,NOTE,3,Y,2026-01-19 10:00:00,batch_003,workqueue_actions_batch_003.csv
50761,3897,19,2026-01-19,NOTE,1,Y,2026-01-19 10:00:00,batch_003,workqueue_actions_batch_003.csv
50762,3894,12,2026-01-17,NOTE,0,Y,2026-01-19 10:00:00,batch_003,workqueue_actions_batch_003.csv
50763,4576,20,2026-01-15,ESCALATE,1,N,2026-01-19 10:00:00,batch_003,workqueue_actions_batch_003.csv
50764,2378,9,2026-01-18,CALL,0,Y,2026-01-19 10:00:00,batch_003,workqueue_actions_batch_003.csv
50765,2450,13,2026-01-15,NOTE,0,N,2026-01-19 10:00:00,batch_003,workqueue_actions_batch_003.csv
50766,4841,14,2026-01-19,ESCALATE,3,N,2026-01-19 10:00:00,batch_003,workqueue_actions_batch_003.csv
50767,2665,2,2026-01-18,NOTE,0,Y,2026-01-19 10:00:00,batch_003,workqueue_actions_batch_003.csv
50768,2137,5,2026-01-19,NOTE,4,N,2026-01-19 10:00:00,batch_003,workqueue_actions_batch_003.csv
50769,4300,13,2026-01-18,NOTE,3,N,2026-01-19 10:00:00,batch_003,workqueue_actions_batch_003.csv
50770,1681,1,2026-01-15,REVIEW,4,N,2026-01-19 10:00:00,batch_003,workqueue_actions_batch_003.csv
50771,1018,13,2026-01-16,CALL,1,Y,2026-01-19 10:00:00,batch_003,workqueue_actions_batch_003.csv
50772,5022,14,2026-01-19,NOTE,1,N,2026-01-19 10:00:00,batch_003,workqueue_actions_batch_003.csv
50773,1461,5,2026-01-19,ESCALATE,3,N,2026-01-19 10:00:00,batch_003,workqueue_actions_batch_003.csv
50774,1322,4,2026-01-16,REVIEW,4,N,2026-01-19 10:00:00,batch_003,workqueue_actions_batch_003.csv
50775,3572,2,2026-01-17,NOTE,4,N,2026-01-19 10:00:00,batch_003,workqueue_actions_batch_003.csv
50776,3749,17,2026-01-14,ESCALATE,2,Y,2026-01-19 10:00:00,batch_003,workqueue_actions_batch_003.csv
50777,2247,7,2026-01-19,CALL,1,Y,2026-01-19 10:00:00,batch_003,workqueue_actions_batch_003.csv
50778,1318,4,2026-01-19,REVIEW,4,N,2026-01-19 10:00:00,batch_003,workqueue_actions_batch_003.csv
50779,3154,7,2026-01-16,ESCALATE,0,N,2026-01-19 10:00:00,batch_003,workqueue_actions_batch_003.csv
50780,5023,1,2026-01-18,CALL,2,N,2026-01-19 10:00:00,batch_003,workqueue_actions_batch_003.csv
50781,5308,10,2026-01-17,CALL,4,N,2026-01-19 10:00:00,batch_003,workqueue_actions_batch_003.csv
50782,4447,5,2026-01-17,ESCALATE,2,Y,2026-01-19 10:00:00,batch_003,workqueue_actions_batch_003.csv
50783,2896,2,2026-01-15,NOTE,3,Y,2026-01-19 10:00:00,batch_003,workqueue_actions_batch_003.csv
50784,1558,15,2026-01-15,ESCALATE,1,N,2026-01-19 10:00:00,batch_003,workqueue_actions_batch_003.csv
50785,2131,19,2026-01-18,ESCALATE,3,N,2026-01-19 10:00:00,batch_003,workqueue_actions_batch_003.csv
50786,4805,10,2026-01-15,REVIEW,3,Y,2026-01-19 10:00:00,batch_003,workqueue_actions_batch_003.csv
50787,4086,3,2026-01-19,CALL,0,N,2026-01-19 10:00:00,batch_003,workqueue_actions_batch_003.csv
50788,1793,5,2026-01-19,CALL,2,N,2026-01-19 10:00:00,batch_003,workqueue_actions_batch_003.csv
50789,1930,19,2026-01-18,NOTE,4,N,2026-01-19 10:00:00,batch_003,workqueue_actions_batch_003.csv
50790,2042,11,2026-01-14,ESCALATE,1,Y,2026-01-19 10:00:00,batch_003,workqueue_actions_batch_003.csv
50791,2755,6,2026-01-19,ESCALATE,4,N,2026-01-19 10:00:00,batch_003,workqueue_actions_batch_003.csv
50792,2077,1,2026-01-14,ESCALATE,0,N,2026-01-19 10:00:00,batch_003,workqueue_actions_batch_003.csv
50793,5344,15,2026-01-15,NOTE,3,Y,2026-01-19 10:00:00,batch_003,workqueue_actions_batch_003.csv
50794,4253,1,2026-01-19,CALL,2,Y,2026-01-19 10:00:00,batch_003,workqueue_actions_batch_003.csv
50795,2510,2,2026-01-15,CALL,1,N,2026-01-19 10:00:00,batch_003,workqueue_actions_batch_003.csv
50796,2516,14,2026-01-19,ESCALATE,2,Y,2026-01-19 10:00:00,batch_003,workqueue_actions_batch_003.csv
50797,3354,10,2026-01-18,NOTE,0,N,2026-01-19 10:00:00,batch_003,workqueue_actions_batch_003.csv
50798,3760,19,2026-01-16,NOTE,0,Y,2026-01-19 10:00:00,batch_003,workqueue_actions_batch_003.csv
50799,2425,8,2026-01-16,NOTE,3,Y,2026-01-19 10:00:00,batch_003,workqueue_actions_batch_003.csv
50800,5382,13,2026-01-18,ESCALATE,2,Y,2026-01-19 10:00:00,batch_003,workqueue_actions_batch_003.csv
50801,1688,17,2026-01-18,CALL,0,Y,2026-01-19 10:00:00,batch_003,workqueue_actions_batch_003.csv
50802,1405,7,2026-01-15,ESCALATE,0,Y,2026-01-19 10:00:00,batch_003,workqueue_actions_batch_003.csv
50803,1065,17,2026-01-17,CALL,2,N,2026-01-19 10:00:00,batch_003,workqueue_actions_batch_003.csv
50804,1053,9,2026-01-16,ESCALATE,1,Y,2026-01-19 10:00:00,batch_003,workqueue_actions_batch_003.csv
50805,3844,6,2026-01-15,ESCALATE,4,N,2026-01-19 10:00:00,batch_003,workqueue_actions_batch_003.csv
50806,3748,12,2026-01-18,REVIEW,0,N,2026-01-19 10:00:00,batch_003,workqueue_actions_batch_003.csv
50807,4390,19,2026-01-19,CALL,1,Y,2026-01-19 10:00:00,batch_003,workqueue_actions_batch_003.csv
50808,3003,4,2026-01-14,REVIEW,2,N,2026-01-19 10:00:00,batch_003,workqueue_actions_batch_003.csv
50809,2349,18,2026-01-15,CALL,2,Y,2026-01-19 10:00:00,batch_003,workqueue_actions_batch_003.csv
50810,4012,13,2026-01-18,CALL,2,N,2026-01-19 10:00:00,batch_003,workqueue_actions_batch_003.csv
50811,2966,11,2026-01-18,REVIEW,4,Y,2026-01-19 10:00:00,batch_003,workqueue_actions_batch_003.csv
50812,4854,2,2026-01-14,NOTE,4,Y,2026-01-19 10:00:00,batch_003,workqueue_actions_batch_003.csv
50813,4534,7,2026-01-16,REVIEW,2,Y,2026-01-19 10:00:00,batch_003,workqueue_actions_batch_003.csv
50814,2638,7,2026-01-17,ESCALATE,0,N,2026-01-19 10:00:00,batch_003,workqueue_actions_batch_003.csv
50815,2853,15,2026-01-19,CALL,0,N,2026-01-19 10:00:00,batch_003,workqueue_actions_batch_003.csv
50816,3119,3,2026-01-16,REVIEW,0,Y,2026-01-19 10:00:00,batch_003,workqueue_actions_batch_003.csv
50817,2183,1,2026-01-16,REVIEW,0,N,2026-01-19 10:00:00,batch_003,workqueue_actions_batch_003.csv
50818,2871,10,2026-01-14,CALL,2,N,2026-01-19 10:00:00,batch_003,workqueue_actions_batch_003.csv
50819,4708,17,2026-01-18,REVIEW,2,N,2026-01-19 10:00:00,batch_003,workqueue_actions_batch_003.csv
50820,1596,17,2026-01-18,CALL,2,N,2026-01-19 10:00:00,batch_003,workqueue_actions_batch_003.csv
50821,2583,10,2026-01-14,CALL,4,Y,2026-01-19 10:00:00,batch_003,workqueue_actions_batch_003.csv
50822,5041,20,2026-01-17,REVIEW,3,Y,2026-01-19 10:00:00,batch_003,workqueue_actions_batch_003.csv
50823,4164,10,2026-01-16,NOTE,3,N,2026-01-19 10:00:00,batch_003,workqueue_actions_batch_003.csv
50824,3644,15,2026-01-14,CALL,2,Y,2026-01-19 10:00:00,batch_003,workqueue_actions_batch_003.csv
50825,1674,19,2026-01-14,CALL,0,Y,2026-01-19 10:00:00,batch_003,workqueue_actions_batch_003.csv
50826,3459,12,2026-01-15,CALL,0,Y,2026-01-19 10:00:00,batch_003,workqueue_actions_batch_003.csv
50827,4779,13,2026-01-19,REVIEW,0,Y,2026-01-19 10:00:00,batch_003,workqueue_actions_batch_003.csv
50828,4114,20,2026-01-15,NOTE,3,Y,2026-01-19 10:00:00,batch_003,workqueue_actions_batch_003.csv
50829,1022,1,2026-01-15,CALL,3,N,2026-01-19 10:00:00,batch_003,workqueue_actions_batch_003.csv
50830,4397,17,2026-01-14,ESCALATE,4,N,2026-01-19 10:00:00,batch_003,workqueue_actions_batch_003.csv
50831,1333,13,2026-01-16,CALL,4,Y,2026-01-19 10:00:00,batch_003,workqueue_actions_batch_003.csv
50832,5057,17,2026-01-15,REVIEW,0,N,2026-01-19 10:00:00,batch_003,workqueue_actions_batch_003.csv
50833,3056,18,2026-01-18,NOTE,3,N,2026-01-19 10:00:00,batch_003,workqueue_actions_batch_003.csv
50834,1361,3,2026-01-19,ESCALATE,4,N,2026-01-19 10:00:00,batch_003,workqueue_actions_batch_003.csv
50835,4523,6,2026-01-14,REVIEW,3,N,2026-01-19 10:00:00,batch_003,workqueue_actions_batch_003.csv
50836,4231,1,2026-01-18,REVIEW,1,N,2026-01-19 10:00:00,batch_003,workqueue_actions_batch_003.csv
50837,4380,14,2026-01-14,NOTE,0,Y,2026-01-19 10:00:00,batch_003,workqueue_actions_batch_003.csv
50838,4948,17,2026-01-15,ESCALATE,0,Y,2026-01-19 10:00:00,batch_003,workqueue_actions_batch_003.csv
50839,1502,7,2026-01-19,REVIEW,2,N,2026-01-19 10:00:00,batch_003,workqueue_actions_batch_003.csv
50840,1261,16,2026-01-15,NOTE,2,Y,2026-01-19 10:00:00,batch_003,workqueue_actions_batch_003.csv
50841,5153,4,2026-01-17,CALL,2,N,2026-01-19 10:00:00,batch_003,workqueue_actions_batch_003.csv
50842,1361,11,2026-01-14,REVIEW,0,Y,2026-01-19 10:00:00,batch_003,workqueue_actions_batch_003.csv
50843,5318,8,2026-01-19,NOTE,2,N,2026-01-19 10:00:00,batch_003,workqueue_actions_batch_003.csv
50844,4091,6,2026-01-15,NOTE,2,N,2026-01-19 10:00:00,batch_003,workqueue_actions_batch_003.csv
50845,1350,10,2026-01-19,CALL,3,Y,2026-01-19 10:00:00,batch_003,workqueue_actions_batch_003.csv
50846,2142,15,2026-01-14,NOTE,0,N,2026-01-19 10:00:00,batch_003,workqueue_actions_batch_003.csv
50847,3142,9,2026-01-16,REVIEW,0,N,2026-01-19 10:00:00,batch_003,workqueue_actions_batch_003.csv
50848,3331,15,2026-01-16,CALL,2,Y,2026-01-19 10:00:00,batch_003,workqueue_actions_batch_003.csv
50849,3301,1,2026-01-16,CALL,0,N,2026-01-19 10:00:00,batch_003,workqueue_actions_batch_003.csv
50850,1608,1,2026-01-17,ESCALATE,1,N,2026-01-19 10:00:00,batch_003,workqueue_actions_batch_003.csv
50851,2821,14,2026-01-16,REVIEW,1,N,2026-01-19 10:00:00,batch_003,workqueue_actions_batch_003.csv
50852,4140,5,2026-01-18,REVIEW,2,Y,2026-01-19 10:00:00,batch_003,workqueue_actions_batch_003.csv
50853,2299,11,2026-01-16,REVIEW,2,Y,2026-01-19 10:00:00,batch_003,workqueue_actions_batch_003.csv
50854,3700,9,2026-01-17,NOTE,2,Y,2026-01-19 10:00:00,batch_003,workqueue_actions_batch_003.csv
50855,4740,1,2026-01-17,REVIEW,1,N,2026-01-19 10:00:00,batch_003,workqueue_actions_batch_003.csv
50856,1964,6,2026-01-14,ESCALATE,4,Y,2026-01-19 10:00:00,batch_003,workqueue_actions_batch_003.csv
50857,2449,8,2026-01-16,ESCALATE,0,N,2026-01-19 10:00:00,batch_003,workqueue_actions_batch_003.csv
50858,4468,6,2026-01-14,ESCALATE,3,Y,2026-01-19 10:00:00,batch_003,workqueue_actions_batch_003.csv
50859,4677,19,2026-01-14,ESCALATE,3,N,2026-01-19 10:00:00,batch_003,workqueue_actions_batch_003.csv
50860,3438,5,2026-01-15,NOTE,2,Y,2026-01-19 10:00:00,batch_003,workqueue_actions_batch_003.csv
50861,2194,10,2026-01-18,CALL,0,Y,2026-01-19 10:00:00,batch_003,workqueue_actions_batch_003.csv
50862,3051,20,2026-01-14,CALL,1,N,2026-01-19 10:00:00,batch_003,workqueue_actions_batch_003.csv
50863,2634,19,2026-01-19,CALL,1,N,2026-01-19 10:00:00,batch_003,workqueue_actions_batch_003.csv
50864,4730,19,2026-01-19,REVIEW,3,N,2026-01-19 10:00:00,batch_003,workqueue_actions_batch_003.csv
50865,1476,16,2026-01-17,REVIEW,4,N,2026-01-19 10:00:00,batch_003,workqueue_actions_batch_003.csv
50866,2659,8,2026-01-15,REVIEW,0,N,2026-01-19 10:00:00,batch_003,workqueue_actions_batch_003.csv
50867,3950,5,2026-01-18,CALL,3,Y,2026-01-19 10:00:00,batch_003,workqueue_actions_batch_003.csv
50868,5011,7,2026-01-14,CALL,4,N,2026-01-19 10:00:00,batch_003,workqueue_actions_batch_003.csv
50869,3031,16,2026-01-18,NOTE,0,N,2026-01-19 10:00:00,batch_003,workqueue_actions_batch_003.csv
50870,5162,17,2026-01-19,REVIEW,4,Y,2026-01-19 10:00:00,batch_003,workqueue_actions_batch_003.csv
50871,3786,17,2026-01-19,CALL,4,N,2026-01-19 10:00:00,batch_003,workqueue_actions_batch_003.csv
50872,1392,6,2026-01-15,REVIEW,3,N,2026-01-19 10:00:00,batch_003,workqueue_actions_batch_003.csv
50873,1014,3,2026-01-17,CALL,4,N,2026-01-19 10:00:00,batch_003,workqueue_actions_batch_003.csv
50874,5019,1,2026-01-15,REVIEW,2,Y,2026-01-19 10:00:00,batch_003,workqueue_actions_batch_003.csv
50875,5130,1,2026-01-15,REVIEW,4,Y,2026-01-19 10:00:00,batch_003,workqueue_actions_batch_003.csv
50876,2168,14,2026-01-16,CALL,4,N,2026-01-19 10:00:00,batch_003,workqueue_actions_batch_003.csv
50877,3601,9,2026-01-19,REVIEW,3,Y,2026-01-19 10:00:00,batch_003,workqueue_actions_batch_003.csv
50878,3403,10,2026-01-16,REVIEW,1,N,2026-01-19 10:00:00,batch_003,workqueue_actions_batch_003.csv
50879,1960,14,2026-01-16,ESCALATE,1,Y,2026-01-19 10:00:00,batch_003,workqueue_actions_batch_003.csv
50880,3181,8,2026-01-18,REVIEW,1,N,2026-01-19 10:00:00,batch_003,workqueue_actions_batch_003.csv
50881,5412,17,2026-01-17,NOTE,1,N,2026-01-19 10:00:00,batch_003,workqueue_actions_batch_003.csv
50882,4904,20,2026-01-14,CALL,4,Y,2026-01-19 10:00:00,batch_003,workqueue_actions_batch_003.csv
50883,1793,7,2026-01-16,NOTE,3,N,2026-01-19 10:00:00,batch_003,workqueue_actions_batch_003.csv
50884,3115,15,2026-01-16,CALL,3,N,2026-01-19 10:00:00,batch_003,workqueue_actions_batch_003.csv
50885,2779,6,2026-01-17,REVIEW,2,N,2026-01-19 10:00:00,batch_003,workqueue_actions_batch_003.csv
50886,1884,1,2026-01-16,NOTE,4,Y,2026-01-19 10:00:00,batch_003,workqueue_actions_batch_003.csv
50887,2216,17,2026-01-14,NOTE,2,Y,2026-01-19 10:00:00,batch_003,workqueue_actions_batch_003.csv
50888,2763,18,2026-01-15,NOTE,0,Y,2026-01-19 10:00:00,batch_003,workqueue_actions_batch_003.csv
50889,1128,5,2026-01-16,ESCALATE,1,N,2026-01-19 10:00:00,batch_003,workqueue_actions_batch_003.csv
50890,5338,15,2026-01-18,REVIEW,0,N,2026-01-19 10:00:00,batch_003,workqueue_actions_batch_003.csv
50891,1532,17,2026-01-16,ESCALATE,1,N,2026-01-19 10:00:00,batch_003,workqueue_actions_batch_003.csv
50892,5233,20,2026-01-18,NOTE,3,N,2026-01-19 10:00:00,batch_003,workqueue_actions_batch_003.csv
50893,4971,11,2026-01-18,CALL,3,Y,2026-01-19 10:00:00,batch_003,workqueue_actions_batch_003.csv
50894,4580,9,2026-01-16,NOTE,4,Y,2026-01-19 10:00:00,batch_003,workqueue_actions_batch_003.csv
50895,3400,15,2026-01-19,REVIEW,3,N,2026-01-19 10:00:00,batch_003,workqueue_actions_batch_003.csv
50896,2630,11,2026-01-17,REVIEW,3,Y,2026-01-19 10:00:00,batch_003,workqueue_actions_batch_003.csv
50897,4548,10,2026-01-14,ESCALATE,2,Y,2026-01-19 10:00:00,batch_003,workqueue_actions_batch_003.csv
50898,2567,11,2026-01-18,NOTE,3,N,2026-01-19 10:00:00,batch_003,workqueue_actions_batch_003.csv
50899,1232,13,2026-01-18,NOTE,3,Y,2026-01-19 10:00:00,batch_003,workqueue_actions_batch_003.csv
50900,3749,13,2026-01-16,ESCALATE,3,N,2026-01-19 10:00:00,batch_003,workqueue_actions_batch_003.csv
50901,1790,11,2026-01-16,ESCALATE,0,Y,2026-01-19 10:00:00,batch_003,workqueue_actions_batch_003.csv
50902,3048,12,2026-01-16,NOTE,4,Y,2026-01-19 10:00:00,batch_003,workqueue_actions_batch_003.csv
50903,1790,16,2026-01-17,NOTE,2,Y,2026-01-19 10:00:00,batch_003,workqueue_actions_batch_003.csv
50904,1308,16,2026-01-18,ESCALATE,4,Y,2026-01-19 10:00:00,batch_003,workqueue_actions_batch_003.csv
50905,5141,2,2026-01-14,REVIEW,4,N,2026-01-19 10:00:00,batch_003,workqueue_actions_batch_003.csv
50906,5408,1,2026-01-14,CALL,1,Y,2026-01-19 10:00:00,batch_003,workqueue_actions_batch_003.csv
50907,2784,5,2026-01-15,CALL,2,N,2026-01-19 10:00:00,batch_003,workqueue_actions_batch_003.csv
50908,3283,6,2026-01-14,REVIEW,2,N,2026-01-19 10:00:00,batch_003,workqueue_actions_batch_003.csv
50909,3534,9,2026-01-14,ESCALATE,3,N,2026-01-19 10:00:00,batch_003,workqueue_actions_batch_003.csv
50910,3943,14,2026-01-18,NOTE,2,Y,2026-01-19 10:00:00,batch_003,workqueue_actions_batch_003.csv
50911,5095,17,2026-01-14,NOTE,4,N,2026-01-19 10:00:00,batch_003,workqueue_actions_batch_003.csv
50912,1566,2,2026-01-16,CALL,0,Y,2026-01-19 10:00:00,batch_003,workqueue_actions_batch_003.csv
50913,4371,4,2026-01-18,ESCALATE,1,N,2026-01-19 10:00:00,batch_003,workqueue_actions_batch_003.csv
50914,4965,1,2026-01-16,CALL,1,Y,2026-01-19 10:00:00,batch_003,workqueue_actions_batch_003.csv
50915,5132,8,2026-01-16,CALL,4,Y,2026-01-19 10:00:00,batch_003,workqueue_actions_batch_003.csv
50916,5321,11,2026-01-18,CALL,4,Y,2026-01-19 10:00:00,batch_003,workqueue_actions_batch_003.csv
50917,2074,10,2026-01-14,ESCALATE,2,Y,2026-01-19 10:00:00,batch_003,workqueue_actions_batch_003.csv
50918,5221,12,2026-01-16,REVIEW,1,Y,2026-01-19 10:00:00,batch_003,workqueue_actions_batch_003.csv
50919,1021,7,2026-01-14,CALL,3,Y,2026-01-19 10:00:00,batch_003,workqueue_actions_batch_003.csv
50920,5134,19,2026-01-15,CALL,2,N,2026-01-19 10:00:00,batch_003,workqueue_actions_batch_003.csv
50921,2464,1,2026-01-15,ESCALATE,4,N,2026-01-19 10:00:00,batch_003,workqueue_actions_batch_003.csv
50922,2023,9,2026-01-17,NOTE,1,N,2026-01-19 10:00:00,batch_003,workqueue_actions_batch_003.csv
50923,5059,7,2026-01-14,ESCALATE,0,Y,2026-01-19 10:00:00,batch_003,workqueue_actions_batch_003.csv
50924,4436,6,2026-01-14,CALL,0,Y,2026-01-19 10:00:00,batch_003,workqueue_actions_batch_003.csv
50925,4485,19,2026-01-14,CALL,2,Y,2026-01-19 10:00:00,batch_003,workqueue_actions_batch_003.csv
50926,3323,9,2026-01-19,REVIEW,0,N,2026-01-19 10:00:00,batch_003,workqueue_actions_batch_003.csv
50927,3946,5,2026-01-17,ESCALATE,0,Y,2026-01-19 10:00:00,batch_003,workqueue_actions_batch_003.csv
50928,3995,10,2026-01-15,NOTE,3,Y,2026-01-19 10:00:00,batch_003,workqueue_actions_batch_003.csv
50929,3509,19,2026-01-14,CALL,4,N,2026-01-19 10:00:00,batch_003,workqueue_actions_batch_003.csv
50930,1178,11,2026-01-14,CALL,1,Y,2026-01-19 10:00:00,batch_003,workqueue_actions_batch_003.csv
50931,1724,9,2026-01-15,CALL,3,N,2026-01-19 10:00:00,batch_003,workqueue_actions_batch_003.csv
50932,2778,13,2026-01-15,CALL,0,N,2026-01-19 10:00:00,batch_003,workqueue_actions_batch_003.csv
50933,3973,6,2026-01-17,NOTE,3,N,2026-01-19 10:00:00,batch_003,workqueue_actions_batch_003.csv
50934,2195,5,2026-01-14,CALL,1,Y,2026-01-19 10:00:00,batch_003,workqueue_actions_batch_003.csv
50935,1137,14,2026-01-17,REVIEW,1,Y,2026-01-19 10:00:00,batch_003,workqueue_actions_batch_003.csv
50936,4552,16,2026-01-18,CALL,0,Y,2026-01-19 10:00:00,batch_003,workqueue_actions_batch_003.csv
50937,4557,17,2026-01-16,NOTE,4,Y,2026-01-19 10:00:00,batch_003,workqueue_actions_batch_003.csv
50938,4908,13,2026-01-18,ESCALATE,1,Y,2026-01-19 10:00:00,batch_003,workqueue_actions_batch_003.csv
50939,3548,11,2026-01-19,NOTE,1,N,2026-01-19 10:00:00,batch_003,workqueue_actions_batch_003.csv
50940,2267,5,2026-01-18,ESCALATE,3,N,2026-01-19 10:00:00,batch_003,workqueue_actions_batch_003.csv
50941,3323,11,2026-01-15,ESCALATE,0,Y,2026-01-19 10:00:00,batch_003,workqueue_actions_batch_003.csv
50942,1577,8,2026-01-15,NOTE,1,Y,2026-01-19 10:00:00,batch_003,workqueue_actions_batch_003.csv
50943,2018,19,2026-01-16,REVIEW,0,Y,2026-01-19 10:00:00,batch_003,workqueue_actions_batch_003.csv
50944,3978,11,2026-01-14,ESCALATE,2,Y,2026-01-19 10:00:00,batch_003,workqueue_actions_batch_003.csv
50945,1763,9,2026-01-16,CALL,0,N,2026-01-19 10:00:00,batch_003,workqueue_actions_batch_003.csv
50946,1606,4,2026-01-18,NOTE,1,N,2026-01-19 10:00:00,batch_003,workqueue_actions_batch_003.csv
50947,3566,8,2026-01-18,NOTE,4,N,2026-01-19 10:00:00,batch_003,workqueue_actions_batch_003.csv
50948,4396,17,2026-01-18,NOTE,4,N,2026-01-19 10:00:00,batch_003,workqueue_actions_batch_003.csv
50949,3092,10,2026-01-15,REVIEW,4,N,2026-01-19 10:00:00,batch_003,workqueue_actions_batch_003.csv
50950,3080,10,2026-01-14,REVIEW,0,N,2026-01-19 10:00:00,batch_003,workqueue_actions_batch_003.csv
50951,5113,3,2026-01-16,NOTE,1,Y,2026-01-19 10:00:00,batch_003,workqueue_actions_batch_003.csv
50952,2061,4,2026-01-19,REVIEW,4,N,2026-01-19 10:00:00,batch_003,workqueue_actions_batch_003.csv
50953,1680,10,2026-01-16,ESCALATE,0,Y,2026-01-19 10:00:00,batch_003,workqueue_actions_batch_003.csv
50954,5011,19,2026-01-18,CALL,1,Y,2026-01-19 10:00:00,batch_003,workqueue_actions_batch_003.csv
50955,4064,3,2026-01-17,ESCALATE,2,Y,2026-01-19 10:00:00,batch_003,workqueue_actions_batch_003.csv
50956,2651,19,2026-01-19,ESCALATE,3,Y,2026-01-19 10:00:00,batch_003,workqueue_actions_batch_003.csv
50957,4557,11,2026-01-19,NOTE,0,Y,2026-01-19 10:00:00,batch_003,workqueue_actions_batch_003.csv
50958,3400,9,2026-01-14,ESCALATE,1,N,2026-01-19 10:00:00,batch_003,workqueue_actions_batch_003.csv
50959,3103,2,2026-01-17,CALL,3,Y,2026-01-19 10:00:00,batch_003,workqueue_actions_batch_003.csv
50960,2920,8,2026-01-18,CALL,3,Y,2026-01-19 10:00:00,batch_003,workqueue_actions_batch_003.csv
50961,5026,16,2026-01-14,NOTE,2,N,2026-01-19 10:00:00,batch_003,workqueue_actions_batch_003.csv
50962,2054,8,2026-01-18,CALL,3,N,2026-01-19 10:00:00,batch_003,workqueue_actions_batch_003.csv
50963,4592,13,2026-01-19,REVIEW,1,Y,2026-01-19 10:00:00,batch_003,workqueue_actions_batch_003.csv
50964,4127,4,2026-01-19,CALL,1,Y,2026-01-19 10:00:00,batch_003,workqueue_actions_batch_003.csv
50965,1131,20,2026-01-15,CALL,4,Y,2026-01-19 10:00:00,batch_003,workqueue_actions_batch_003.csv
50966,2583,5,2026-01-15,REVIEW,4,Y,2026-01-19 10:00:00,batch_003,workqueue_actions_batch_003.csv
50967,1569,1,2026-01-16,REVIEW,2,Y,2026-01-19 10:00:00,batch_003,workqueue_actions_batch_003.csv
50968,2227,8,2026-01-16,NOTE,3,Y,2026-01-19 10:00:00,batch_003,workqueue_actions_batch_003.csv
50969,3306,16,2026-01-14,ESCALATE,2,Y,2026-01-19 10:00:00,batch_003,workqueue_actions_batch_003.csv
50970,5110,1,2026-01-19,ESCALATE,4,N,2026-01-19 10:00:00,batch_003,workqueue_actions_batch_003.csv
50971,2648,3,2026-01-18,NOTE,4,Y,2026-01-19 10:00:00,batch_003,workqueue_actions_batch_003.csv
50972,5028,6,2026-01-16,NOTE,4,N,2026-01-19 10:00:00,batch_003,workqueue_actions_batch_003.csv
50973,5401,17,2026-01-16,ESCALATE,0,Y,2026-01-19 10:00:00,batch_003,workqueue_actions_batch_003.csv
50974,3973,20,2026-01-19,ESCALATE,2,Y,2026-01-19 10:00:00,batch_003,workqueue_actions_batch_003.csv
50975,3722,7,2026-01-19,ESCALATE,1,N,2026-01-19 10:00:00,batch_003,workqueue_actions_batch_003.csv
50976,1488,9,2026-01-18,CALL,1,Y,2026-01-19 10:00:00,batch_003,workqueue_actions_batch_003.csv
50977,1159,10,2026-01-18,ESCALATE,0,N,2026-01-19 10:00:00,batch_003,workqueue_actions_batch_003.csv
50978,2304,5,2026-01-19,ESCALATE,1,Y,2026-01-19 10:00:00,batch_003,workqueue_actions_batch_003.csv
50979,4460,20,2026-01-18,ESCALATE,2,Y,2026-01-19 10:00:00,batch_003,workqueue_actions_batch_003.csv
50980,2920,4,2026-01-14,CALL,2,Y,2026-01-19 10:00:00,batch_003,workqueue_actions_batch_003.csv
50981,1701,3,2026-01-17,CALL,2,N,2026-01-19 10:00:00,batch_003,workqueue_actions_batch_003.csv
50982,1720,20,2026-01-19,CALL,4,N,2026-01-19 10:00:00,batch_003,workqueue_actions_batch_003.csv
50983,4477,3,2026-01-16,CALL,3,Y,2026-01-19 10:00:00,batch_003,workqueue_actions_batch_003.csv
50984,3940,10,2026-01-18,NOTE,4,N,2026-01-19 10:00:00,batch_003,workqueue_actions_batch_003.csv
50985,1143,12,2026-01-17,REVIEW,3,Y,2026-01-19 10:00:00,batch_003,workqueue_actions_batch_003.csv
50986,1219,4,2026-01-19,REVIEW,0,Y,2026-01-19 10:00:00,batch_003,workqueue_actions_batch_003.csv
50987,1844,11,2026-01-18,REVIEW,2,Y,2026-01-19 10:00:00,batch_003,workqueue_actions_batch_003.csv
50988,3827,17,2026-01-15,NOTE,3,N,2026-01-19 10:00:00,batch_003,workqueue_actions_batch_003.csv
50989,3492,8,2026-01-17,ESCALATE,3,N,2026-01-19 10:00:00,batch_003,workqueue_actions_batch_003.csv
50990,1077,17,2026-01-17,ESCALATE,3,N,2026-01-19 10:00:00,batch_003,workqueue_actions_batch_003.csv
50991,2473,3,2026-01-18,REVIEW,4,Y,2026-01-19 10:00:00,batch_003,workqueue_actions_batch_003.csv
50992,2072,5,2026-01-17,ESCALATE,1,Y,2026-01-19 10:00:00,batch_003,workqueue_actions_batch_003.csv
50993,3942,8,2026-01-19,ESCALATE,2,Y,2026-01-19 10:00:00,batch_003,workqueue_actions_batch_003.csv
50994,3640,11,2026-01-19,REVIEW,4,Y,2026-01-19 10:00:00,batch_003,workqueue_actions_batch_003.csv
50995,5327,6,2026-01-19,NOTE,1,Y,2026-01-19 10:00:00,batch_003,workqueue_actions_batch_003.csv
50996,3952,4,2026-01-15,REVIEW,1,Y,2026-01-19 10:00:00,batch_003,workqueue_actions_batch_003.csv
50997,1883,18,2026-01-19,CALL,1,N,2026-01-19 10:00:00,batch_003,workqueue_actions_batch_003.csv
50998,3835,9,2026-01-16,NOTE,1,Y,2026-01-19 10:00:00,batch_003,workqueue_actions_batch_003.csv
50999,1949,14,2026-01-18,CALL,4,Y,2026-01-19 10:00:00,batch_003,workqueue_actions_batch_003.csv
51000,1439,17,2026-01-17,REVIEW,3,Y,2026-01-19 10:00:00,batch_003,workqueue_actions_batch_003.csv
51001,2543,19,2026-01-18,NOTE,4,N,2026-01-19 10:00:00,batch_003,workqueue_actions_batch_003.csv
51002,5461,14,2026-01-14,CALL,1,N,2026-01-19 10:00:00,batch_003,workqueue_actions_batch_003.csv
51003,4392,1,2026-01-15,NOTE,3,Y,2026-01-19 10:00:00,batch_003,workqueue_actions_batch_003.csv
51004,3927,5,2026-01-17,REVIEW,3,N,2026-01-19 10:00:00,batch_003,workqueue_actions_batch_003.csv
51005,3373,12,2026-01-16,REVIEW,3,N,2026-01-19 10:00:00,batch_003,workqueue_actions_batch_003.csv
51006,4348,19,2026-01-17,REVIEW,2,Y,2026-01-19 10:00:00,batch_003,workqueue_actions_batch_003.csv
51007,4674,5,2026-01-16,REVIEW,1,N,2026-01-19 10:00:00,batch_003,workqueue_actions_batch_003.csv
51008,1556,10,2026-01-14,ESCALATE,1,N,2026-01-19 10:00:00,batch_003,workqueue_actions_batch_003.csv
51009,2921,3,2026-01-16,NOTE,1,N,2026-01-19 10:00:00,batch_003,workqueue_actions_batch_003.csv
51010,3642,15,2026-01-16,CALL,4,N,2026-01-19 10:00:00,batch_003,workqueue_actions_batch_003.csv
51011,2057,15,2026-01-15,CALL,4,Y,2026-01-19 10:00:00,batch_003,workqueue_actions_batch_003.csv
51012,3587,13,2026-01-17,CALL,2,N,2026-01-19 10:00:00,batch_003,workqueue_actions_batch_003.csv
51013,2803,10,2026-01-17,NOTE,0,Y,2026-01-19 10:00:00,batch_003,workqueue_actions_batch_003.csv
51014,3184,12,2026-01-14,CALL,4,Y,2026-01-19 10:00:00,batch_003,workqueue_actions_batch_003.csv
51015,4023,10,2026-01-15,ESCALATE,0,N,2026-01-19 10:00:00,batch_003,workqueue_actions_batch_003.csv
51016,3410,8,2026-01-19,NOTE,3,N,2026-01-19 10:00:00,batch_003,workqueue_actions_batch_003.csv
51017,1378,11,2026-01-19,NOTE,0,N,2026-01-19 10:00:00,batch_003,workqueue_actions_batch_003.csv
51018,4156,9,2026-01-17,REVIEW,2,Y,2026-01-19 10:00:00,batch_003,workqueue_actions_batch_003.csv
51019,3202,18,2026-01-15,REVIEW,1,N,2026-01-19 10:00:00,batch_003,workqueue_actions_batch_003.csv
51020,3991,12,2026-01-14,REVIEW,3,N,2026-01-19 10:00:00,batch_003,workqueue_actions_batch_003.csv
51021,5461,13,2026-01-18,NOTE,4,Y,2026-01-19 10:00:00,batch_003,workqueue_actions_batch_003.csv
51022,4932,7,2026-01-16,NOTE,0,Y,2026-01-19 10:00:00,batch_003,workqueue_actions_batch_003.csv
51023,3902,1,2026-01-16,REVIEW,1,N,2026-01-19 10:00:00,batch_003,workqueue_actions_batch_003.csv
51024,1184,10,2026-01-15,ESCALATE,4,Y,2026-01-19 10:00:00,batch_003,workqueue_actions_batch_003.csv
51025,4964,20,2026-01-17,CALL,4,Y,2026-01-19 10:00:00,batch_003,workqueue_actions_batch_003.csv
51026,2223,10,2026-01-15,ESCALATE,0,N,2026-01-19 10:00:00,batch_003,workqueue_actions_batch_003.csv
51027,4113,20,2026-01-18,ESCALATE,0,Y,2026-01-19 10:00:00,batch_003,workqueue_actions_batch_003.csv
51028,4717,11,2026-01-17,CALL,2,Y,2026-01-19 10:00:00,batch_003,workqueue_actions_batch_003.csv
51029,1868,8,2026-01-16,ESCALATE,3,Y,2026-01-19 10:00:00,batch_003,workqueue_actions_batch_003.csv
51030,2204,1,2026-01-17,CALL,4,N,2026-01-19 10:00:00,batch_003,workqueue_actions_batch_003.csv
51031,3677,2,2026-01-14,CALL,2,Y,2026-01-19 10:00:00,batch_003,workqueue_actions_batch_003.csv
51032,4602,14,2026-01-18,NOTE,2,Y,2026-01-19 10:00:00,batch_003,workqueue_actions_batch_003.csv
51033,4108,6,2026-01-16,NOTE,4,Y,2026-01-19 10:00:00,batch_003,workqueue_actions_batch_003.csv
51034,1074,6,2026-01-17,REVIEW,4,Y,2026-01-19 10:00:00,batch_003,workqueue_actions_batch_003.csv
51035,1448,5,2026-01-17,CALL,4,N,2026-01-19 10:00:00,batch_003,workqueue_actions_batch_003.csv
51036,1991,3,2026-01-17,REVIEW,4,Y,2026-01-19 10:00:00,batch_003,workqueue_actions_batch_003.csv
51037,1084,2,2026-01-16,CALL,0,Y,2026-01-19 10:00:00,batch_003,workqueue_actions_batch_003.csv
51038,2317,6,2026-01-15,NOTE,2,Y,2026-01-19 10:00:00,batch_003,workqueue_actions_batch_003.csv
51039,4395,11,2026-01-15,CALL,1,N,2026-01-19 10:00:00,batch_003,workqueue_actions_batch_003.csv
51040,1307,12,2026-01-19,NOTE,4,Y,2026-01-19 10:00:00,batch_003,workqueue_actions_batch_003.csv
51041,1032,12,2026-01-17,REVIEW,0,N,2026-01-19 10:00:00,batch_003,workqueue_actions_batch_003.csv
51042,1384,20,2026-01-14,CALL,2,Y,2026-01-19 10:00:00,batch_003,workqueue_actions_batch_003.csv
51043,4521,2,2026-01-15,REVIEW,2,N,2026-01-19 10:00:00,batch_003,workqueue_actions_batch_003.csv
51044,4446,9,2026-01-14,REVIEW,3,N,2026-01-19 10:00:00,batch_003,workqueue_actions_batch_003.csv
51045,3713,18,2026-01-16,REVIEW,4,N,2026-01-19 10:00:00,batch_003,workqueue_actions_batch_003.csv
51046,2149,7,2026-01-18,CALL,0,N,2026-01-19 10:00:00,batch_003,workqueue_actions_batch_003.csv
51047,3422,1,2026-01-18,NOTE,3,N,2026-01-19 10:00:00,batch_003,workqueue_actions_batch_003.csv
51048,2340,19,2026-01-18,CALL,3,N,2026-01-19 10:00:00,batch_003,workqueue_actions_batch_003.csv
51049,5008,4,2026-01-14,NOTE,2,Y,2026-01-19 10:00:00,batch_003,workqueue_actions_batch_003.csv
51050,2751,18,2026-01-14,ESCALATE,3,N,2026-01-19 10:00:00,batch_003,workqueue_actions_batch_003.csv
51051,4744,4,2026-01-17,REVIEW,1,Y,2026-01-19 10:00:00,batch_003,workqueue_actions_batch_003.csv
51052,2505,8,2026-01-19,ESCALATE,4,N,2026-01-19 10:00:00,batch_003,workqueue_actions_batch_003.csv
51053,4993,16,2026-01-19,ESCALATE,4,Y,2026-01-19 10:00:00,batch_003,workqueue_actions_batch_003.csv
51054,1990,8,2026-01-15,ESCALATE,2,N,2026-01-19 10:00:00,batch_003,workqueue_actions_batch_003.csv
51055,5376,6,2026-01-16,REVIEW,4,Y,2026-01-19 10:00:00,batch_003,workqueue_actions_batch_003.csv
51056,3108,13,2026-01-18,ESCALATE,4,Y,2026-01-19 10:00:00,batch_003,workqueue_actions_batch_003.csv
51057,3646,14,2026-01-15,REVIEW,4,N,2026-01-19 10:00:00,batch_003,workqueue_actions_batch_003.csv
51058,5249,16,2026-01-14,CALL,0,Y,2026-01-19 10:00:00,batch_003,workqueue_actions_batch_003.csv
51059,1420,20,2026-01-17,CALL,2,Y,2026-01-19 10:00:00,batch_003,workqueue_actions_batch_003.csv
51060,1288,9,2026-01-14,REVIEW,0,Y,2026-01-19 10:00:00,batch_003,workqueue_actions_batch_003.csv
51061,2375,13,2026-01-19,REVIEW,1,N,2026-01-19 10:00:00,batch_003,workqueue_actions_batch_003.csv
51062,1089,11,2026-01-17,CALL,0,Y,2026-01-19 10:00:00,batch_003,workqueue_actions_batch_003.csv
51063,4826,7,2026-01-16,REVIEW,4,Y,2026-01-19 10:00:00,batch_003,workqueue_actions_batch_003.csv
51064,1774,1,2026-01-17,REVIEW,3,N,2026-01-19 10:00:00,batch_003,workqueue_actions_batch_003.csv
51065,1377,5,2026-01-14,CALL,3,N,2026-01-19 10:00:00,batch_003,workqueue_actions_batch_003.csv
51066,1467,11,2026-01-15,ESCALATE,3,Y,2026-01-19 10:00:00,batch_003,workqueue_actions_batch_003.csv
51067,2134,13,2026-01-19,REVIEW,0,Y,2026-01-19 10:00:00,batch_003,workqueue_actions_batch_003.csv
51068,4921,7,2026-01-18,ESCALATE,0,N,2026-01-19 10:00:00,batch_003,workqueue_actions_batch_003.csv
51069,2842,20,2026-01-15,REVIEW,3,Y,2026-01-19 10:00:00,batch_003,workqueue_actions_batch_003.csv
51070,1601,17,2026-01-16,ESCALATE,0,Y,2026-01-19 10:00:00,batch_003,workqueue_actions_batch_003.csv
51071,1220,17,2026-01-18,CALL,1,N,2026-01-19 10:00:00,batch_003,workqueue_actions_batch_003.csv
51072,2253,1,2026-01-16,CALL,0,Y,2026-01-19 10:00:00,batch_003,workqueue_actions_batch_003.csv
51073,2985,6,2026-01-17,CALL,3,Y,2026-01-19 10:00:00,batch_003,workqueue_actions_batch_003.csv
51074,5054,12,2026-01-18,REVIEW,4,Y,2026-01-19 10:00:00,batch_003,workqueue_actions_batch_003.csv
51075,3505,6,2026-01-14,CALL,3,Y,2026-01-19 10:00:00,batch_003,workqueue_actions_batch_003.csv
51076,4493,15,2026-01-18,ESCALATE,4,N,2026-01-19 10:00:00,batch_003,workqueue_actions_batch_003.csv
51077,1593,5,2026-01-17,NOTE,3,N,2026-01-19 10:00:00,batch_003,workqueue_actions_batch_003.csv
51078,5377,4,2026-01-16,REVIEW,4,N,2026-01-19 10:00:00,batch_003,workqueue_actions_batch_003.csv
51079,3464,10,2026-01-18,NOTE,1,Y,2026-01-19 10:00:00,batch_003,workqueue_actions_batch_003.csv
51080,4380,17,2026-01-15,ESCALATE,1,N,2026-01-19 10:00:00,batch_003,workqueue_actions_batch_003.csv
51081,1407,14,2026-01-15,NOTE,4,Y,2026-01-19 10:00:00,batch_003,workqueue_actions_batch_003.csv
51082,1349,3,2026-01-15,NOTE,3,N,2026-01-19 10:00:00,batch_003,workqueue_actions_batch_003.csv
51083,4714,6,2026-01-15,CALL,4,Y,2026-01-19 10:00:00,batch_003,workqueue_actions_batch_003.csv
51084,2461,12,2026-01-14,REVIEW,3,N,2026-01-19 10:00:00,batch_003,workqueue_actions_batch_003.csv
51085,1994,2,2026-01-15,ESCALATE,0,Y,2026-01-19 10:00:00,batch_003,workqueue_actions_batch_003.csv
51086,4188,4,2026-01-16,CALL,3,Y,2026-01-19 10:00:00,batch_003,workqueue_actions_batch_003.csv
51087,3537,13,2026-01-15,NOTE,1,Y,2026-01-19 10:00:00,batch_003,workqueue_actions_batch_003.csv
51088,1183,18,2026-01-15,CALL,3,N,2026-01-19 10:00:00,batch_003,workqueue_actions_batch_003.csv
51089,1911,6,2026-01-18,ESCALATE,0,Y,2026-01-19 10:00:00,batch_003,workqueue_actions_batch_003.csv
51090,1345,18,2026-01-14,ESCALATE,1,Y,2026-01-19 10:00:00,batch_003,workqueue_actions_batch_003.csv
51091,1734,16,2026-01-16,NOTE,1,Y,2026-01-19 10:00:00,batch_003,workqueue_actions_batch_003.csv
51092,5327,6,2026-01-14,ESCALATE,1,Y,2026-01-19 10:00:00,batch_003,workqueue_actions_batch_003.csv
51093,4937,12,2026-01-15,CALL,1,N,2026-01-19 10:00:00,batch_003,workqueue_actions_batch_003.csv
51094,4796,15,2026-01-19,NOTE,4,N,2026-01-19 10:00:00,batch_003,workqueue_actions_batch_003.csv
51095,4118,10,2026-01-15,NOTE,0,N,2026-01-19 10:00:00,batch_003,workqueue_actions_batch_003.csv
51096,1855,2,2026-01-18,REVIEW,2,Y,2026-01-19 10:00:00,batch_003,workqueue_actions_batch_003.csv
51097,4481,14,2026-01-15,ESCALATE,1,Y,2026-01-19 10:00:00,batch_003,workqueue_actions_batch_003.csv
51098,4403,11,2026-01-17,ESCALATE,3,Y,2026-01-19 10:00:00,batch_003,workqueue_actions_batch_003.csv
51099,2364,4,2026-01-16,REVIEW,1,Y,2026-01-19 10:00:00,batch_003,workqueue_actions_batch_003.csv
51100,4123,16,2026-01-19,ESCALATE,1,N,2026-01-19 10:00:00,batch_003,workqueue_actions_batch_003.csv
51101,4794,7,2026-01-18,CALL,4,N,2026-01-19 10:00:00,batch_003,workqueue_actions_batch_003.csv
51102,5038,18,2026-01-16,NOTE,2,N,2026-01-19 10:00:00,batch_003,workqueue_actions_batch_003.csv
51103,4767,2,2026-01-18,CALL,2,N,2026-01-19 10:00:00,batch_003,workqueue_actions_batch_003.csv
51104,1569,10,2026-01-17,REVIEW,4,N,2026-01-19 10:00:00,batch_003,workqueue_actions_batch_003.csv
51105,3302,14,2026-01-17,ESCALATE,0,Y,2026-01-19 10:00:00,batch_003,workqueue_actions_batch_003.csv
51106,1558,1,2026-01-18,NOTE,2,N,2026-01-19 10:00:00,batch_003,workqueue_actions_batch_003.csv
51107,3539,19,2026-01-18,ESCALATE,1,N,2026-01-19 10:00:00,batch_003,workqueue_actions_batch_003.csv
51108,4011,17,2026-01-15,REVIEW,4,N,2026-01-19 10:00:00,batch_003,workqueue_actions_batch_003.csv
51109,3841,15,2026-01-15,REVIEW,2,Y,2026-01-19 10:00:00,batch_003,workqueue_actions_batch_003.csv
51110,3514,14,2026-01-19,ESCALATE,1,Y,2026-01-19 10:00:00,batch_003,workqueue_actions_batch_003.csv
51111,1801,9,2026-01-19,ESCALATE,1,N,2026-01-19 10:00:00,batch_003,workqueue_actions_batch_003.csv
51112,1674,11,2026-01-18,CALL,1,Y,2026-01-19 10:00:00,batch_003,workqueue_actions_batch_003.csv
51113,2046,13,2026-01-15,REVIEW,4,N,2026-01-19 10:00:00,batch_003,workqueue_actions_batch_003.csv
51114,3064,8,2026-01-17,REVIEW,1,N,2026-01-19 10:00:00,batch_003,workqueue_actions_batch_003.csv
51115,3675,1,2026-01-19,ESCALATE,1,Y,2026-01-19 10:00:00,batch_003,workqueue_actions_batch_003.csv
51116,5174,17,2026-01-18,NOTE,3,Y,2026-01-19 10:00:00,batch_003,workqueue_actions_batch_003.csv
51117,2427,15,2026-01-18,CALL,0,N,2026-01-19 10:00:00,batch_003,workqueue_actions_batch_003.csv
51118,2063,16,2026-01-17,REVIEW,0,Y,2026-01-19 10:00:00,batch_003,workqueue_actions_batch_003.csv
51119,2209,14,2026-01-18,CALL,3,N,2026-01-19 10:00:00,batch_003,workqueue_actions_batch_003.csv
51120,4252,7,2026-01-18,REVIEW,4,N,2026-01-19 10:00:00,batch_003,workqueue_actions_batch_003.csv
51121,3323,13,2026-01-17,NOTE,3,Y,2026-01-19 10:00:00,batch_003,workqueue_actions_batch_003.csv
51122,4572,2,2026-01-15,NOTE,0,N,2026-01-19 10:00:00,batch_003,workqueue_actions_batch_003.csv
51123,1145,16,2026-01-17,NOTE,1,N,2026-01-19 10:00:00,batch_003,workqueue_actions_batch_003.csv
51124,3527,11,2026-01-14,ESCALATE,0,Y,2026-01-19 10:00:00,batch_003,workqueue_actions_batch_003.csv
51125,3447,13,2026-01-19,NOTE,3,N,2026-01-19 10:00:00,batch_003,workqueue_actions_batch_003.csv
51126,3453,5,2026-01-15,CALL,4,N,2026-01-19 10:00:00,batch_003,workqueue_actions_batch_003.csv
51127,1494,8,2026-01-16,CALL,0,Y,2026-01-19 10:00:00,batch_003,workqueue_actions_batch_003.csv
51128,1893,1,2026-01-15,ESCALATE,2,N,2026-01-19 10:00:00,batch_003,workqueue_actions_batch_003.csv
51129,2909,15,2026-01-14,ESCALATE,2,N,2026-01-19 10:00:00,batch_003,workqueue_actions_batch_003.csv
51130,3215,15,2026-01-19,NOTE,1,N,2026-01-19 10:00:00,batch_003,workqueue_actions_batch_003.csv
51131,1440,20,2026-01-18,ESCALATE,0,Y,2026-01-19 10:00:00,batch_003,workqueue_actions_batch_003.csv
51132,2906,6,2026-01-17,REVIEW,1,Y,2026-01-19 10:00:00,batch_003,workqueue_actions_batch_003.csv
51133,4520,5,2026-01-14,CALL,0,Y,2026-01-19 10:00:00,batch_003,workqueue_actions_batch_003.csv
51134,3103,18,2026-01-16,CALL,1,Y,2026-01-19 10:00:00,batch_003,workqueue_actions_batch_003.csv
51135,3021,12,2026-01-19,CALL,3,Y,2026-01-19 10:00:00,batch_003,workqueue_actions_batch_003.csv
51136,1718,13,2026-01-16,REVIEW,1,Y,2026-01-19 10:00:00,batch_003,workqueue_actions_batch_003.csv
51137,2692,1,2026-01-17,REVIEW,2,N,2026-01-19 10:00:00,batch_003,workqueue_actions_batch_003.csv
51138,1431,4,2026-01-19,CALL,0,Y,2026-01-19 10:00:00,batch_003,workqueue_actions_batch_003.csv
51139,4705,8,2026-01-18,CALL,1,Y,2026-01-19 10:00:00,batch_003,workqueue_actions_batch_003.csv
51140,3154,18,2026-01-18,NOTE,3,N,2026-01-19 10:00:00,batch_003,workqueue_actions_batch_003.csv
51141,3248,2,2026-01-15,NOTE,4,Y,2026-01-19 10:00:00,batch_003,workqueue_actions_batch_003.csv
51142,1108,7,2026-01-17,CALL,4,Y,2026-01-19 10:00:00,batch_003,workqueue_actions_batch_003.csv
51143,4910,18,2026-01-16,NOTE,2,N,2026-01-19 10:00:00,batch_003,workqueue_actions_batch_003.csv
51144,5048,1,2026-01-15,REVIEW,4,Y,2026-01-19 10:00:00,batch_003,workqueue_actions_batch_003.csv
51145,2359,7,2026-01-16,NOTE,2,N,2026-01-19 10:00:00,batch_003,workqueue_actions_batch_003.csv
51146,3336,5,2026-01-15,NOTE,4,N,2026-01-19 10:00:00,batch_003,workqueue_actions_batch_003.csv
51147,5291,2,2026-01-17,ESCALATE,1,Y,2026-01-19 10:00:00,batch_003,workqueue_actions_batch_003.csv
51148,1446,6,2026-01-17,ESCALATE,4,N,2026-01-19 10:00:00,batch_003,workqueue_actions_batch_003.csv
51149,5067,11,2026-01-17,CALL,4,N,2026-01-19 10:00:00,batch_003,workqueue_actions_batch_003.csv
51150,1778,7,2026-01-15,CALL,4,N,2026-01-19 10:00:00,batch_003,workqueue_actions_batch_003.csv
51151,4863,9,2026-01-18,ESCALATE,4,Y,2026-01-19 10:00:00,batch_003,workqueue_actions_batch_003.csv
51152,5180,12,2026-01-16,ESCALATE,1,Y,2026-01-19 10:00:00,batch_003,workqueue_actions_batch_003.csv
51153,3941,8,2026-01-15,REVIEW,4,Y,2026-01-19 10:00:00,batch_003,workqueue_actions_batch_003.csv
51154,2936,10,2026-01-16,ESCALATE,2,N,2026-01-19 10:00:00,batch_003,workqueue_actions_batch_003.csv
51155,1207,13,2026-01-15,REVIEW,3,Y,2026-01-19 10:00:00,batch_003,workqueue_actions_batch_003.csv
51156,2781,19,2026-01-14,REVIEW,1,N,2026-01-19 10:00:00,batch_003,workqueue_actions_batch_003.csv
51157,2962,2,2026-01-17,REVIEW,0,Y,2026-01-19 10:00:00,batch_003,workqueue_actions_batch_003.csv
51158,3700,16,2026-01-19,CALL,1,Y,2026-01-19 10:00:00,batch_003,workqueue_actions_batch_003.csv
51159,3261,12,2026-01-16,ESCALATE,3,N,2026-01-19 10:00:00,batch_003,workqueue_actions_batch_003.csv
51160,5276,6,2026-01-19,CALL,4,Y,2026-01-19 10:00:00,batch_003,workqueue_actions_batch_003.csv
51161,5126,9,2026-01-15,NOTE,3,N,2026-01-19 10:00:00,batch_003,workqueue_actions_batch_003.csv
51162,2041,20,2026-01-18,ESCALATE,2,Y,2026-01-19 10:00:00,batch_003,workqueue_actions_batch_003.csv
51163,4276,1,2026-01-18,NOTE,0,Y,2026-01-19 10:00:00,batch_003,workqueue_actions_batch_003.csv
51164,4914,16,2026-01-17,ESCALATE,1,N,2026-01-19 10:00:00,batch_003,workqueue_actions_batch_003.csv
51165,3087,18,2026-01-15,NOTE,4,N,2026-01-19 10:00:00,batch_003,workqueue_actions_batch_003.csv
51166,4366,7,2026-01-16,REVIEW,3,N,2026-01-19 10:00:00,batch_003,workqueue_actions_batch_003.csv
51167,4431,14,2026-01-18,CALL,2,Y,2026-01-19 10:00:00,batch_003,workqueue_actions_batch_003.csv
51168,4565,6,2026-01-15,CALL,0,N,2026-01-19 10:00:00,batch_003,workqueue_actions_batch_003.csv
51169,4833,3,2026-01-19,CALL,4,Y,2026-01-19 10:00:00,batch_003,workqueue_actions_batch_003.csv
51170,2735,3,2026-01-17,CALL,4,N,2026-01-19 10:00:00,batch_003,workqueue_actions_batch_003.csv
51171,2519,12,2026-01-17,NOTE,0,N,2026-01-19 10:00:00,batch_003,workqueue_actions_batch_003.csv
51172,4660,7,2026-01-17,CALL,2,Y,2026-01-19 10:00:00,batch_003,workqueue_actions_batch_003.csv
51173,4618,9,2026-01-14,REVIEW,2,N,2026-01-19 10:00:00,batch_003,workqueue_actions_batch_003.csv
51174,2736,16,2026-01-18,REVIEW,1,N,2026-01-19 10:00:00,batch_003,workqueue_actions_batch_003.csv
51175,4391,4,2026-01-17,REVIEW,0,Y,2026-01-19 10:00:00,batch_003,workqueue_actions_batch_003.csv
51176,3803,4,2026-01-17,ESCALATE,3,N,2026-01-19 10:00:00,batch_003,workqueue_actions_batch_003.csv
51177,2910,12,2026-01-14,REVIEW,3,N,2026-01-19 10:00:00,batch_003,workqueue_actions_batch_003.csv
51178,4689,15,2026-01-14,CALL,1,Y,2026-01-19 10:00:00,batch_003,workqueue_actions_batch_003.csv
51179,1039,20,2026-01-15,REVIEW,1,N,2026-01-19 10:00:00,batch_003,workqueue_actions_batch_003.csv
51180,2607,18,2026-01-19,REVIEW,0,Y,2026-01-19 10:00:00,batch_003,workqueue_actions_batch_003.csv
51181,1913,13,2026-01-19,ESCALATE,0,Y,2026-01-19 10:00:00,batch_003,workqueue_actions_batch_003.csv
51182,5191,18,2026-01-15,ESCALATE,3,Y,2026-01-19 10:00:00,batch_003,workqueue_actions_batch_003.csv
51183,1116,20,2026-01-15,NOTE,2,Y,2026-01-19 10:00:00,batch_003,workqueue_actions_batch_003.csv
51184,2282,16,2026-01-17,ESCALATE,2,N,2026-01-19 10:00:00,batch_003,workqueue_actions_batch_003.csv
51185,4233,3,2026-01-16,REVIEW,2,Y,2026-01-19 10:00:00,batch_003,workqueue_actions_batch_003.csv
51186,5283,2,2026-01-19,REVIEW,1,Y,2026-01-19 10:00:00,batch_003,workqueue_actions_batch_003.csv
51187,1182,11,2026-01-17,ESCALATE,3,N,2026-01-19 10:00:00,batch_003,workqueue_actions_batch_003.csv
51188,3536,2,2026-01-18,CALL,1,Y,2026-01-19 10:00:00,batch_003,workqueue_actions_batch_003.csv
51189,4390,12,2026-01-19,REVIEW,2,N,2026-01-19 10:00:00,batch_003,workqueue_actions_batch_003.csv
51190,1717,1,2026-01-16,CALL,4,Y,2026-01-19 10:00:00,batch_003,workqueue_actions_batch_003.csv
51191,5075,11,2026-01-15,ESCALATE,1,Y,2026-01-19 10:00:00,batch_003,workqueue_actions_batch_003.csv
51192,4450,6,2026-01-19,CALL,2,N,2026-01-19 10:00:00,batch_003,workqueue_actions_batch_003.csv
51193,1656,10,2026-01-18,ESCALATE,0,N,2026-01-19 10:00:00,batch_003,workqueue_actions_batch_003.csv
51194,2577,5,2026-01-19,ESCALATE,2,N,2026-01-19 10:00:00,batch_003,workqueue_actions_batch_003.csv
51195,2305,2,2026-01-19,ESCALATE,4,N,2026-01-19 10:00:00,batch_003,workqueue_actions_batch_003.csv
51196,4262,10,2026-01-15,ESCALATE,4,N,2026-01-19 10:00:00,batch_003,workqueue_actions_batch_003.csv
51197,1584,16,2026-01-14,REVIEW,1,Y,2026-01-19 10:00:00,batch_003,workqueue_actions_batch_003.csv
51198,5057,20,2026-01-16,CALL,2,Y,2026-01-19 10:00:00,batch_003,workqueue_actions_batch_003.csv
51199,3285,16,2026-01-18,ESCALATE,1,N,2026-01-19 10:00:00,batch_003,workqueue_actions_batch_003.csv
51200,3072,8,2026-01-19,ESCALATE,4,Y,2026-01-19 10:00:00,batch_003,workqueue_actions_batch_003.csv
51201,4235,3,2026-01-14,ESCALATE,2,Y,2026-01-19 10:00:00,batch_003,workqueue_actions_batch_003.csv
51202,3609,5,2026-01-18,REVIEW,1,N,2026-01-19 10:00:00,batch_003,workqueue_actions_batch_003.csv
51203,3576,13,2026-01-17,REVIEW,4,N,2026-01-19 10:00:00,batch_003,workqueue_actions_batch_003.csv
51204,2717,10,2026-01-19,NOTE,4,Y,2026-01-19 10:00:00,batch_003,workqueue_actions_batch_003.csv
51205,1103,6,2026-01-19,ESCALATE,2,Y,2026-01-19 10:00:00,batch_003,workqueue_actions_batch_003.csv
51206,2637,19,2026-01-17,REVIEW,1,N,2026-01-19 10:00:00,batch_003,workqueue_actions_batch_003.csv
51207,4544,13,2026-01-14,NOTE,0,N,2026-01-19 10:00:00,batch_003,workqueue_actions_batch_003.csv
51208,3780,17,2026-01-19,CALL,3,Y,2026-01-19 10:00:00,batch_003,workqueue_actions_batch_003.csv
51209,4629,17,2026-01-19,CALL,3,N,2026-01-19 10:00:00,batch_003,workqueue_actions_batch_003.csv
51210,2900,20,2026-01-17,CALL,3,Y,2026-01-19 10:00:00,batch_003,workqueue_actions_batch_003.csv
51211,1899,20,2026-01-14,CALL,0,N,2026-01-19 10:00:00,batch_003,workqueue_actions_batch_003.csv
51212,4301,5,2026-01-18,CALL,2,N,2026-01-19 10:00:00,batch_003,workqueue_actions_batch_003.csv
51213,2863,7,2026-01-15,ESCALATE,2,N,2026-01-19 10:00:00,batch_003,workqueue_actions_batch_003.csv
51214,3396,20,2026-01-18,NOTE,0,Y,2026-01-19 10:00:00,batch_003,workqueue_actions_batch_003.csv
51215,1242,14,2026-01-17,REVIEW,3,Y,2026-01-19 10:00:00,batch_003,workqueue_actions_batch_003.csv
51216,3736,12,2026-01-19,ESCALATE,1,N,2026-01-19 10:00:00,batch_003,workqueue_actions_batch_003.csv
51217,1819,5,2026-01-15,ESCALATE,3,Y,2026-01-19 10:00:00,batch_003,workqueue_actions_batch_003.csv
51218,4119,5,2026-01-18,ESCALATE,4,N,2026-01-19 10:00:00,batch_003,workqueue_actions_batch_003.csv
51219,4151,15,2026-01-18,NOTE,1,Y,2026-01-19 10:00:00,batch_003,workqueue_actions_batch_003.csv
51220,2786,17,2026-01-17,ESCALATE,2,N,2026-01-19 10:00:00,batch_003,workqueue_actions_batch_003.csv
51221,1018,12,2026-01-19,CALL,0,Y,2026-01-19 10:00:00,batch_003,workqueue_actions_batch_003.csv
51222,5011,14,2026-01-19,CALL,4,Y,2026-01-19 10:00:00,batch_003,workqueue_actions_batch_003.csv
51223,3321,15,2026-01-18,ESCALATE,1,N,2026-01-19 10:00:00,batch_003,workqueue_actions_batch_003.csv
51224,5310,10,2026-01-15,ESCALATE,3,Y,2026-01-19 10:00:00,batch_003,workqueue_actions_batch_003.csv
51225,3347,6,2026-01-17,NOTE,1,Y,2026-01-19 10:00:00,batch_003,workqueue_actions_batch_003.csv
51226,5485,18,2026-01-14,CALL,0,N,2026-01-19 10:00:00,batch_003,workqueue_actions_batch_003.csv
51227,4335,15,2026-01-17,ESCALATE,0,Y,2026-01-19 10:00:00,batch_003,workqueue_actions_batch_003.csv
51228,3894,13,2026-01-18,ESCALATE,1,N,2026-01-19 10:00:00,batch_003,workqueue_actions_batch_003.csv
51229,4433,12,2026-01-16,ESCALATE,3,Y,2026-01-19 10:00:00,batch_003,workqueue_actions_batch_003.csv
51230,3718,6,2026-01-16,REVIEW,0,N,2026-01-19 10:00:00,batch_003,workqueue_actions_batch_003.csv
51231,5245,8,2026-01-16,NOTE,4,Y,2026-01-19 10:00:00,batch_003,workqueue_actions_batch_003.csv
51232,2340,6,2026-01-15,REVIEW,0,N,2026-01-19 10:00:00,batch_003,workqueue_actions_batch_003.csv
51233,2919,9,2026-01-17,NOTE,0,N,2026-01-19 10:00:00,batch_003,workqueue_actions_batch_003.csv
51234,4973,12,2026-01-18,ESCALATE,0,Y,2026-01-19 10:00:00,batch_003,workqueue_actions_batch_003.csv
51235,4375,7,2026-01-16,NOTE,3,N,2026-01-19 10:00:00,batch_003,workqueue_actions_batch_003.csv
51236,3474,7,2026-01-18,CALL,3,Y,2026-01-19 10:00:00,batch_003,workqueue_actions_batch_003.csv
51237,2377,8,2026-01-14,ESCALATE,4,N,2026-01-19 10:00:00,batch_003,workqueue_actions_batch_003.csv
51238,1411,4,2026-01-18,ESCALATE,0,N,2026-01-19 10:00:00,batch_003,workqueue_actions_batch_003.csv
51239,5436,15,2026-01-16,REVIEW,3,N,2026-01-19 10:00:00,batch_003,workqueue_actions_batch_003.csv
51240,1116,3,2026-01-14,NOTE,1,N,2026-01-19 10:00:00,batch_003,workqueue_actions_batch_003.csv
51241,2163,20,2026-01-16,REVIEW,3,N,2026-01-19 10:00:00,batch_003,workqueue_actions_batch_003.csv
51242,3427,8,2026-01-19,REVIEW,0,Y,2026-01-19 10:00:00,batch_003,workqueue_actions_batch_003.csv
51243,2572,10,2026-01-17,REVIEW,2,Y,2026-01-19 10:00:00,batch_003,workqueue_actions_batch_003.csv
51244,3819,3,2026-01-18,NOTE,3,N,2026-01-19 10:00:00,batch_003,workqueue_actions_batch_003.csv
51245,2879,18,2026-01-17,REVIEW,1,N,2026-01-19 10:00:00,batch_003,workqueue_actions_batch_003.csv
51246,3390,1,2026-01-15,NOTE,3,N,2026-01-19 10:00:00,batch_003,workqueue_actions_batch_003.csv
51247,5294,15,2026-01-15,CALL,4,N,2026-01-19 10:00:00,batch_003,workqueue_actions_batch_003.csv
51248,1803,16,2026-01-18,CALL,1,Y,2026-01-19 10:00:00,batch_003,workqueue_actions_batch_003.csv
51249,1785,20,2026-01-15,NOTE,4,Y,2026-01-19 10:00:00,batch_003,workqueue_actions_batch_003.csv
51250,1638,9,2026-01-17,REVIEW,4,N,2026-01-19 10:00:00,batch_003,workqueue_actions_batch_003.csv
51251,4005,17,2026-01-18,REVIEW,2,N,2026-01-19 10:00:00,batch_003,workqueue_actions_batch_003.csv
51252,3280,1,2026-01-15,NOTE,3,Y,2026-01-19 10:00:00,batch_003,workqueue_actions_batch_003.csv
51253,2572,1,2026-01-16,NOTE,2,Y,2026-01-19 10:00:00,batch_003,workqueue_actions_batch_003.csv
51254,2759,5,2026-01-19,CALL,4,Y,2026-01-19 10:00:00,batch_003,workqueue_actions_batch_003.csv
51255,5285,11,2026-01-15,CALL,1,Y,2026-01-19 10:00:00,batch_003,workqueue_actions_batch_003.csv
51256,2027,7,2026-01-15,ESCALATE,1,N,2026-01-19 10:00:00,batch_003,workqueue_actions_batch_003.csv
51257,3242,5,2026-01-16,NOTE,4,N,2026-01-19 10:00:00,batch_003,workqueue_actions_batch_003.csv
51258,1986,13,2026-01-18,ESCALATE,0,Y,2026-01-19 10:00:00,batch_003,workqueue_actions_batch_003.csv
51259,2686,19,2026-01-16,CALL,2,Y,2026-01-19 10:00:00,batch_003,workqueue_actions_batch_003.csv
51260,2873,12,2026-01-15,NOTE,1,N,2026-01-19 10:00:00,batch_003,workqueue_actions_batch_003.csv
51261,4790,3,2026-01-18,REVIEW,3,N,2026-01-19 10:00:00,batch_003,workqueue_actions_batch_003.csv
51262,5211,12,2026-01-16,ESCALATE,3,Y,2026-01-19 10:00:00,batch_003,workqueue_actions_batch_003.csv
51263,3110,14,2026-01-19,ESCALATE,4,N,2026-01-19 10:00:00,batch_003,workqueue_actions_batch_003.csv
51264,2916,10,2026-01-18,CALL,2,N,2026-01-19 10:00:00,batch_003,workqueue_actions_batch_003.csv
51265,1381,5,2026-01-15,REVIEW,4,Y,2026-01-19 10:00:00,batch_003,workqueue_actions_batch_003.csv
51266,3530,6,2026-01-16,NOTE,2,N,2026-01-19 10:00:00,batch_003,workqueue_actions_batch_003.csv
51267,4827,18,2026-01-19,NOTE,1,N,2026-01-19 10:00:00,batch_003,workqueue_actions_batch_003.csv
51268,2188,13,2026-01-17,CALL,4,Y,2026-01-19 10:00:00,batch_003,workqueue_actions_batch_003.csv
51269,2477,19,2026-01-14,CALL,2,Y,2026-01-19 10:00:00,batch_003,workqueue_actions_batch_003.csv
51270,1372,1,2026-01-16,ESCALATE,1,Y,2026-01-19 10:00:00,batch_003,workqueue_actions_batch_003.csv
51271,2446,19,2026-01-15,CALL,3,N,2026-01-19 10:00:00,batch_003,workqueue_actions_batch_003.csv
51272,2543,18,2026-01-18,ESCALATE,0,Y,2026-01-19 10:00:00,batch_003,workqueue_actions_batch_003.csv
51273,4770,10,2026-01-14,NOTE,3,Y,2026-01-19 10:00:00,batch_003,workqueue_actions_batch_003.csv
51274,2053,6,2026-01-14,ESCALATE,1,Y,2026-01-19 10:00:00,batch_003,workqueue_actions_batch_003.csv
51275,2272,16,2026-01-15,REVIEW,4,N,2026-01-19 10:00:00,batch_003,workqueue_actions_batch_003.csv
51276,2239,10,2026-01-18,REVIEW,4,Y,2026-01-19 10:00:00,batch_003,workqueue_actions_batch_003.csv
51277,4319,10,2026-01-17,CALL,1,Y,2026-01-19 10:00:00,batch_003,workqueue_actions_batch_003.csv
51278,1639,1,2026-01-17,REVIEW,4,Y,2026-01-19 10:00:00,batch_003,workqueue_actions_batch_003.csv
51279,5166,2,2026-01-19,CALL,2,N,2026-01-19 10:00:00,batch_003,workqueue_actions_batch_003.csv
51280,1504,11,2026-01-17,REVIEW,1,Y,2026-01-19 10:00:00,batch_003,workqueue_actions_batch_003.csv
51281,4891,1,2026-01-16,REVIEW,1,N,2026-01-19 10:00:00,batch_003,workqueue_actions_batch_003.csv
51282,4971,11,2026-01-15,CALL,0,Y,2026-01-19 10:00:00,batch_003,workqueue_actions_batch_003.csv
51283,1454,14,2026-01-18,CALL,3,Y,2026-01-19 10:00:00,batch_003,workqueue_actions_batch_003.csv
51284,2195,11,2026-01-14,REVIEW,2,N,2026-01-19 10:00:00,batch_003,workqueue_actions_batch_003.csv
51285,4567,12,2026-01-16,REVIEW,1,Y,2026-01-19 10:00:00,batch_003,workqueue_actions_batch_003.csv
51286,4821,8,2026-01-18,CALL,3,N,2026-01-19 10:00:00,batch_003,workqueue_actions_batch_003.csv
51287,1076,2,2026-01-15,REVIEW,2,N,2026-01-19 10:00:00,batch_003,workqueue_actions_batch_003.csv
51288,4315,3,2026-01-18,REVIEW,4,Y,2026-01-19 10:00:00,batch_003,workqueue_actions_batch_003.csv
51289,4461,17,2026-01-15,ESCALATE,0,Y,2026-01-19 10:00:00,batch_003,workqueue_actions_batch_003.csv
51290,4761,10,2026-01-15,NOTE,1,N,2026-01-19 10:00:00,batch_003,workqueue_actions_batch_003.csv
51291,2737,11,2026-01-18,REVIEW,3,N,2026-01-19 10:00:00,batch_003,workqueue_actions_batch_003.csv
51292,4222,11,2026-01-14,REVIEW,3,N,2026-01-19 10:00:00,batch_003,workqueue_actions_batch_003.csv
51293,3390,18,2026-01-14,NOTE,4,N,2026-01-19 10:00:00,batch_003,workqueue_actions_batch_003.csv
51294,4534,17,2026-01-16,REVIEW,2,Y,2026-01-19 10:00:00,batch_003,workqueue_actions_batch_003.csv
51295,4482,4,2026-01-16,ESCALATE,4,N,2026-01-19 10:00:00,batch_003,workqueue_actions_batch_003.csv
51296,2785,19,2026-01-18,REVIEW,0,Y,2026-01-19 10:00:00,batch_003,workqueue_actions_batch_003.csv
51297,3053,1,2026-01-19,CALL,2,Y,2026-01-19 10:00:00,batch_003,workqueue_actions_batch_003.csv
51298,4847,18,2026-01-16,ESCALATE,4,Y,2026-01-19 10:00:00,batch_003,workqueue_actions_batch_003.csv
51299,3051,5,2026-01-15,CALL,2,N,2026-01-19 10:00:00,batch_003,workqueue_actions_batch_003.csv
51300,2008,9,2026-01-19,ESCALATE,2,N,2026-01-19 10:00:00,batch_003,workqueue_actions_batch_003.csv
51301,4736,18,2026-01-17,CALL,3,N,2026-01-19 10:00:00,batch_003,workqueue_actions_batch_003.csv
51302,2824,14,2026-01-18,NOTE,4,Y,2026-01-19 10:00:00,batch_003,workqueue_actions_batch_003.csv
51303,4752,3,2026-01-16,NOTE,4,Y,2026-01-19 10:00:00,batch_003,workqueue_actions_batch_003.csv
51304,2568,16,2026-01-15,REVIEW,1,N,2026-01-19 10:00:00,batch_003,workqueue_actions_batch_003.csv
51305,2944,4,2026-01-19,CALL,0,N,2026-01-19 10:00:00,batch_003,workqueue_actions_batch_003.csv
51306,1313,19,2026-01-14,NOTE,0,N,2026-01-19 10:00:00,batch_003,workqueue_actions_batch_003.csv
51307,1858,18,2026-01-18,REVIEW,3,N,2026-01-19 10:00:00,batch_003,workqueue_actions_batch_003.csv
51308,4183,10,2026-01-19,REVIEW,0,N,2026-01-19 10:00:00,batch_003,workqueue_actions_batch_003.csv
51309,4363,8,2026-01-15,NOTE,2,N,2026-01-19 10:00:00,batch_003,workqueue_actions_batch_003.csv
51310,1289,20,2026-01-17,CALL,2,N,2026-01-19 10:00:00,batch_003,workqueue_actions_batch_003.csv
51311,4270,12,2026-01-18,CALL,2,N,2026-01-19 10:00:00,batch_003,workqueue_actions_batch_003.csv
51312,1483,8,2026-01-14,CALL,1,N,2026-01-19 10:00:00,batch_003,workqueue_actions_batch_003.csv
51313,5452,2,2026-01-14,ESCALATE,1,Y,2026-01-19 10:00:00,batch_003,workqueue_actions_batch_003.csv
51314,3642,4,2026-01-19,ESCALATE,4,Y,2026-01-19 10:00:00,batch_003,workqueue_actions_batch_003.csv
51315,3778,2,2026-01-14,ESCALATE,0,N,2026-01-19 10:00:00,batch_003,workqueue_actions_batch_003.csv
51316,3900,4,2026-01-19,NOTE,4,Y,2026-01-19 10:00:00,batch_003,workqueue_actions_batch_003.csv
51317,5475,8,2026-01-14,REVIEW,2,N,2026-01-19 10:00:00,batch_003,workqueue_actions_batch_003.csv
51318,4923,11,2026-01-19,NOTE,2,Y,2026-01-19 10:00:00,batch_003,workqueue_actions_batch_003.csv
51319,1409,12,2026-01-19,ESCALATE,1,Y,2026-01-19 10:00:00,batch_003,workqueue_actions_batch_003.csv
51320,1964,6,2026-01-18,REVIEW,0,N,2026-01-19 10:00:00,batch_003,workqueue_actions_batch_003.csv
51321,1336,6,2026-01-16,NOTE,2,Y,2026-01-19 10:00:00,batch_003,workqueue_actions_batch_003.csv
51322,1242,13,2026-01-17,REVIEW,0,N,2026-01-19 10:00:00,batch_003,workqueue_actions_batch_003.csv
51323,2872,5,2026-01-19,REVIEW,1,Y,2026-01-19 10:00:00,batch_003,workqueue_actions_batch_003.csv
51324,2599,9,2026-01-16,ESCALATE,0,Y,2026-01-19 10:00:00,batch_003,workqueue_actions_batch_003.csv
51325,4393,1,2026-01-17,REVIEW,4,N,2026-01-19 10:00:00,batch_003,workqueue_actions_batch_003.csv
51326,1432,11,2026-01-16,CALL,4,N,2026-01-19 10:00:00,batch_003,workqueue_actions_batch_003.csv
51327,3572,3,2026-01-19,CALL,1,N,2026-01-19 10:00:00,batch_003,workqueue_actions_batch_003.csv
51328,3902,13,2026-01-16,CALL,3,Y,2026-01-19 10:00:00,batch_003,workqueue_actions_batch_003.csv
51329,4347,2,2026-01-14,CALL,1,N,2026-01-19 10:00:00,batch_003,workqueue_actions_batch_003.csv
51330,2249,19,2026-01-14,REVIEW,4,N,2026-01-19 10:00:00,batch_003,workqueue_actions_batch_003.csv
51331,2225,7,2026-01-19,ESCALATE,0,Y,2026-01-19 10:00:00,batch_003,workqueue_actions_batch_003.csv
51332,3671,7,2026-01-14,CALL,4,Y,2026-01-19 10:00:00,batch_003,workqueue_actions_batch_003.csv
51333,2890,1,2026-01-14,ESCALATE,4,N,2026-01-19 10:00:00,batch_003,workqueue_actions_batch_003.csv
51334,4206,3,2026-01-16,ESCALATE,0,Y,2026-01-19 10:00:00,batch_003,workqueue_actions_batch_003.csv
51335,3525,13,2026-01-18,ESCALATE,0,Y,2026-01-19 10:00:00,batch_003,workqueue_actions_batch_003.csv
51336,2391,14,2026-01-17,REVIEW,4,N,2026-01-19 10:00:00,batch_003,workqueue_actions_batch_003.csv
51337,3340,14,2026-01-19,NOTE,3,N,2026-01-19 10:00:00,batch_003,workqueue_actions_batch_003.csv
51338,3555,4,2026-01-19,NOTE,4,N,2026-01-19 10:00:00,batch_003,workqueue_actions_batch_003.csv
51339,1913,15,2026-01-14,NOTE,4,Y,2026-01-19 10:00:00,batch_003,workqueue_actions_batch_003.csv
51340,1904,10,2026-01-18,REVIEW,3,Y,2026-01-19 10:00:00,batch_003,workqueue_actions_batch_003.csv
51341,1754,4,2026-01-15,CALL,0,N,2026-01-19 10:00:00,batch_003,workqueue_actions_batch_003.csv
51342,2147,11,2026-01-16,REVIEW,0,N,2026-01-19 10:00:00,batch_003,workqueue_actions_batch_003.csv
51343,1845,6,2026-01-16,CALL,4,N,2026-01-19 10:00:00,batch_003,workqueue_actions_batch_003.csv
51344,1760,3,2026-01-16,ESCALATE,2,Y,2026-01-19 10:00:00,batch_003,workqueue_actions_batch_003.csv
51345,3700,8,2026-01-19,REVIEW,3,N,2026-01-19 10:00:00,batch_003,workqueue_actions_batch_003.csv
51346,2878,15,2026-01-19,CALL,2,N,2026-01-19 10:00:00,batch_003,workqueue_actions_batch_003.csv
51347,2529,4,2026-01-17,CALL,1,N,2026-01-19 10:00:00,batch_003,workqueue_actions_batch_003.csv
51348,3739,10,2026-01-19,CALL,1,N,2026-01-19 10:00:00,batch_003,workqueue_actions_batch_003.csv
51349,2707,5,2026-01-16,REVIEW,3,Y,2026-01-19 10:00:00,batch_003,workqueue_actions_batch_003.csv
51350,1920,6,2026-01-14,ESCALATE,4,Y,2026-01-19 10:00:00,batch_003,workqueue_actions_batch_003.csv
51351,2204,2,2026-01-19,ESCALATE,3,N,2026-01-19 10:00:00,batch_003,workqueue_actions_batch_003.csv
51352,3747,10,2026-01-18,NOTE,3,Y,2026-01-19 10:00:00,batch_003,workqueue_actions_batch_003.csv
51353,3002,3,2026-01-19,ESCALATE,3,N,2026-01-19 10:00:00,batch_003,workqueue_actions_batch_003.csv
51354,2633,1,2026-01-17,NOTE,2,Y,2026-01-19 10:00:00,batch_003,workqueue_actions_batch_003.csv
51355,1096,6,2026-01-14,NOTE,2,N,2026-01-19 10:00:00,batch_003,workqueue_actions_batch_003.csv
51356,5351,10,2026-01-18,ESCALATE,0,Y,2026-01-19 10:00:00,batch_003,workqueue_actions_batch_003.csv
51357,1476,6,2026-01-16,ESCALATE,4,Y,2026-01-19 10:00:00,batch_003,workqueue_actions_batch_003.csv
51358,5020,16,2026-01-17,CALL,1,Y,2026-01-19 10:00:00,batch_003,workqueue_actions_batch_003.csv
51359,3509,1,2026-01-14,CALL,2,Y,2026-01-19 10:00:00,batch_003,workqueue_actions_batch_003.csv
51360,5150,11,2026-01-18,REVIEW,0,Y,2026-01-19 10:00:00,batch_003,workqueue_actions_batch_003.csv
51361,4599,19,2026-01-18,ESCALATE,0,N,2026-01-19 10:00:00,batch_003,workqueue_actions_batch_003.csv
51362,3251,4,2026-01-18,CALL,4,N,2026-01-19 10:00:00,batch_003,workqueue_actions_batch_003.csv
51363,3152,12,2026-01-18,REVIEW,2,N,2026-01-19 10:00:00,batch_003,workqueue_actions_batch_003.csv
51364,4359,19,2026-01-15,REVIEW,3,N,2026-01-19 10:00:00,batch_003,workqueue_actions_batch_003.csv
51365,3269,6,2026-01-17,CALL,2,Y,2026-01-19 10:00:00,batch_003,workqueue_actions_batch_003.csv
51366,4636,10,2026-01-17,CALL,0,N,2026-01-19 10:00:00,batch_003,workqueue_actions_batch_003.csv
51367,3363,7,2026-01-19,ESCALATE,4,N,2026-01-19 10:00:00,batch_003,workqueue_actions_batch_003.csv
51368,5457,9,2026-01-17,REVIEW,3,Y,2026-01-19 10:00:00,batch_003,workqueue_actions_batch_003.csv
51369,3986,18,2026-01-19,ESCALATE,3,Y,2026-01-19 10:00:00,batch_003,workqueue_actions_batch_003.csv
51370,2302,18,2026-01-18,REVIEW,4,N,2026-01-19 10:00:00,batch_003,workqueue_actions_batch_003.csv
51371,2093,15,2026-01-14,REVIEW,4,Y,2026-01-19 10:00:00,batch_003,workqueue_actions_batch_003.csv
51372,1325,12,2026-01-18,CALL,4,N,2026-01-19 10:00:00,batch_003,workqueue_actions_batch_003.csv
51373,5354,3,2026-01-17,ESCALATE,1,Y,2026-01-19 10:00:00,batch_003,workqueue_actions_batch_003.csv
51374,3911,1,2026-01-14,REVIEW,4,N,2026-01-19 10:00:00,batch_003,workqueue_actions_batch_003.csv
51375,4672,1,2026-01-14,ESCALATE,1,Y,2026-01-19 10:00:00,batch_003,workqueue_actions_batch_003.csv
51376,2855,20,2026-01-16,REVIEW,3,Y,2026-01-19 10:00:00,batch_003,workqueue_actions_batch_003.csv
51377,3092,11,2026-01-16,ESCALATE,1,N,2026-01-19 10:00:00,batch_003,workqueue_actions_batch_003.csv
51378,4242,5,2026-01-14,CALL,4,Y,2026-01-19 10:00:00,batch_003,workqueue_actions_batch_003.csv
51379,4085,20,2026-01-16,CALL,0,Y,2026-01-19 10:00:00,batch_003,workqueue_actions_batch_003.csv
51380,1832,17,2026-01-18,ESCALATE,1,Y,2026-01-19 10:00:00,batch_003,workqueue_actions_batch_003.csv
51381,2039,17,2026-01-16,NOTE,3,N,2026-01-19 10:00:00,batch_003,workqueue_actions_batch_003.csv
51382,3733,16,2026-01-17,ESCALATE,0,N,2026-01-19 10:00:00,batch_003,workqueue_actions_batch_003.csv
51383,3834,3,2026-01-16,CALL,1,Y,2026-01-19 10:00:00,batch_003,workqueue_actions_batch_003.csv
51384,3418,19,2026-01-17,REVIEW,1,Y,2026-01-19 10:00:00,batch_003,workqueue_actions_batch_003.csv
51385,2682,11,2026-01-18,CALL,0,Y,2026-01-19 10:00:00,batch_003,workqueue_actions_batch_003.csv
51386,4881,15,2026-01-14,CALL,1,N,2026-01-19 10:00:00,batch_003,workqueue_actions_batch_003.csv
51387,4733,13,2026-01-19,CALL,3,N,2026-01-19 10:00:00,batch_003,workqueue_actions_batch_003.csv
51388,2295,2,2026-01-16,CALL,4,N,2026-01-19 10:00:00,batch_003,workqueue_actions_batch_003.csv
51389,5123,15,2026-01-17,CALL,0,Y,2026-01-19 10:00:00,batch_003,workqueue_actions_batch_003.csv
51390,3597,16,2026-01-16,CALL,3,Y,2026-01-19 10:00:00,batch_003,workqueue_actions_batch_003.csv
51391,1380,14,2026-01-19,REVIEW,4,N,2026-01-19 10:00:00,batch_003,workqueue_actions_batch_003.csv
51392,1830,14,2026-01-19,REVIEW,4,N,2026-01-19 10:00:00,batch_003,workqueue_actions_batch_003.csv
51393,1714,3,2026-01-16,CALL,0,Y,2026-01-19 10:00:00,batch_003,workqueue_actions_batch_003.csv
51394,3233,10,2026-01-17,NOTE,2,Y,2026-01-19 10:00:00,batch_003,workqueue_actions_batch_003.csv
51395,5176,9,2026-01-16,NOTE,4,N,2026-01-19 10:00:00,batch_003,workqueue_actions_batch_003.csv
51396,1949,9,2026-01-18,ESCALATE,1,Y,2026-01-19 10:00:00,batch_003,workqueue_actions_batch_003.csv
51397,5130,11,2026-01-18,CALL,3,Y,2026-01-19 10:00:00,batch_003,workqueue_actions_batch_003.csv
51398,1836,5,2026-01-14,CALL,2,N,2026-01-19 10:00:00,batch_003,workqueue_actions_batch_003.csv
51399,1473,15,2026-01-18,CALL,0,N,2026-01-19 10:00:00,batch_003,workqueue_actions_batch_003.csv
51400,4190,18,2026-01-18,REVIEW,3,N,2026-01-19 10:00:00,batch_003,workqueue_actions_batch_003.csv
51401,4383,15,2026-01-15,ESCALATE,4,Y,2026-01-19 10:00:00,batch_003,workqueue_actions_batch_003.csv
51402,2447,8,2026-01-15,REVIEW,4,N,2026-01-19 10:00:00,batch_003,workqueue_actions_batch_003.csv
51403,2210,4,2026-01-16,ESCALATE,4,N,2026-01-19 10:00:00,batch_003,workqueue_actions_batch_003.csv
51404,3533,20,2026-01-14,ESCALATE,0,N,2026-01-19 10:00:00,batch_003,workqueue_actions_batch_003.csv
51405,4632,5,2026-01-19,ESCALATE,3,Y,2026-01-19 10:00:00,batch_003,workqueue_actions_batch_003.csv
51406,3414,2,2026-01-19,ESCALATE,2,Y,2026-01-19 10:00:00,batch_003,workqueue_actions_batch_003.csv
51407,4286,7,2026-01-15,ESCALATE,4,Y,2026-01-19 10:00:00,batch_003,workqueue_actions_batch_003.csv
51408,1242,10,2026-01-16,REVIEW,4,N,2026-01-19 10:00:00,batch_003,workqueue_actions_batch_003.csv
51409,4301,2,2026-01-14,NOTE,1,Y,2026-01-19 10:00:00,batch_003,workqueue_actions_batch_003.csv
51410,2212,18,2026-01-19,ESCALATE,4,Y,2026-01-19 10:00:00,batch_003,workqueue_actions_batch_003.csv
51411,1250,4,2026-01-16,NOTE,2,N,2026-01-19 10:00:00,batch_003,workqueue_actions_batch_003.csv
51412,5116,15,2026-01-14,REVIEW,4,N,2026-01-19 10:00:00,batch_003,workqueue_actions_batch_003.csv
51413,5467,14,2026-01-18,ESCALATE,3,N,2026-01-19 10:00:00,batch_003,workqueue_actions_batch_003.csv
51414,2192,13,2026-01-16,ESCALATE,1,N,2026-01-19 10:00:00,batch_003,workqueue_actions_batch_003.csv
51415,2331,4,2026-01-16,CALL,3,N,2026-01-19 10:00:00,batch_003,workqueue_actions_batch_003.csv
51416,3765,18,2026-01-17,CALL,4,Y,2026-01-19 10:00:00,batch_003,workqueue_actions_batch_003.csv
51417,1643,2,2026-01-17,REVIEW,0,Y,2026-01-19 10:00:00,batch_003,workqueue_actions_batch_003.csv
51418,3259,1,2026-01-16,NOTE,4,N,2026-01-19 10:00:00,batch_003,workqueue_actions_batch_003.csv
51419,2664,12,2026-01-18,CALL,4,N,2026-01-19 10:00:00,batch_003,workqueue_actions_batch_003.csv
51420,2892,10,2026-01-15,NOTE,1,N,2026-01-19 10:00:00,batch_003,workqueue_actions_batch_003.csv
51421,4909,4,2026-01-14,NOTE,3,N,2026-01-19 10:00:00,batch_003,workqueue_actions_batch_003.csv
51422,3422,7,2026-01-15,CALL,4,N,2026-01-19 10:00:00,batch_003,workqueue_actions_batch_003.csv
51423,1581,13,2026-01-18,CALL,4,Y,2026-01-19 10:00:00,batch_003,workqueue_actions_batch_003.csv
51424,1818,16,2026-01-18,CALL,1,Y,2026-01-19 10:00:00,batch_003,workqueue_actions_batch_003.csv
51425,5074,4,2026-01-18,ESCALATE,4,N,2026-01-19 10:00:00,batch_003,workqueue_actions_batch_003.csv
51426,3032,17,2026-01-17,NOTE,0,Y,2026-01-19 10:00:00,batch_003,workqueue_actions_batch_003.csv
51427,3893,19,2026-01-14,NOTE,2,N,2026-01-19 10:00:00,batch_003,workqueue_actions_batch_003.csv
51428,5197,19,2026-01-17,NOTE,4,N,2026-01-19 10:00:00,batch_003,workqueue_actions_batch_003.csv
51429,3544,3,2026-01-17,REVIEW,2,N,2026-01-19 10:00:00,batch_003,workqueue_actions_batch_003.csv
51430,4518,4,2026-01-16,ESCALATE,1,Y,2026-01-19 10:00:00,batch_003,workqueue_actions_batch_003.csv
51431,1665,12,2026-01-17,ESCALATE,0,Y,2026-01-19 10:00:00,batch_003,workqueue_actions_batch_003.csv
51432,1083,15,2026-01-14,NOTE,0,Y,2026-01-19 10:00:00,batch_003,workqueue_actions_batch_003.csv
51433,2066,18,2026-01-16,ESCALATE,4,Y,2026-01-19 10:00:00,batch_003,workqueue_actions_batch_003.csv
51434,2794,11,2026-01-16,CALL,2,Y,2026-01-19 10:00:00,batch_003,workqueue_actions_batch_003.csv
51435,4636,20,2026-01-16,REVIEW,2,Y,2026-01-19 10:00:00,batch_003,workqueue_actions_batch_003.csv
51436,5500,9,2026-01-14,NOTE,0,N,2026-01-19 10:00:00,batch_003,workqueue_actions_batch_003.csv
51437,2420,19,2026-01-14,CALL,4,Y,2026-01-19 10:00:00,batch_003,workqueue_actions_batch_003.csv
51438,5027,2,2026-01-16,ESCALATE,4,N,2026-01-19 10:00:00,batch_003,workqueue_actions_batch_003.csv
51439,3052,18,2026-01-18,NOTE,4,N,2026-01-19 10:00:00,batch_003,workqueue_actions_batch_003.csv
51440,5478,20,2026-01-14,REVIEW,1,Y,2026-01-19 10:00:00,batch_003,workqueue_actions_batch_003.csv
51441,1148,18,2026-01-15,CALL,4,N,2026-01-19 10:00:00,batch_003,workqueue_actions_batch_003.csv
51442,5297,16,2026-01-19,ESCALATE,2,Y,2026-01-19 10:00:00,batch_003,workqueue_actions_batch_003.csv
51443,1584,17,2026-01-16,ESCALATE,0,N,2026-01-19 10:00:00,batch_003,workqueue_actions_batch_003.csv
51444,5109,8,2026-01-19,NOTE,3,Y,2026-01-19 10:00:00,batch_003,workqueue_actions_batch_003.csv
51445,1749,18,2026-01-17,REVIEW,0,N,2026-01-19 10:00:00,batch_003,workqueue_actions_batch_003.csv
51446,3572,15,2026-01-17,REVIEW,1,N,2026-01-19 10:00:00,batch_003,workqueue_actions_batch_003.csv
51447,1823,18,2026-01-15,REVIEW,1,Y,2026-01-19 10:00:00,batch_003,workqueue_actions_batch_003.csv
51448,1455,6,2026-01-17,ESCALATE,0,N,2026-01-19 10:00:00,batch_003,workqueue_actions_batch_003.csv
51449,5014,8,2026-01-14,REVIEW,3,Y,2026-01-19 10:00:00,batch_003,workqueue_actions_batch_003.csv
51450,5351,5,2026-01-18,ESCALATE,1,Y,2026-01-19 10:00:00,batch_003,workqueue_actions_batch_003.csv
51451,4939,3,2026-01-17,NOTE,1,N,2026-01-19 10:00:00,batch_003,workqueue_actions_batch_003.csv
51452,1482,10,2026-01-16,CALL,2,N,2026-01-19 10:00:00,batch_003,workqueue_actions_batch_003.csv
51453,5024,16,2026-01-16,ESCALATE,4,N,2026-01-19 10:00:00,batch_003,workqueue_actions_batch_003.csv
51454,4896,11,2026-01-15,NOTE,0,Y,2026-01-19 10:00:00,batch_003,workqueue_actions_batch_003.csv
51455,2727,20,2026-01-17,REVIEW,1,N,2026-01-19 10:00:00,batch_003,workqueue_actions_batch_003.csv
51456,3338,5,2026-01-19,NOTE,3,N,2026-01-19 10:00:00,batch_003,workqueue_actions_batch_003.csv
51457,3635,3,2026-01-14,NOTE,4,Y,2026-01-19 10:00:00,batch_003,workqueue_actions_batch_003.csv
51458,4304,16,2026-01-15,NOTE,4,Y,2026-01-19 10:00:00,batch_003,workqueue_actions_batch_003.csv
51459,3621,2,2026-01-14,CALL,4,N,2026-01-19 10:00:00,batch_003,workqueue_actions_batch_003.csv
51460,5273,8,2026-01-15,CALL,2,N,2026-01-19 10:00:00,batch_003,workqueue_actions_batch_003.csv
51461,2753,17,2026-01-16,REVIEW,3,Y,2026-01-19 10:00:00,batch_003,workqueue_actions_batch_003.csv
51462,1720,20,2026-01-19,NOTE,0,Y,2026-01-19 10:00:00,batch_003,workqueue_actions_batch_003.csv
51463,4972,18,2026-01-15,NOTE,0,N,2026-01-19 10:00:00,batch_003,workqueue_actions_batch_003.csv
51464,2163,3,2026-01-15,NOTE,2,Y,2026-01-19 10:00:00,batch_003,workqueue_actions_batch_003.csv
51465,4651,10,2026-01-19,NOTE,4,Y,2026-01-19 10:00:00,batch_003,workqueue_actions_batch_003.csv
51466,3185,3,2026-01-18,NOTE,3,Y,2026-01-19 10:00:00,batch_003,workqueue_actions_batch_003.csv
51467,2920,5,2026-01-15,NOTE,4,N,2026-01-19 10:00:00,batch_003,workqueue_actions_batch_003.csv
51468,1659,8,2026-01-16,ESCALATE,1,Y,2026-01-19 10:00:00,batch_003,workqueue_actions_batch_003.csv
51469,1477,20,2026-01-18,ESCALATE,4,Y,2026-01-19 10:00:00,batch_003,workqueue_actions_batch_003.csv
51470,3457,1,2026-01-19,REVIEW,2,N,2026-01-19 10:00:00,batch_003,workqueue_actions_batch_003.csv
51471,1162,7,2026-01-19,REVIEW,1,Y,2026-01-19 10:00:00,batch_003,workqueue_actions_batch_003.csv
51472,5307,8,2026-01-15,CALL,0,Y,2026-01-19 10:00:00,batch_003,workqueue_actions_batch_003.csv
51473,2682,9,2026-01-14,REVIEW,1,N,2026-01-19 10:00:00,batch_003,workqueue_actions_batch_003.csv
51474,2994,10,2026-01-17,NOTE,1,Y,2026-01-19 10:00:00,batch_003,workqueue_actions_batch_003.csv
51475,5041,11,2026-01-14,ESCALATE,2,Y,2026-01-19 10:00:00,batch_003,workqueue_actions_batch_003.csv
51476,2760,18,2026-01-16,ESCALATE,2,Y,2026-01-19 10:00:00,batch_003,workqueue_actions_batch_003.csv
51477,2541,19,2026-01-17,NOTE,0,Y,2026-01-19 10:00:00,batch_003,workqueue_actions_batch_003.csv
51478,2428,14,2026-01-19,ESCALATE,3,Y,2026-01-19 10:00:00,batch_003,workqueue_actions_batch_003.csv
51479,3433,10,2026-01-17,ESCALATE,3,N,2026-01-19 10:00:00,batch_003,workqueue_actions_batch_003.csv
51480,1152,16,2026-01-15,NOTE,1,Y,2026-01-19 10:00:00,batch_003,workqueue_actions_batch_003.csv
51481,2381,17,2026-01-19,REVIEW,4,Y,2026-01-19 10:00:00,batch_003,workqueue_actions_batch_003.csv
51482,5157,19,2026-01-16,ESCALATE,3,Y,2026-01-19 10:00:00,batch_003,workqueue_actions_batch_003.csv
51483,4016,1,2026-01-19,CALL,1,Y,2026-01-19 10:00:00,batch_003,workqueue_actions_batch_003.csv
51484,3219,12,2026-01-14,CALL,2,N,2026-01-19 10:00:00,batch_003,workqueue_actions_batch_003.csv
51485,2658,13,2026-01-18,CALL,4,Y,2026-01-19 10:00:00,batch_003,workqueue_actions_batch_003.csv
51486,5472,13,2026-01-19,REVIEW,3,Y,2026-01-19 10:00:00,batch_003,workqueue_actions_batch_003.csv
51487,1064,3,2026-01-15,REVIEW,3,Y,2026-01-19 10:00:00,batch_003,workqueue_actions_batch_003.csv
51488,3614,20,2026-01-17,REVIEW,0,N,2026-01-19 10:00:00,batch_003,workqueue_actions_batch_003.csv
51489,4260,5,2026-01-15,NOTE,1,Y,2026-01-19 10:00:00,batch_003,workqueue_actions_batch_003.csv
51490,1351,15,2026-01-15,CALL,1,N,2026-01-19 10:00:00,batch_003,workqueue_actions_batch_003.csv
51491,3152,13,2026-01-17,NOTE,3,Y,2026-01-19 10:00:00,batch_003,workqueue_actions_batch_003.csv
51492,1238,19,2026-01-15,ESCALATE,4,N,2026-01-19 10:00:00,batch_003,workqueue_actions_batch_003.csv
51493,2257,15,2026-01-19,CALL,1,N,2026-01-19 10:00:00,batch_003,workqueue_actions_batch_003.csv
51494,4582,1,2026-01-16,NOTE,0,N,2026-01-19 10:00:00,batch_003,workqueue_actions_batch_003.csv
51495,2604,19,2026-01-19,REVIEW,4,Y,2026-01-19 10:00:00,batch_003,workqueue_actions_batch_003.csv
51496,2863,9,2026-01-16,CALL,0,Y,2026-01-19 10:00:00,batch_003,workqueue_actions_batch_003.csv
51497,3620,4,2026-01-14,CALL,1,Y,2026-01-19 10:00:00,batch_003,workqueue_actions_batch_003.csv
51498,4777,18,2026-01-15,CALL,0,N,2026-01-19 10:00:00,batch_003,workqueue_actions_batch_003.csv
51499,5221,4,2026-01-17,CALL,4,N,2026-01-19 10:00:00,batch_003,workqueue_actions_batch_003.csv
51500,3322,20,2026-01-14,REVIEW,0,N,2026-01-19 10:00:00,batch_003,workqueue_actions_batch_003.csv
51501,3351,2,2026-01-18,NOTE,2,N,2026-01-19 10:00:00,batch_003,workqueue_actions_batch_003.csv
51502,3178,6,2026-01-17,CALL,3,N,2026-01-19 10:00:00,batch_003,workqueue_actions_batch_003.csv
51503,3213,13,2026-01-15,NOTE,3,Y,2026-01-19 10:00:00,batch_003,workqueue_actions_batch_003.csv
51504,4168,6,2026-01-15,REVIEW,2,Y,2026-01-19 10:00:00,batch_003,workqueue_actions_batch_003.csv
51505,3641,4,2026-01-14,ESCALATE,2,Y,2026-01-19 10:00:00,batch_003,workqueue_actions_batch_003.csv
51506,4682,19,2026-01-15,NOTE,4,Y,2026-01-19 10:00:00,batch_003,workqueue_actions_batch_003.csv
51507,2716,18,2026-01-17,ESCALATE,1,N,2026-01-19 10:00:00,batch_003,workqueue_actions_batch_003.csv
51508,1698,7,2026-01-17,REVIEW,0,N,2026-01-19 10:00:00,batch_003,workqueue_actions_batch_003.csv
51509,5036,4,2026-01-15,NOTE,4,N,2026-01-19 10:00:00,batch_003,workqueue_actions_batch_003.csv
51510,4700,12,2026-01-17,NOTE,3,Y,2026-01-19 10:00:00,batch_003,workqueue_actions_batch_003.csv
51511,4258,11,2026-01-16,NOTE,2,Y,2026-01-19 10:00:00,batch_003,workqueue_actions_batch_003.csv
51512,2149,20,2026-01-19,ESCALATE,1,N,2026-01-19 10:00:00,batch_003,workqueue_actions_batch_003.csv
51513,3739,3,2026-01-14,CALL,3,N,2026-01-19 10:00:00,batch_003,workqueue_actions_batch_003.csv
51514,2762,7,2026-01-16,REVIEW,3,N,2026-01-19 10:00:00,batch_003,workqueue_actions_batch_003.csv
51515,5468,3,2026-01-18,ESCALATE,3,N,2026-01-19 10:00:00,batch_003,workqueue_actions_batch_003.csv
51516,1036,19,2026-01-14,ESCALATE,1,Y,2026-01-19 10:00:00,batch_003,workqueue_actions_batch_003.csv
51517,1060,11,2026-01-16,CALL,0,N,2026-01-19 10:00:00,batch_003,workqueue_actions_batch_003.csv
51518,4280,6,2026-01-16,REVIEW,1,Y,2026-01-19 10:00:00,batch_003,workqueue_actions_batch_003.csv
51519,2143,15,2026-01-17,CALL,1,Y,2026-01-19 10:00:00,batch_003,workqueue_actions_batch_003.csv
51520,3508,2,2026-01-14,REVIEW,1,N,2026-01-19 10:00:00,batch_003,workqueue_actions_batch_003.csv
51521,2870,3,2026-01-19,NOTE,1,N,2026-01-19 10:00:00,batch_003,workqueue_actions_batch_003.csv
51522,4123,4,2026-01-17,ESCALATE,2,N,2026-01-19 10:00:00,batch_003,workqueue_actions_batch_003.csv
51523,4192,4,2026-01-16,REVIEW,4,N,2026-01-19 10:00:00,batch_003,workqueue_actions_batch_003.csv
51524,2223,14,2026-01-16,NOTE,4,N,2026-01-19 10:00:00,batch_003,workqueue_actions_batch_003.csv
51525,2828,10,2026-01-19,ESCALATE,0,N,2026-01-19 10:00:00,batch_003,workqueue_actions_batch_003.csv
51526,1681,13,2026-01-17,REVIEW,3,N,2026-01-19 10:00:00,batch_003,workqueue_actions_batch_003.csv
51527,5239,1,2026-01-18,NOTE,2,N,2026-01-19 10:00:00,batch_003,workqueue_actions_batch_003.csv
51528,4758,19,2026-01-15,ESCALATE,0,N,2026-01-19 10:00:00,batch_003,workqueue_actions_batch_003.csv
51529,2835,9,2026-01-15,NOTE,1,N,2026-01-19 10:00:00,batch_003,workqueue_actions_batch_003.csv
51530,2928,18,2026-01-15,NOTE,3,Y,2026-01-19 10:00:00,batch_003,workqueue_actions_batch_003.csv
51531,3656,20,2026-01-14,REVIEW,3,N,2026-01-19 10:00:00,batch_003,workqueue_actions_batch_003.csv
51532,4264,9,2026-01-17,ESCALATE,1,Y,2026-01-19 10:00:00,batch_003,workqueue_actions_batch_003.csv
51533,3535,1,2026-01-16,ESCALATE,0,N,2026-01-19 10:00:00,batch_003,workqueue_actions_batch_003.csv
51534,4254,1,2026-01-18,NOTE,4,N,2026-01-19 10:00:00,batch_003,workqueue_actions_batch_003.csv
51535,1122,20,2026-01-18,CALL,3,Y,2026-01-19 10:00:00,batch_003,workqueue_actions_batch_003.csv
51536,4200,17,2026-01-18,CALL,4,Y,2026-01-19 10:00:00,batch_003,workqueue_actions_batch_003.csv
51537,2517,14,2026-01-16,CALL,0,Y,2026-01-19 10:00:00,batch_003,workqueue_actions_batch_003.csv
51538,5367,14,2026-01-19,ESCALATE,4,Y,2026-01-19 10:00:00,batch_003,workqueue_actions_batch_003.csv
51539,4599,11,2026-01-18,ESCALATE,1,Y,2026-01-19 10:00:00,batch_003,workqueue_actions_batch_003.csv
51540,1415,11,2026-01-18,REVIEW,3,Y,2026-01-19 10:00:00,batch_003,workqueue_actions_batch_003.csv
51541,3591,11,2026-01-14,REVIEW,2,Y,2026-01-19 10:00:00,batch_003,workqueue_actions_batch_003.csv
51542,2346,1,2026-01-18,CALL,2,N,2026-01-19 10:00:00,batch_003,workqueue_actions_batch_003.csv
51543,1320,17,2026-01-19,CALL,4,Y,2026-01-19 10:00:00,batch_003,workqueue_actions_batch_003.csv
51544,3429,11,2026-01-16,CALL,2,Y,2026-01-19 10:00:00,batch_003,workqueue_actions_batch_003.csv
51545,3479,4,2026-01-18,ESCALATE,0,N,2026-01-19 10:00:00,batch_003,workqueue_actions_batch_003.csv
51546,1156,6,2026-01-14,ESCALATE,0,Y,2026-01-19 10:00:00,batch_003,workqueue_actions_batch_003.csv
51547,3443,13,2026-01-17,REVIEW,4,N,2026-01-19 10:00:00,batch_003,workqueue_actions_batch_003.csv
51548,2565,1,2026-01-19,ESCALATE,3,Y,2026-01-19 10:00:00,batch_003,workqueue_actions_batch_003.csv
51549,2986,17,2026-01-14,CALL,2,N,2026-01-19 10:00:00,batch_003,workqueue_actions_batch_003.csv
51550,2565,11,2026-01-15,ESCALATE,2,N,2026-01-19 10:00:00,batch_003,workqueue_actions_batch_003.csv
51551,2494,11,2026-01-15,ESCALATE,2,Y,2026-01-19 10:00:00,batch_003,workqueue_actions_batch_003.csv
51552,2728,8,2026-01-14,CALL,3,N,2026-01-19 10:00:00,batch_003,workqueue_actions_batch_003.csv
51553,3854,5,2026-01-18,ESCALATE,4,N,2026-01-19 10:00:00,batch_003,workqueue_actions_batch_003.csv
51554,5156,7,2026-01-18,REVIEW,1,Y,2026-01-19 10:00:00,batch_003,workqueue_actions_batch_003.csv
51555,1764,15,2026-01-17,REVIEW,2,Y,2026-01-19 10:00:00,batch_003,workqueue_actions_batch_003.csv
51556,4051,6,2026-01-14,REVIEW,4,Y,2026-01-19 10:00:00,batch_003,workqueue_actions_batch_003.csv
51557,5366,1,2026-01-14,NOTE,1,Y,2026-01-19 10:00:00,batch_003,workqueue_actions_batch_003.csv
51558,2698,9,2026-01-19,NOTE,3,N,2026-01-19 10:00:00,batch_003,workqueue_actions_batch_003.csv
51559,1896,19,2026-01-17,ESCALATE,4,N,2026-01-19 10:00:00,batch_003,workqueue_actions_batch_003.csv
51560,1577,15,2026-01-15,ESCALATE,1,N,2026-01-19 10:00:00,batch_003,workqueue_actions_batch_003.csv
51561,1220,18,2026-01-17,REVIEW,0,N,2026-01-19 10:00:00,batch_003,workqueue_actions_batch_003.csv
51562,5099,6,2026-01-19,NOTE,3,Y,2026-01-19 10:00:00,batch_003,workqueue_actions_batch_003.csv
51563,5006,6,2026-01-18,NOTE,3,N,2026-01-19 10:00:00,batch_003,workqueue_actions_batch_003.csv
51564,4464,17,2026-01-17,NOTE,2,Y,2026-01-19 10:00:00,batch_003,workqueue_actions_batch_003.csv
51565,4636,15,2026-01-17,NOTE,2,Y,2026-01-19 10:00:00,batch_003,workqueue_actions_batch_003.csv
51566,2721,17,2026-01-19,NOTE,0,Y,2026-01-19 10:00:00,batch_003,workqueue_actions_batch_003.csv
51567,4909,12,2026-01-16,NOTE,1,N,2026-01-19 10:00:00,batch_003,workqueue_actions_batch_003.csv
51568,2441,11,2026-01-15,REVIEW,1,N,2026-01-19 10:00:00,batch_003,workqueue_actions_batch_003.csv
51569,4659,10,2026-01-18,REVIEW,2,N,2026-01-19 10:00:00,batch_003,workqueue_actions_batch_003.csv
51570,5123,8,2026-01-16,NOTE,0,Y,2026-01-19 10:00:00,batch_003,workqueue_actions_batch_003.csv
51571,1302,17,2026-01-16,CALL,3,Y,2026-01-19 10:00:00,batch_003,workqueue_actions_batch_003.csv
51572,2909,14,2026-01-14,REVIEW,4,N,2026-01-19 10:00:00,batch_003,workqueue_actions_batch_003.csv
51573,2753,15,2026-01-17,NOTE,4,Y,2026-01-19 10:00:00,batch_003,workqueue_actions_batch_003.csv
51574,2054,20,2026-01-17,ESCALATE,2,Y,2026-01-19 10:00:00,batch_003,workqueue_actions_batch_003.csv
51575,2557,7,2026-01-17,CALL,4,N,2026-01-19 10:00:00,batch_003,workqueue_actions_batch_003.csv
51576,2409,5,2026-01-17,REVIEW,1,Y,2026-01-19 10:00:00,batch_003,workqueue_actions_batch_003.csv
51577,4330,4,2026-01-16,ESCALATE,1,N,2026-01-19 10:00:00,batch_003,workqueue_actions_batch_003.csv
51578,4155,20,2026-01-18,ESCALATE,4,Y,2026-01-19 10:00:00,batch_003,workqueue_actions_batch_003.csv
51579,2232,5,2026-01-19,CALL,1,N,2026-01-19 10:00:00,batch_003,workqueue_actions_batch_003.csv
51580,1435,18,2026-01-15,CALL,2,N,2026-01-19 10:00:00,batch_003,workqueue_actions_batch_003.csv
51581,2472,17,2026-01-16,NOTE,1,Y,2026-01-19 10:00:00,batch_003,workqueue_actions_batch_003.csv
51582,5229,14,2026-01-15,ESCALATE,1,Y,2026-01-19 10:00:00,batch_003,workqueue_actions_batch_003.csv
51583,5330,5,2026-01-14,NOTE,0,N,2026-01-19 10:00:00,batch_003,workqueue_actions_batch_003.csv
51584,3962,2,2026-01-18,CALL,3,N,2026-01-19 10:00:00,batch_003,workqueue_actions_batch_003.csv
51585,1657,4,2026-01-14,NOTE,1,N,2026-01-19 10:00:00,batch_003,workqueue_actions_batch_003.csv
51586,5248,3,2026-01-15,NOTE,0,N,2026-01-19 10:00:00,batch_003,workqueue_actions_batch_003.csv
51587,1870,13,2026-01-18,CALL,4,N,2026-01-19 10:00:00,batch_003,workqueue_actions_batch_003.csv
51588,3776,18,2026-01-15,NOTE,4,Y,2026-01-19 10:00:00,batch_003,workqueue_actions_batch_003.csv
51589,1746,10,2026-01-18,CALL,2,N,2026-01-19 10:00:00,batch_003,workqueue_actions_batch_003.csv
51590,4662,4,2026-01-16,CALL,2,Y,2026-01-19 10:00:00,batch_003,workqueue_actions_batch_003.csv
51591,2764,20,2026-01-15,NOTE,3,Y,2026-01-19 10:00:00,batch_003,workqueue_actions_batch_003.csv
51592,4796,17,2026-01-16,ESCALATE,4,N,2026-01-19 10:00:00,batch_003,workqueue_actions_batch_003.csv
51593,2263,20,2026-01-14,ESCALATE,1,N,2026-01-19 10:00:00,batch_003,workqueue_actions_batch_003.csv
51594,3190,18,2026-01-18,CALL,3,N,2026-01-19 10:00:00,batch_003,workqueue_actions_batch_003.csv
51595,3122,9,2026-01-16,REVIEW,3,Y,2026-01-19 10:00:00,batch_003,workqueue_actions_batch_003.csv
51596,2983,7,2026-01-15,ESCALATE,2,Y,2026-01-19 10:00:00,batch_003,workqueue_actions_batch_003.csv
51597,2113,8,2026-01-19,CALL,2,Y,2026-01-19 10:00:00,batch_003,workqueue_actions_batch_003.csv
51598,4003,14,2026-01-19,NOTE,0,N,2026-01-19 10:00:00,batch_003,workqueue_actions_batch_003.csv
51599,2609,2,2026-01-14,ESCALATE,2,N,2026-01-19 10:00:00,batch_003,workqueue_actions_batch_003.csv
51600,5259,20,2026-01-14,NOTE,0,N,2026-01-19 10:00:00,batch_003,workqueue_actions_batch_003.csv
51601,5065,11,2026-01-19,ESCALATE,4,Y,2026-01-19 10:00:00,batch_003,workqueue_actions_batch_003.csv
51602,5294,5,2026-01-16,REVIEW,0,Y,2026-01-19 10:00:00,batch_003,workqueue_actions_batch_003.csv
51603,5049,9,2026-01-15,ESCALATE,4,N,2026-01-19 10:00:00,batch_003,workqueue_actions_batch_003.csv
51604,1831,8,2026-01-17,NOTE,0,Y,2026-01-19 10:00:00,batch_003,workqueue_actions_batch_003.csv
51605,4867,14,2026-01-17,ESCALATE,3,Y,2026-01-19 10:00:00,batch_003,workqueue_actions_batch_003.csv
51606,2444,19,2026-01-16,REVIEW,2,Y,2026-01-19 10:00:00,batch_003,workqueue_actions_batch_003.csv
51607,2058,2,2026-01-19,REVIEW,0,N,2026-01-19 10:00:00,batch_003,workqueue_actions_batch_003.csv
51608,2941,15,2026-01-18,ESCALATE,1,Y,2026-01-19 10:00:00,batch_003,workqueue_actions_batch_003.csv
51609,4625,19,2026-01-15,CALL,0,N,2026-01-19 10:00:00,batch_003,workqueue_actions_batch_003.csv
51610,1053,1,2026-01-18,CALL,4,N,2026-01-19 10:00:00,batch_003,workqueue_actions_batch_003.csv
51611,2180,18,2026-01-14,CALL,3,N,2026-01-19 10:00:00,batch_003,workqueue_actions_batch_003.csv
51612,1660,3,2026-01-15,REVIEW,4,Y,2026-01-19 10:00:00,batch_003,workqueue_actions_batch_003.csv
51613,3297,14,2026-01-15,NOTE,0,N,2026-01-19 10:00:00,batch_003,workqueue_actions_batch_003.csv
51614,2871,9,2026-01-19,NOTE,1,Y,2026-01-19 10:00:00,batch_003,workqueue_actions_batch_003.csv
51615,5095,3,2026-01-19,ESCALATE,2,Y,2026-01-19 10:00:00,batch_003,workqueue_actions_batch_003.csv
51616,3223,16,2026-01-17,CALL,4,Y,2026-01-19 10:00:00,batch_003,workqueue_actions_batch_003.csv
51617,1928,17,2026-01-16,NOTE,4,Y,2026-01-19 10:00:00,batch_003,workqueue_actions_batch_003.csv
51618,4220,1,2026-01-15,ESCALATE,4,N,2026-01-19 10:00:00,batch_003,workqueue_actions_batch_003.csv
51619,2901,19,2026-01-15,ESCALATE,2,Y,2026-01-19 10:00:00,batch_003,workqueue_actions_batch_003.csv
51620,1024,17,2026-01-15,ESCALATE,1,Y,2026-01-19 10:00:00,batch_003,workqueue_actions_batch_003.csv
51621,4385,6,2026-01-15,CALL,1,Y,2026-01-19 10:00:00,batch_003,workqueue_actions_batch_003.csv
51622,4256,12,2026-01-18,CALL,0,Y,2026-01-19 10:00:00,batch_003,workqueue_actions_batch_003.csv
51623,4674,20,2026-01-15,CALL,2,N,2026-01-19 10:00:00,batch_003,workqueue_actions_batch_003.csv
51624,1483,10,2026-01-19,NOTE,3,N,2026-01-19 10:00:00,batch_003,workqueue_actions_batch_003.csv
51625,5104,13,2026-01-14,ESCALATE,4,N,2026-01-19 10:00:00,batch_003,workqueue_actions_batch_003.csv
51626,2065,10,2026-01-18,NOTE,1,Y,2026-01-19 10:00:00,batch_003,workqueue_actions_batch_003.csv
51627,1184,6,2026-01-15,REVIEW,3,N,2026-01-19 10:00:00,batch_003,workqueue_actions_batch_003.csv
51628,4263,14,2026-01-17,CALL,1,N,2026-01-19 10:00:00,batch_003,workqueue_actions_batch_003.csv
51629,2482,19,2026-01-15,CALL,2,N,2026-01-19 10:00:00,batch_003,workqueue_actions_batch_003.csv
51630,2766,11,2026-01-17,CALL,3,N,2026-01-19 10:00:00,batch_003,workqueue_actions_batch_003.csv
51631,5244,2,2026-01-17,CALL,3,N,2026-01-19 10:00:00,batch_003,workqueue_actions_batch_003.csv
51632,2927,8,2026-01-19,REVIEW,1,N,2026-01-19 10:00:00,batch_003,workqueue_actions_batch_003.csv
51633,4131,4,2026-01-14,CALL,4,Y,2026-01-19 10:00:00,batch_003,workqueue_actions_batch_003.csv
51634,2529,14,2026-01-14,CALL,1,N,2026-01-19 10:00:00,batch_003,workqueue_actions_batch_003.csv
51635,1685,17,2026-01-15,REVIEW,3,N,2026-01-19 10:00:00,batch_003,workqueue_actions_batch_003.csv
51636,2189,19,2026-01-17,CALL,0,N,2026-01-19 10:00:00,batch_003,workqueue_actions_batch_003.csv
51637,1942,15,2026-01-19,CALL,1,N,2026-01-19 10:00:00,batch_003,workqueue_actions_batch_003.csv
51638,2595,1,2026-01-16,ESCALATE,1,Y,2026-01-19 10:00:00,batch_003,workqueue_actions_batch_003.csv
51639,3916,5,2026-01-19,ESCALATE,2,N,2026-01-19 10:00:00,batch_003,workqueue_actions_batch_003.csv
51640,3971,7,2026-01-14,REVIEW,2,Y,2026-01-19 10:00:00,batch_003,workqueue_actions_batch_003.csv
51641,1321,12,2026-01-16,REVIEW,3,N,2026-01-19 10:00:00,batch_003,workqueue_actions_batch_003.csv
51642,3521,5,2026-01-15,REVIEW,3,Y,2026-01-19 10:00:00,batch_003,workqueue_actions_batch_003.csv
51643,1647,16,2026-01-14,NOTE,4,N,2026-01-19 10:00:00,batch_003,workqueue_actions_batch_003.csv
51644,2689,20,2026-01-15,NOTE,3,N,2026-01-19 10:00:00,batch_003,workqueue_actions_batch_003.csv
51645,1685,4,2026-01-19,CALL,0,N,2026-01-19 10:00:00,batch_003,workqueue_actions_batch_003.csv
51646,5037,17,2026-01-15,CALL,2,N,2026-01-19 10:00:00,batch_003,workqueue_actions_batch_003.csv
51647,1933,12,2026-01-14,ESCALATE,2,N,2026-01-19 10:00:00,batch_003,workqueue_actions_batch_003.csv
51648,2815,11,2026-01-18,REVIEW,1,Y,2026-01-19 10:00:00,batch_003,workqueue_actions_batch_003.csv
51649,1181,19,2026-01-17,REVIEW,3,N,2026-01-19 10:00:00,batch_003,workqueue_actions_batch_003.csv
51650,1199,4,2026-01-16,CALL,2,N,2026-01-19 10:00:00,batch_003,workqueue_actions_batch_003.csv
51651,4321,3,2026-01-17,CALL,2,N,2026-01-19 10:00:00,batch_003,workqueue_actions_batch_003.csv
51652,3593,11,2026-01-18,REVIEW,3,N,2026-01-19 10:00:00,batch_003,workqueue_actions_batch_003.csv
51653,4224,5,2026-01-14,NOTE,3,Y,2026-01-19 10:00:00,batch_003,workqueue_actions_batch_003.csv
51654,4353,4,2026-01-16,CALL,2,Y,2026-01-19 10:00:00,batch_003,workqueue_actions_batch_003.csv
51655,3774,6,2026-01-16,ESCALATE,1,Y,2026-01-19 10:00:00,batch_003,workqueue_actions_batch_003.csv
51656,1136,14,2026-01-19,REVIEW,2,N,2026-01-19 10:00:00,batch_003,workqueue_actions_batch_003.csv
51657,4515,9,2026-01-19,CALL,1,Y,2026-01-19 10:00:00,batch_003,workqueue_actions_batch_003.csv
51658,5201,16,2026-01-14,NOTE,2,N,2026-01-19 10:00:00,batch_003,workqueue_actions_batch_003.csv
51659,5453,5,2026-01-19,CALL,2,Y,2026-01-19 10:00:00,batch_003,workqueue_actions_batch_003.csv
51660,1684,1,2026-01-19,CALL,4,Y,2026-01-19 10:00:00,batch_003,workqueue_actions_batch_003.csv
51661,4093,16,2026-01-15,CALL,1,N,2026-01-19 10:00:00,batch_003,workqueue_actions_batch_003.csv
51662,2939,6,2026-01-14,REVIEW,1,N,2026-01-19 10:00:00,batch_003,workqueue_actions_batch_003.csv
51663,4082,7,2026-01-17,REVIEW,0,Y,2026-01-19 10:00:00,batch_003,workqueue_actions_batch_003.csv
51664,3314,7,2026-01-17,CALL,1,N,2026-01-19 10:00:00,batch_003,workqueue_actions_batch_003.csv
51665,3330,2,2026-01-17,CALL,1,Y,2026-01-19 10:00:00,batch_003,workqueue_actions_batch_003.csv
51666,2132,18,2026-01-18,NOTE,2,Y,2026-01-19 10:00:00,batch_003,workqueue_actions_batch_003.csv
51667,4043,12,2026-01-19,CALL,1,N,2026-01-19 10:00:00,batch_003,workqueue_actions_batch_003.csv
51668,3066,18,2026-01-18,REVIEW,3,Y,2026-01-19 10:00:00,batch_003,workqueue_actions_batch_003.csv
51669,2655,4,2026-01-15,CALL,2,N,2026-01-19 10:00:00,batch_003,workqueue_actions_batch_003.csv
51670,2971,9,2026-01-16,REVIEW,3,Y,2026-01-19 10:00:00,batch_003,workqueue_actions_batch_003.csv
51671,2946,8,2026-01-18,REVIEW,1,Y,2026-01-19 10:00:00,batch_003,workqueue_actions_batch_003.csv
51672,2911,12,2026-01-17,ESCALATE,0,Y,2026-01-19 10:00:00,batch_003,workqueue_actions_batch_003.csv
51673,1408,5,2026-01-15,NOTE,1,Y,2026-01-19 10:00:00,batch_003,workqueue_actions_batch_003.csv
51674,1746,3,2026-01-17,CALL,0,N,2026-01-19 10:00:00,batch_003,workqueue_actions_batch_003.csv
51675,5470,12,2026-01-18,REVIEW,0,Y,2026-01-19 10:00:00,batch_003,workqueue_actions_batch_003.csv
51676,5445,18,2026-01-14,REVIEW,2,N,2026-01-19 10:00:00,batch_003,workqueue_actions_batch_003.csv
51677,5069,13,2026-01-18,CALL,0,N,2026-01-19 10:00:00,batch_003,workqueue_actions_batch_003.csv
51678,1807,15,2026-01-14,CALL,4,N,2026-01-19 10:00:00,batch_003,workqueue_actions_batch_003.csv
51679,3628,17,2026-01-17,NOTE,1,N,2026-01-19 10:00:00,batch_003,workqueue_actions_batch_003.csv
51680,4229,5,2026-01-17,CALL,3,N,2026-01-19 10:00:00,batch_003,workqueue_actions_batch_003.csv
51681,3758,19,2026-01-16,REVIEW,1,Y,2026-01-19 10:00:00,batch_003,workqueue_actions_batch_003.csv
51682,1097,4,2026-01-14,ESCALATE,3,Y,2026-01-19 10:00:00,batch_003,workqueue_actions_batch_003.csv
51683,2165,6,2026-01-15,ESCALATE,3,Y,2026-01-19 10:00:00,batch_003,workqueue_actions_batch_003.csv
51684,4597,2,2026-01-15,NOTE,2,Y,2026-01-19 10:00:00,batch_003,workqueue_actions_batch_003.csv
51685,4834,19,2026-01-19,ESCALATE,0,N,2026-01-19 10:00:00,batch_003,workqueue_actions_batch_003.csv
51686,4015,14,2026-01-14,NOTE,3,N,2026-01-19 10:00:00,batch_003,workqueue_actions_batch_003.csv
51687,1311,6,2026-01-18,CALL,4,Y,2026-01-19 10:00:00,batch_003,workqueue_actions_batch_003.csv
51688,3850,14,2026-01-18,NOTE,2,N,2026-01-19 10:00:00,batch_003,workqueue_actions_batch_003.csv
51689,3483,10,2026-01-14,CALL,1,Y,2026-01-19 10:00:00,batch_003,workqueue_actions_batch_003.csv
51690,4076,2,2026-01-18,CALL,3,N,2026-01-19 10:00:00,batch_003,workqueue_actions_batch_003.csv
51691,4889,19,2026-01-18,ESCALATE,0,N,2026-01-19 10:00:00,batch_003,workqueue_actions_batch_003.csv
51692,1559,1,2026-01-15,ESCALATE,2,Y,2026-01-19 10:00:00,batch_003,workqueue_actions_batch_003.csv
51693,2399,7,2026-01-17,ESCALATE,0,N,2026-01-19 10:00:00,batch_003,workqueue_actions_batch_003.csv
51694,4486,19,2026-01-18,REVIEW,3,Y,2026-01-19 10:00:00,batch_003,workqueue_actions_batch_003.csv
51695,4112,19,2026-01-17,ESCALATE,3,N,2026-01-19 10:00:00,batch_003,workqueue_actions_batch_003.csv
51696,1750,4,2026-01-17,REVIEW,2,N,2026-01-19 10:00:00,batch_003,workqueue_actions_batch_003.csv
51697,5283,9,2026-01-15,CALL,3,N,2026-01-19 10:00:00,batch_003,workqueue_actions_batch_003.csv
51698,4376,14,2026-01-17,ESCALATE,0,N,2026-01-19 10:00:00,batch_003,workqueue_actions_batch_003.csv
51699,5089,7,2026-01-15,CALL,3,N,2026-01-19 10:00:00,batch_003,workqueue_actions_batch_003.csv
51700,1635,6,2026-01-15,NOTE,0,Y,2026-01-19 10:00:00,batch_003,workqueue_actions_batch_003.csv
51701,3123,11,2026-01-15,CALL,3,Y,2026-01-19 10:00:00,batch_003,workqueue_actions_batch_003.csv
51702,1200,16,2026-01-14,NOTE,2,Y,2026-01-19 10:00:00,batch_003,workqueue_actions_batch_003.csv
51703,2378,9,2026-01-15,REVIEW,1,N,2026-01-19 10:00:00,batch_003,workqueue_actions_batch_003.csv
51704,2211,9,2026-01-16,REVIEW,1,Y,2026-01-19 10:00:00,batch_003,workqueue_actions_batch_003.csv
51705,1124,4,2026-01-15,CALL,3,N,2026-01-19 10:00:00,batch_003,workqueue_actions_batch_003.csv
51706,2732,20,2026-01-18,NOTE,3,N,2026-01-19 10:00:00,batch_003,workqueue_actions_batch_003.csv
51707,5362,16,2026-01-18,ESCALATE,2,N,2026-01-19 10:00:00,batch_003,workqueue_actions_batch_003.csv
51708,5237,3,2026-01-15,NOTE,3,Y,2026-01-19 10:00:00,batch_003,workqueue_actions_batch_003.csv
51709,3236,15,2026-01-14,CALL,2,N,2026-01-19 10:00:00,batch_003,workqueue_actions_batch_003.csv
51710,4396,8,2026-01-14,NOTE,1,Y,2026-01-19 10:00:00,batch_003,workqueue_actions_batch_003.csv
51711,3788,6,2026-01-15,NOTE,0,N,2026-01-19 10:00:00,batch_003,workqueue_actions_batch_003.csv
51712,2393,3,2026-01-15,CALL,0,Y,2026-01-19 10:00:00,batch_003,workqueue_actions_batch_003.csv
51713,3806,1,2026-01-16,ESCALATE,1,N,2026-01-19 10:00:00,batch_003,workqueue_actions_batch_003.csv
51714,3078,2,2026-01-16,CALL,2,Y,2026-01-19 10:00:00,batch_003,workqueue_actions_batch_003.csv
51715,5189,2,2026-01-17,REVIEW,3,Y,2026-01-19 10:00:00,batch_003,workqueue_actions_batch_003.csv
51716,1355,19,2026-01-19,REVIEW,4,Y,2026-01-19 10:00:00,batch_003,workqueue_actions_batch_003.csv
51717,3048,8,2026-01-16,CALL,1,Y,2026-01-19 10:00:00,batch_003,workqueue_actions_batch_003.csv
51718,2774,7,2026-01-16,REVIEW,4,N,2026-01-19 10:00:00,batch_003,workqueue_actions_batch_003.csv
51719,1942,16,2026-01-16,NOTE,1,Y,2026-01-19 10:00:00,batch_003,workqueue_actions_batch_003.csv
51720,3786,10,2026-01-17,NOTE,2,Y,2026-01-19 10:00:00,batch_003,workqueue_actions_batch_003.csv
51721,1006,16,2026-01-15,REVIEW,2,Y,2026-01-19 10:00:00,batch_003,workqueue_actions_batch_003.csv
51722,4064,9,2026-01-18,REVIEW,2,Y,2026-01-19 10:00:00,batch_003,workqueue_actions_batch_003.csv
51723,4957,15,2026-01-16,NOTE,0,N,2026-01-19 10:00:00,batch_003,workqueue_actions_batch_003.csv
51724,3768,10,2026-01-18,REVIEW,3,N,2026-01-19 10:00:00,batch_003,workqueue_actions_batch_003.csv
51725,1322,17,2026-01-19,REVIEW,4,Y,2026-01-19 10:00:00,batch_003,workqueue_actions_batch_003.csv
51726,3402,5,2026-01-17,ESCALATE,0,N,2026-01-19 10:00:00,batch_003,workqueue_actions_batch_003.csv
51727,4034,5,2026-01-18,REVIEW,0,Y,2026-01-19 10:00:00,batch_003,workqueue_actions_batch_003.csv
51728,1373,17,2026-01-14,ESCALATE,0,N,2026-01-19 10:00:00,batch_003,workqueue_actions_batch_003.csv
51729,2852,18,2026-01-17,NOTE,1,N,2026-01-19 10:00:00,batch_003,workqueue_actions_batch_003.csv
51730,1371,13,2026-01-17,CALL,4,Y,2026-01-19 10:00:00,batch_003,workqueue_actions_batch_003.csv
51731,4215,1,2026-01-16,REVIEW,0,N,2026-01-19 10:00:00,batch_003,workqueue_actions_batch_003.csv
51732,2741,13,2026-01-18,ESCALATE,2,Y,2026-01-19 10:00:00,batch_003,workqueue_actions_batch_003.csv
51733,4650,15,2026-01-14,ESCALATE,1,N,2026-01-19 10:00:00,batch_003,workqueue_actions_batch_003.csv
51734,4652,15,2026-01-17,ESCALATE,2,Y,2026-01-19 10:00:00,batch_003,workqueue_actions_batch_003.csv
51735,3984,16,2026-01-16,CALL,1,N,2026-01-19 10:00:00,batch_003,workqueue_actions_batch_003.csv
51736,4978,5,2026-01-16,REVIEW,3,N,2026-01-19 10:00:00,batch_003,workqueue_actions_batch_003.csv
51737,3199,7,2026-01-14,REVIEW,4,N,2026-01-19 10:00:00,batch_003,workqueue_actions_batch_003.csv
51738,3356,3,2026-01-19,ESCALATE,3,N,2026-01-19 10:00:00,batch_003,workqueue_actions_batch_003.csv
51739,1596,2,2026-01-19,REVIEW,2,Y,2026-01-19 10:00:00,batch_003,workqueue_actions_batch_003.csv
51740,3462,14,2026-01-17,NOTE,1,Y,2026-01-19 10:00:00,batch_003,workqueue_actions_batch_003.csv
51741,2087,8,2026-01-16,NOTE,1,N,2026-01-19 10:00:00,batch_003,workqueue_actions_batch_003.csv
51742,5111,19,2026-01-16,CALL,1,N,2026-01-19 10:00:00,batch_003,workqueue_actions_batch_003.csv
51743,1884,8,2026-01-15,ESCALATE,4,N,2026-01-19 10:00:00,batch_003,workqueue_actions_batch_003.csv
51744,2784,1,2026-01-17,NOTE,2,N,2026-01-19 10:00:00,batch_003,workqueue_actions_batch_003.csv
51745,5480,3,2026-01-17,ESCALATE,0,Y,2026-01-19 10:00:00,batch_003,workqueue_actions_batch_003.csv
51746,3621,7,2026-01-15,CALL,2,Y,2026-01-19 10:00:00,batch_003,workqueue_actions_batch_003.csv
51747,2265,1,2026-01-14,CALL,0,N,2026-01-19 10:00:00,batch_003,workqueue_actions_batch_003.csv
51748,3473,6,2026-01-16,NOTE,2,Y,2026-01-19 10:00:00,batch_003,workqueue_actions_batch_003.csv
51749,1910,20,2026-01-15,NOTE,4,N,2026-01-19 10:00:00,batch_003,workqueue_actions_batch_003.csv
51750,2513,12,2026-01-15,NOTE,1,N,2026-01-19 10:00:00,batch_003,workqueue_actions_batch_003.csv
51751,2872,1,2026-01-14,NOTE,4,N,2026-01-19 10:00:00,batch_003,workqueue_actions_batch_003.csv
51752,4618,13,2026-01-14,REVIEW,3,N,2026-01-19 10:00:00,batch_003,workqueue_actions_batch_003.csv
51753,3797,8,2026-01-16,NOTE,4,N,2026-01-19 10:00:00,batch_003,workqueue_actions_batch_003.csv
51754,5295,20,2026-01-18,NOTE,3,N,2026-01-19 10:00:00,batch_003,workqueue_actions_batch_003.csv
51755,4027,9,2026-01-17,CALL,4,Y,2026-01-19 10:00:00,batch_003,workqueue_actions_batch_003.csv
51756,2090,18,2026-01-17,ESCALATE,1,N,2026-01-19 10:00:00,batch_003,workqueue_actions_batch_003.csv
51757,1461,13,2026-01-15,REVIEW,4,N,2026-01-19 10:00:00,batch_003,workqueue_actions_batch_003.csv
51758,2443,17,2026-01-18,ESCALATE,3,Y,2026-01-19 10:00:00,batch_003,workqueue_actions_batch_003.csv
51759,5435,9,2026-01-15,REVIEW,0,N,2026-01-19 10:00:00,batch_003,workqueue_actions_batch_003.csv
51760,1311,4,2026-01-15,CALL,2,N,2026-01-19 10:00:00,batch_003,workqueue_actions_batch_003.csv
51761,3835,1,2026-01-15,ESCALATE,3,N,2026-01-19 10:00:00,batch_003,workqueue_actions_batch_003.csv
51762,1626,19,2026-01-18,NOTE,0,N,2026-01-19 10:00:00,batch_003,workqueue_actions_batch_003.csv
51763,3473,15,2026-01-18,NOTE,3,N,2026-01-19 10:00:00,batch_003,workqueue_actions_batch_003.csv
51764,4800,14,2026-01-18,ESCALATE,0,N,2026-01-19 10:00:00,batch_003,workqueue_actions_batch_003.csv
51765,1237,2,2026-01-16,REVIEW,0,N,2026-01-19 10:00:00,batch_003,workqueue_actions_batch_003.csv
51766,3199,4,2026-01-16,CALL,2,Y,2026-01-19 10:00:00,batch_003,workqueue_actions_batch_003.csv
51767,1606,6,2026-01-18,ESCALATE,2,Y,2026-01-19 10:00:00,batch_003,workqueue_actions_batch_003.csv
51768,3806,8,2026-01-17,REVIEW,3,Y,2026-01-19 10:00:00,batch_003,workqueue_actions_batch_003.csv
51769,2123,8,2026-01-17,CALL,2,Y,2026-01-19 10:00:00,batch_003,workqueue_actions_batch_003.csv
51770,5474,14,2026-01-14,CALL,1,N,2026-01-19 10:00:00,batch_003,workqueue_actions_batch_003.csv
51771,5400,17,2026-01-17,NOTE,0,Y,2026-01-19 10:00:00,batch_003,workqueue_actions_batch_003.csv
51772,3670,3,2026-01-15,ESCALATE,2,Y,2026-01-19 10:00:00,batch_003,workqueue_actions_batch_003.csv
51773,3418,20,2026-01-16,NOTE,0,Y,2026-01-19 10:00:00,batch_003,workqueue_actions_batch_003.csv
51774,1741,15,2026-01-17,REVIEW,2,Y,2026-01-19 10:00:00,batch_003,workqueue_actions_batch_003.csv
51775,3105,3,2026-01-18,CALL,4,N,2026-01-19 10:00:00,batch_003,workqueue_actions_batch_003.csv
51776,4444,16,2026-01-16,REVIEW,4,N,2026-01-19 10:00:00,batch_003,workqueue_actions_batch_003.csv
51777,4083,17,2026-01-15,ESCALATE,4,Y,2026-01-19 10:00:00,batch_003,workqueue_actions_batch_003.csv
51778,4274,17,2026-01-16,ESCALATE,1,Y,2026-01-19 10:00:00,batch_003,workqueue_actions_batch_003.csv
51779,4029,11,2026-01-14,ESCALATE,4,Y,2026-01-19 10:00:00,batch_003,workqueue_actions_batch_003.csv
51780,3309,10,2026-01-19,ESCALATE,3,N,2026-01-19 10:00:00,batch_003,workqueue_actions_batch_003.csv
51781,5249,2,2026-01-16,REVIEW,2,N,2026-01-19 10:00:00,batch_003,workqueue_actions_batch_003.csv
51782,4902,15,2026-01-16,ESCALATE,0,N,2026-01-19 10:00:00,batch_003,workqueue_actions_batch_003.csv
51783,3327,7,2026-01-16,ESCALATE,0,N,2026-01-19 10:00:00,batch_003,workqueue_actions_batch_003.csv
51784,3579,10,2026-01-19,REVIEW,0,N,2026-01-19 10:00:00,batch_003,workqueue_actions_batch_003.csv
51785,1250,14,2026-01-16,NOTE,0,Y,2026-01-19 10:00:00,batch_003,workqueue_actions_batch_003.csv
51786,1568,10,2026-01-14,NOTE,1,Y,2026-01-19 10:00:00,batch_003,workqueue_actions_batch_003.csv
51787,3809,15,2026-01-14,CALL,0,Y,2026-01-19 10:00:00,batch_003,workqueue_actions_batch_003.csv
51788,3864,4,2026-01-14,ESCALATE,4,Y,2026-01-19 10:00:00,batch_003,workqueue_actions_batch_003.csv
51789,2941,18,2026-01-15,CALL,3,Y,2026-01-19 10:00:00,batch_003,workqueue_actions_batch_003.csv
51790,3104,17,2026-01-15,ESCALATE,1,N,2026-01-19 10:00:00,batch_003,workqueue_actions_batch_003.csv
51791,2778,13,2026-01-18,REVIEW,3,Y,2026-01-19 10:00:00,batch_003,workqueue_actions_batch_003.csv
51792,5278,2,2026-01-14,NOTE,0,N,2026-01-19 10:00:00,batch_003,workqueue_actions_batch_003.csv
51793,3090,9,2026-01-18,REVIEW,0,Y,2026-01-19 10:00:00,batch_003,workqueue_actions_batch_003.csv
51794,2657,7,2026-01-19,ESCALATE,1,N,2026-01-19 10:00:00,batch_003,workqueue_actions_batch_003.csv
51795,2760,5,2026-01-16,CALL,1,Y,2026-01-19 10:00:00,batch_003,workqueue_actions_batch_003.csv
51796,1025,10,2026-01-19,CALL,3,N,2026-01-19 10:00:00,batch_003,workqueue_actions_batch_003.csv
51797,3478,17,2026-01-14,CALL,4,Y,2026-01-19 10:00:00,batch_003,workqueue_actions_batch_003.csv
51798,4465,9,2026-01-18,ESCALATE,4,N,2026-01-19 10:00:00,batch_003,workqueue_actions_batch_003.csv
51799,4999,2,2026-01-15,ESCALATE,0,Y,2026-01-19 10:00:00,batch_003,workqueue_actions_batch_003.csv
51800,4100,13,2026-01-18,REVIEW,1,N,2026-01-19 10:00:00,batch_003,workqueue_actions_batch_003.csv
51801,4754,19,2026-01-15,ESCALATE,1,Y,2026-01-19 10:00:00,batch_003,workqueue_actions_batch_003.csv
51802,1463,9,2026-01-19,CALL,0,N,2026-01-19 10:00:00,batch_003,workqueue_actions_batch_003.csv
51803,2221,13,2026-01-16,NOTE,4,N,2026-01-19 10:00:00,batch_003,workqueue_actions_batch_003.csv
51804,4324,19,2026-01-19,REVIEW,2,N,2026-01-19 10:00:00,batch_003,workqueue_actions_batch_003.csv
51805,1969,20,2026-01-16,ESCALATE,3,Y,2026-01-19 10:00:00,batch_003,workqueue_actions_batch_003.csv
51806,2785,19,2026-01-17,ESCALATE,3,Y,2026-01-19 10:00:00,batch_003,workqueue_actions_batch_003.csv
51807,2329,9,2026-01-16,NOTE,0,N,2026-01-19 10:00:00,batch_003,workqueue_actions_batch_003.csv
51808,2507,5,2026-01-17,CALL,1,Y,2026-01-19 10:00:00,batch_003,workqueue_actions_batch_003.csv
51809,1294,12,2026-01-14,NOTE,1,Y,2026-01-19 10:00:00,batch_003,workqueue_actions_batch_003.csv
51810,1329,15,2026-01-18,NOTE,1,N,2026-01-19 10:00:00,batch_003,workqueue_actions_batch_003.csv
51811,4967,15,2026-01-14,CALL,2,Y,2026-01-19 10:00:00,batch_003,workqueue_actions_batch_003.csv
51812,3907,6,2026-01-19,ESCALATE,4,Y,2026-01-19 10:00:00,batch_003,workqueue_actions_batch_003.csv
51813,3747,10,2026-01-15,REVIEW,2,Y,2026-01-19 10:00:00,batch_003,workqueue_actions_batch_003.csv
51814,5383,2,2026-01-18,CALL,3,Y,2026-01-19 10:00:00,batch_003,workqueue_actions_batch_003.csv
51815,3905,19,2026-01-16,ESCALATE,4,N,2026-01-19 10:00:00,batch_003,workqueue_actions_batch_003.csv
51816,1574,3,2026-01-17,REVIEW,2,Y,2026-01-19 10:00:00,batch_003,workqueue_actions_batch_003.csv
51817,2884,15,2026-01-14,CALL,0,N,2026-01-19 10:00:00,batch_003,workqueue_actions_batch_003.csv
51818,5168,16,2026-01-15,CALL,2,N,2026-01-19 10:00:00,batch_003,workqueue_actions_batch_003.csv
51819,4102,3,2026-01-17,ESCALATE,2,N,2026-01-19 10:00:00,batch_003,workqueue_actions_batch_003.csv
51820,3108,14,2026-01-15,CALL,2,Y,2026-01-19 10:00:00,batch_003,workqueue_actions_batch_003.csv
51821,1697,5,2026-01-14,NOTE,0,Y,2026-01-19 10:00:00,batch_003,workqueue_actions_batch_003.csv
51822,1238,9,2026-01-14,CALL,3,Y,2026-01-19 10:00:00,batch_003,workqueue_actions_batch_003.csv
51823,1867,6,2026-01-15,REVIEW,3,N,2026-01-19 10:00:00,batch_003,workqueue_actions_batch_003.csv
51824,2842,1,2026-01-18,NOTE,4,Y,2026-01-19 10:00:00,batch_003,workqueue_actions_batch_003.csv
51825,3326,11,2026-01-16,CALL,2,N,2026-01-19 10:00:00,batch_003,workqueue_actions_batch_003.csv
51826,1802,19,2026-01-19,CALL,2,N,2026-01-19 10:00:00,batch_003,workqueue_actions_batch_003.csv
51827,2707,10,2026-01-18,ESCALATE,4,Y,2026-01-19 10:00:00,batch_003,workqueue_actions_batch_003.csv
51828,1705,12,2026-01-15,CALL,0,Y,2026-01-19 10:00:00,batch_003,workqueue_actions_batch_003.csv
51829,3680,4,2026-01-19,REVIEW,4,Y,2026-01-19 10:00:00,batch_003,workqueue_actions_batch_003.csv
51830,1315,16,2026-01-15,CALL,0,Y,2026-01-19 10:00:00,batch_003,workqueue_actions_batch_003.csv
51831,5293,11,2026-01-14,REVIEW,3,N,2026-01-19 10:00:00,batch_003,workqueue_actions_batch_003.csv
51832,3892,20,2026-01-16,NOTE,2,N,2026-01-19 10:00:00,batch_003,workqueue_actions_batch_003.csv
51833,5466,8,2026-01-17,CALL,3,N,2026-01-19 10:00:00,batch_003,workqueue_actions_batch_003.csv
51834,4883,13,2026-01-17,ESCALATE,0,N,2026-01-19 10:00:00,batch_003,workqueue_actions_batch_003.csv
51835,2079,4,2026-01-16,ESCALATE,1,N,2026-01-19 10:00:00,batch_003,workqueue_actions_batch_003.csv
51836,4768,20,2026-01-16,REVIEW,2,N,2026-01-19 10:00:00,batch_003,workqueue_actions_batch_003.csv
51837,1951,20,2026-01-16,CALL,4,Y,2026-01-19 10:00:00,batch_003,workqueue_actions_batch_003.csv
51838,4797,11,2026-01-18,REVIEW,0,N,2026-01-19 10:00:00,batch_003,workqueue_actions_batch_003.csv
51839,1870,5,2026-01-19,ESCALATE,1,Y,2026-01-19 10:00:00,batch_003,workqueue_actions_batch_003.csv
51840,2047,4,2026-01-16,REVIEW,4,Y,2026-01-19 10:00:00,batch_003,workqueue_actions_batch_003.csv
51841,2093,20,2026-01-15,CALL,0,N,2026-01-19 10:00:00,batch_003,workqueue_actions_batch_003.csv
51842,4848,4,2026-01-16,CALL,3,N,2026-01-19 10:00:00,batch_003,workqueue_actions_batch_003.csv
51843,3211,14,2026-01-14,CALL,4,N,2026-01-19 10:00:00,batch_003,workqueue_actions_batch_003.csv
51844,4239,13,2026-01-18,NOTE,0,N,2026-01-19 10:00:00,batch_003,workqueue_actions_batch_003.csv
51845,4187,13,2026-01-14,CALL,0,N,2026-01-19 10:00:00,batch_003,workqueue_actions_batch_003.csv
51846,4419,4,2026-01-18,ESCALATE,1,N,2026-01-19 10:00:00,batch_003,workqueue_actions_batch_003.csv
51847,3912,19,2026-01-19,REVIEW,2,N,2026-01-19 10:00:00,batch_003,workqueue_actions_batch_003.csv
51848,3990,12,2026-01-17,NOTE,1,N,2026-01-19 10:00:00,batch_003,workqueue_actions_batch_003.csv
51849,4306,6,2026-01-16,CALL,2,Y,2026-01-19 10:00:00,batch_003,workqueue_actions_batch_003.csv
51850,1877,15,2026-01-15,ESCALATE,4,Y,2026-01-19 10:00:00,batch_003,workqueue_actions_batch_003.csv
51851,2583,13,2026-01-19,REVIEW,4,N,2026-01-19 10:00:00,batch_003,workqueue_actions_batch_003.csv
51852,3604,16,2026-01-14,REVIEW,1,Y,2026-01-19 10:00:00,batch_003,workqueue_actions_batch_003.csv
51853,1927,7,2026-01-16,ESCALATE,4,Y,2026-01-19 10:00:00,batch_003,workqueue_actions_batch_003.csv
51854,2407,4,2026-01-18,REVIEW,1,N,2026-01-19 10:00:00,batch_003,workqueue_actions_batch_003.csv
51855,4018,18,2026-01-19,NOTE,3,N,2026-01-19 10:00:00,batch_003,workqueue_actions_batch_003.csv
51856,2382,20,2026-01-18,REVIEW,3,N,2026-01-19 10:00:00,batch_003,workqueue_actions_batch_003.csv
51857,5277,4,2026-01-19,NOTE,4,N,2026-01-19 10:00:00,batch_003,workqueue_actions_batch_003.csv
51858,4072,19,2026-01-16,NOTE,3,Y,2026-01-19 10:00:00,batch_003,workqueue_actions_batch_003.csv
51859,1512,12,2026-01-17,REVIEW,3,Y,2026-01-19 10:00:00,batch_003,workqueue_actions_batch_003.csv
51860,2989,12,2026-01-14,NOTE,2,N,2026-01-19 10:00:00,batch_003,workqueue_actions_batch_003.csv
51861,4588,9,2026-01-18,ESCALATE,0,N,2026-01-19 10:00:00,batch_003,workqueue_actions_batch_003.csv
51862,2853,16,2026-01-15,NOTE,2,Y,2026-01-19 10:00:00,batch_003,workqueue_actions_batch_003.csv
51863,5480,8,2026-01-14,CALL,2,N,2026-01-19 10:00:00,batch_003,workqueue_actions_batch_003.csv
51864,2539,15,2026-01-16,CALL,4,N,2026-01-19 10:00:00,batch_003,workqueue_actions_batch_003.csv
51865,5382,12,2026-01-19,REVIEW,2,Y,2026-01-19 10:00:00,batch_003,workqueue_actions_batch_003.csv
51866,4558,12,2026-01-14,CALL,2,N,2026-01-19 10:00:00,batch_003,workqueue_actions_batch_003.csv
51867,1171,3,2026-01-15,REVIEW,1,Y,2026-01-19 10:00:00,batch_003,workqueue_actions_batch_003.csv
51868,4827,8,2026-01-18,ESCALATE,3,Y,2026-01-19 10:00:00,batch_003,workqueue_actions_batch_003.csv
51869,5058,7,2026-01-15,REVIEW,3,N,2026-01-19 10:00:00,batch_003,workqueue_actions_batch_003.csv
51870,5442,2,2026-01-16,NOTE,2,Y,2026-01-19 10:00:00,batch_003,workqueue_actions_batch_003.csv
51871,3157,19,2026-01-15,CALL,0,N,2026-01-19 10:00:00,batch_003,workqueue_actions_batch_003.csv
51872,2819,15,2026-01-18,REVIEW,3,Y,2026-01-19 10:00:00,batch_003,workqueue_actions_batch_003.csv
51873,2350,15,2026-01-17,ESCALATE,3,N,2026-01-19 10:00:00,batch_003,workqueue_actions_batch_003.csv
51874,1218,1,2026-01-15,CALL,1,N,2026-01-19 10:00:00,batch_003,workqueue_actions_batch_003.csv
51875,3280,19,2026-01-15,ESCALATE,3,N,2026-01-19 10:00:00,batch_003,workqueue_actions_batch_003.csv
51876,1663,13,2026-01-19,NOTE,3,N,2026-01-19 10:00:00,batch_003,workqueue_actions_batch_003.csv
51877,4486,12,2026-01-16,CALL,0,N,2026-01-19 10:00:00,batch_003,workqueue_actions_batch_003.csv
51878,2393,5,2026-01-18,ESCALATE,1,Y,2026-01-19 10:00:00,batch_003,workqueue_actions_batch_003.csv
51879,2182,16,2026-01-14,CALL,3,N,2026-01-19 10:00:00,batch_003,workqueue_actions_batch_003.csv
51880,3087,13,2026-01-17,ESCALATE,0,Y,2026-01-19 10:00:00,batch_003,workqueue_actions_batch_003.csv
51881,5407,13,2026-01-17,ESCALATE,1,Y,2026-01-19 10:00:00,batch_003,workqueue_actions_batch_003.csv
51882,2969,4,2026-01-18,NOTE,3,Y,2026-01-19 10:00:00,batch_003,workqueue_actions_batch_003.csv
51883,4225,13,2026-01-15,REVIEW,0,N,2026-01-19 10:00:00,batch_003,workqueue_actions_batch_003.csv
51884,1793,15,2026-01-14,REVIEW,2,N,2026-01-19 10:00:00,batch_003,workqueue_actions_batch_003.csv
51885,3753,17,2026-01-18,CALL,4,N,2026-01-19 10:00:00,batch_003,workqueue_actions_batch_003.csv
51886,5095,17,2026-01-19,ESCALATE,2,N,2026-01-19 10:00:00,batch_003,workqueue_actions_batch_003.csv
51887,2246,14,2026-01-18,REVIEW,1,N,2026-01-19 10:00:00,batch_003,workqueue_actions_batch_003.csv
51888,3163,7,2026-01-19,CALL,2,Y,2026-01-19 10:00:00,batch_003,workqueue_actions_batch_003.csv
51889,3127,12,2026-01-17,CALL,3,Y,2026-01-19 10:00:00,batch_003,workqueue_actions_batch_003.csv
51890,5280,6,2026-01-17,NOTE,4,Y,2026-01-19 10:00:00,batch_003,workqueue_actions_batch_003.csv
51891,2154,9,2026-01-14,ESCALATE,3,N,2026-01-19 10:00:00,batch_003,workqueue_actions_batch_003.csv
51892,5368,20,2026-01-14,ESCALATE,4,Y,2026-01-19 10:00:00,batch_003,workqueue_actions_batch_003.csv
51893,5089,8,2026-01-16,ESCALATE,1,N,2026-01-19 10:00:00,batch_003,workqueue_actions_batch_003.csv
51894,1859,18,2026-01-16,NOTE,2,N,2026-01-19 10:00:00,batch_003,workqueue_actions_batch_003.csv
51895,4189,6,2026-01-14,ESCALATE,0,Y,2026-01-19 10:00:00,batch_003,workqueue_actions_batch_003.csv
51896,1479,18,2026-01-19,NOTE,1,N,2026-01-19 10:00:00,batch_003,workqueue_actions_batch_003.csv
51897,4521,13,2026-01-16,ESCALATE,4,Y,2026-01-19 10:00:00,batch_003,workqueue_actions_batch_003.csv
51898,3771,20,2026-01-14,NOTE,1,N,2026-01-19 10:00:00,batch_003,workqueue_actions_batch_003.csv
51899,3140,17,2026-01-18,NOTE,0,Y,2026-01-19 10:00:00,batch_003,workqueue_actions_batch_003.csv
51900,5386,4,2026-01-15,CALL,3,N,2026-01-19 10:00:00,batch_003,workqueue_actions_batch_003.csv
51901,4093,11,2026-01-17,CALL,3,Y,2026-01-19 10:00:00,batch_003,workqueue_actions_batch_003.csv
51902,1772,7,2026-01-17,NOTE,4,N,2026-01-19 10:00:00,batch_003,workqueue_actions_batch_003.csv
51903,4158,17,2026-01-14,REVIEW,2,N,2026-01-19 10:00:00,batch_003,workqueue_actions_batch_003.csv
51904,4862,15,2026-01-17,NOTE,1,Y,2026-01-19 10:00:00,batch_003,workqueue_actions_batch_003.csv
51905,5128,20,2026-01-19,NOTE,1,Y,2026-01-19 10:00:00,batch_003,workqueue_actions_batch_003.csv
51906,3980,19,2026-01-18,ESCALATE,1,N,2026-01-19 10:00:00,batch_003,workqueue_actions_batch_003.csv
51907,1403,19,2026-01-15,REVIEW,3,Y,2026-01-19 10:00:00,batch_003,workqueue_actions_batch_003.csv
51908,5103,17,2026-01-15,CALL,2,N,2026-01-19 10:00:00,batch_003,workqueue_actions_batch_003.csv
51909,1626,5,2026-01-16,ESCALATE,4,N,2026-01-19 10:00:00,batch_003,workqueue_actions_batch_003.csv
51910,1017,14,2026-01-14,CALL,3,N,2026-01-19 10:00:00,batch_003,workqueue_actions_batch_003.csv
51911,2754,20,2026-01-14,CALL,4,N,2026-01-19 10:00:00,batch_003,workqueue_actions_batch_003.csv
51912,3793,3,2026-01-14,CALL,4,N,2026-01-19 10:00:00,batch_003,workqueue_actions_batch_003.csv
51913,4063,3,2026-01-19,NOTE,1,N,2026-01-19 10:00:00,batch_003,workqueue_actions_batch_003.csv
51914,4093,17,2026-01-17,ESCALATE,0,N,2026-01-19 10:00:00,batch_003,workqueue_actions_batch_003.csv
51915,1817,6,2026-01-18,REVIEW,4,Y,2026-01-19 10:00:00,batch_003,workqueue_actions_batch_003.csv
51916,4387,16,2026-01-19,CALL,2,N,2026-01-19 10:00:00,batch_003,workqueue_actions_batch_003.csv
51917,2994,12,2026-01-16,ESCALATE,4,Y,2026-01-19 10:00:00,batch_003,workqueue_actions_batch_003.csv
51918,5461,1,2026-01-17,REVIEW,3,N,2026-01-19 10:00:00,batch_003,workqueue_actions_batch_003.csv
51919,4702,3,2026-01-19,ESCALATE,2,Y,2026-01-19 10:00:00,batch_003,workqueue_actions_batch_003.csv
51920,3353,4,2026-01-16,REVIEW,0,N,2026-01-19 10:00:00,batch_003,workqueue_actions_batch_003.csv
51921,1799,14,2026-01-15,ESCALATE,1,Y,2026-01-19 10:00:00,batch_003,workqueue_actions_batch_003.csv
51922,2666,14,2026-01-16,REVIEW,1,Y,2026-01-19 10:00:00,batch_003,workqueue_actions_batch_003.csv
51923,3919,16,2026-01-16,CALL,4,N,2026-01-19 10:00:00,batch_003,workqueue_actions_batch_003.csv
51924,4016,1,2026-01-16,NOTE,3,Y,2026-01-19 10:00:00,batch_003,workqueue_actions_batch_003.csv
51925,2260,14,2026-01-16,REVIEW,4,N,2026-01-19 10:00:00,batch_003,workqueue_actions_batch_003.csv
51926,4663,1,2026-01-16,NOTE,0,Y,2026-01-19 10:00:00,batch_003,workqueue_actions_batch_003.csv
51927,3352,6,2026-01-15,REVIEW,0,Y,2026-01-19 10:00:00,batch_003,workqueue_actions_batch_003.csv
51928,1056,7,2026-01-16,REVIEW,0,N,2026-01-19 10:00:00,batch_003,workqueue_actions_batch_003.csv
51929,1759,7,2026-01-18,REVIEW,3,N,2026-01-19 10:00:00,batch_003,workqueue_actions_batch_003.csv
51930,3857,13,2026-01-15,ESCALATE,2,N,2026-01-19 10:00:00,batch_003,workqueue_actions_batch_003.csv
51931,1007,7,2026-01-14,ESCALATE,3,N,2026-01-19 10:00:00,batch_003,workqueue_actions_batch_003.csv
51932,1316,5,2026-01-17,REVIEW,0,Y,2026-01-19 10:00:00,batch_003,workqueue_actions_batch_003.csv
51933,4008,17,2026-01-18,CALL,3,N,2026-01-19 10:00:00,batch_003,workqueue_actions_batch_003.csv
51934,1414,20,2026-01-17,REVIEW,2,Y,2026-01-19 10:00:00,batch_003,workqueue_actions_batch_003.csv
51935,3054,5,2026-01-18,NOTE,0,N,2026-01-19 10:00:00,batch_003,workqueue_actions_batch_003.csv
51936,5368,17,2026-01-16,NOTE,0,Y,2026-01-19 10:00:00,batch_003,workqueue_actions_batch_003.csv
51937,1833,7,2026-01-15,REVIEW,0,N,2026-01-19 10:00:00,batch_003,workqueue_actions_batch_003.csv
51938,5096,18,2026-01-17,CALL,1,Y,2026-01-19 10:00:00,batch_003,workqueue_actions_batch_003.csv
51939,4580,11,2026-01-19,REVIEW,4,N,2026-01-19 10:00:00,batch_003,workqueue_actions_batch_003.csv
51940,3714,6,2026-01-16,REVIEW,0,N,2026-01-19 10:00:00,batch_003,workqueue_actions_batch_003.csv
51941,2462,13,2026-01-16,CALL,3,Y,2026-01-19 10:00:00,batch_003,workqueue_actions_batch_003.csv
51942,1560,20,2026-01-17,CALL,4,N,2026-01-19 10:00:00,batch_003,workqueue_actions_batch_003.csv
51943,4995,1,2026-01-16,NOTE,2,N,2026-01-19 10:00:00,batch_003,workqueue_actions_batch_003.csv
51944,2138,19,2026-01-15,CALL,1,Y,2026-01-19 10:00:00,batch_003,workqueue_actions_batch_003.csv
51945,2717,8,2026-01-18,ESCALATE,2,Y,2026-01-19 10:00:00,batch_003,workqueue_actions_batch_003.csv
51946,2572,8,2026-01-17,NOTE,1,N,2026-01-19 10:00:00,batch_003,workqueue_actions_batch_003.csv
51947,3734,18,2026-01-14,ESCALATE,1,Y,2026-01-19 10:00:00,batch_003,workqueue_actions_batch_003.csv
51948,4690,17,2026-01-15,NOTE,2,Y,2026-01-19 10:00:00,batch_003,workqueue_actions_batch_003.csv
51949,4493,9,2026-01-14,REVIEW,0,Y,2026-01-19 10:00:00,batch_003,workqueue_actions_batch_003.csv
51950,3074,17,2026-01-18,NOTE,1,Y,2026-01-19 10:00:00,batch_003,workqueue_actions_batch_003.csv
51951,2031,20,2026-01-16,REVIEW,3,Y,2026-01-19 10:00:00,batch_003,workqueue_actions_batch_003.csv
51952,3457,5,2026-01-14,NOTE,4,Y,2026-01-19 10:00:00,batch_003,workqueue_actions_batch_003.csv
51953,2477,13,2026-01-14,ESCALATE,3,N,2026-01-19 10:00:00,batch_003,workqueue_actions_batch_003.csv
51954,4722,20,2026-01-16,REVIEW,2,Y,2026-01-19 10:00:00,batch_003,workqueue_actions_batch_003.csv
51955,5156,20,2026-01-14,ESCALATE,0,Y,2026-01-19 10:00:00,batch_003,workqueue_actions_batch_003.csv
51956,3792,12,2026-01-17,ESCALATE,1,N,2026-01-19 10:00:00,batch_003,workqueue_actions_batch_003.csv
51957,3753,13,2026-01-15,ESCALATE,0,N,2026-01-19 10:00:00,batch_003,workqueue_actions_batch_003.csv
51958,2809,1,2026-01-16,NOTE,2,N,2026-01-19 10:00:00,batch_003,workqueue_actions_batch_003.csv
51959,3930,11,2026-01-19,ESCALATE,1,N,2026-01-19 10:00:00,batch_003,workqueue_actions_batch_003.csv
51960,1746,7,2026-01-15,NOTE,2,Y,2026-01-19 10:00:00,batch_003,workqueue_actions_batch_003.csv
51961,3900,15,2026-01-17,ESCALATE,3,Y,2026-01-19 10:00:00,batch_003,workqueue_actions_batch_003.csv
51962,2470,18,2026-01-14,CALL,0,N,2026-01-19 10:00:00,batch_003,workqueue_actions_batch_003.csv
51963,2428,12,2026-01-19,NOTE,3,N,2026-01-19 10:00:00,batch_003,workqueue_actions_batch_003.csv
51964,1550,15,2026-01-16,REVIEW,2,Y,2026-01-19 10:00:00,batch_003,workqueue_actions_batch_003.csv
51965,1737,3,2026-01-17,ESCALATE,4,N,2026-01-19 10:00:00,batch_003,workqueue_actions_batch_003.csv
51966,4950,3,2026-01-14,CALL,0,Y,2026-01-19 10:00:00,batch_003,workqueue_actions_batch_003.csv
51967,4314,18,2026-01-18,CALL,1,Y,2026-01-19 10:00:00,batch_003,workqueue_actions_batch_003.csv
51968,2121,17,2026-01-14,CALL,0,Y,2026-01-19 10:00:00,batch_003,workqueue_actions_batch_003.csv
51969,5037,20,2026-01-15,ESCALATE,3,N,2026-01-19 10:00:00,batch_003,workqueue_actions_batch_003.csv
51970,3776,11,2026-01-14,NOTE,1,Y,2026-01-19 10:00:00,batch_003,workqueue_actions_batch_003.csv
51971,2724,7,2026-01-16,NOTE,3,Y,2026-01-19 10:00:00,batch_003,workqueue_actions_batch_003.csv
51972,2372,14,2026-01-16,NOTE,0,N,2026-01-19 10:00:00,batch_003,workqueue_actions_batch_003.csv
51973,3038,20,2026-01-15,REVIEW,0,N,2026-01-19 10:00:00,batch_003,workqueue_actions_batch_003.csv
51974,3395,6,2026-01-15,NOTE,0,Y,2026-01-19 10:00:00,batch_003,workqueue_actions_batch_003.csv
51975,4292,12,2026-01-19,NOTE,1,Y,2026-01-19 10:00:00,batch_003,workqueue_actions_batch_003.csv
51976,5088,1,2026-01-19,ESCALATE,0,N,2026-01-19 10:00:00,batch_003,workqueue_actions_batch_003.csv
51977,1936,14,2026-01-14,REVIEW,3,Y,2026-01-19 10:00:00,batch_003,workqueue_actions_batch_003.csv
51978,2573,13,2026-01-16,NOTE,3,N,2026-01-19 10:00:00,batch_003,workqueue_actions_batch_003.csv
51979,4162,11,2026-01-14,ESCALATE,3,N,2026-01-19 10:00:00,batch_003,workqueue_actions_batch_003.csv
51980,3612,4,2026-01-17,CALL,4,N,2026-01-19 10:00:00,batch_003,workqueue_actions_batch_003.csv
51981,1448,2,2026-01-19,CALL,2,N,2026-01-19 10:00:00,batch_003,workqueue_actions_batch_003.csv
51982,1134,16,2026-01-15,REVIEW,2,N,2026-01-19 10:00:00,batch_003,workqueue_actions_batch_003.csv
51983,2983,16,2026-01-19,REVIEW,3,Y,2026-01-19 10:00:00,batch_003,workqueue_actions_batch_003.csv
51984,3011,10,2026-01-16,CALL,4,Y,2026-01-19 10:00:00,batch_003,workqueue_actions_batch_003.csv
51985,1627,2,2026-01-17,ESCALATE,0,N,2026-01-19 10:00:00,batch_003,workqueue_actions_batch_003.csv
51986,3459,8,2026-01-15,REVIEW,3,N,2026-01-19 10:00:00,batch_003,workqueue_actions_batch_003.csv
51987,2048,19,2026-01-16,NOTE,3,Y,2026-01-19 10:00:00,batch_003,workqueue_actions_batch_003.csv
51988,2492,7,2026-01-19,CALL,4,N,2026-01-19 10:00:00,batch_003,workqueue_actions_batch_003.csv
51989,1422,13,2026-01-19,NOTE,4,N,2026-01-19 10:00:00,batch_003,workqueue_actions_batch_003.csv
51990,4878,13,2026-01-17,REVIEW,2,N,2026-01-19 10:00:00,batch_003,workqueue_actions_batch_003.csv
51991,1884,4,2026-01-17,REVIEW,1,Y,2026-01-19 10:00:00,batch_003,workqueue_actions_batch_003.csv
51992,3742,19,2026-01-15,CALL,2,Y,2026-01-19 10:00:00,batch_003,workqueue_actions_batch_003.csv
51993,3337,11,2026-01-18,ESCALATE,2,N,2026-01-19 10:00:00,batch_003,workqueue_actions_batch_003.csv
51994,3812,14,2026-01-17,CALL,3,N,2026-01-19 10:00:00,batch_003,workqueue_actions_batch_003.csv
51995,4575,12,2026-01-17,NOTE,0,N,2026-01-19 10:00:00,batch_003,workqueue_actions_batch_003.csv
51996,3623,16,2026-01-15,NOTE,0,N,2026-01-19 10:00:00,batch_003,workqueue_actions_batch_003.csv
51997,3304,18,2026-01-18,NOTE,3,N,2026-01-19 10:00:00,batch_003,workqueue_actions_batch_003.csv
51998,2298,16,2026-01-19,ESCALATE,0,N,2026-01-19 10:00:00,batch_003,workqueue_actions_batch_003.csv
51999,3033,9,2026-01-14,NOTE,1,Y,2026-01-19 10:00:00,batch_003,workqueue_actions_batch_003.csv
52000,1032,1,2026-01-17,ESCALATE,4,Y,2026-01-19 10:00:00,batch_003,workqueue_actions_batch_003.csv
52001,5418,16,2026-01-17,NOTE,3,N,2026-01-19 10:00:00,batch_003,workqueue_actions_batch_003.csv
52002,4045,11,2026-01-14,NOTE,2,Y,2026-01-19 10:00:00,batch_003,workqueue_actions_batch_003.csv
52003,3361,5,2026-01-14,ESCALATE,1,Y,2026-01-19 10:00:00,batch_003,workqueue_actions_batch_003.csv
52004,2740,15,2026-01-17,CALL,3,Y,2026-01-19 10:00:00,batch_003,workqueue_actions_batch_003.csv
52005,3146,8,2026-01-18,ESCALATE,3,Y,2026-01-19 10:00:00,batch_003,workqueue_actions_batch_003.csv
52006,4717,13,2026-01-17,ESCALATE,1,N,2026-01-19 10:00:00,batch_003,workqueue_actions_batch_003.csv
52007,4943,1,2026-01-18,CALL,3,N,2026-01-19 10:00:00,batch_003,workqueue_actions_batch_003.csv
52008,4384,1,2026-01-14,NOTE,4,Y,2026-01-19 10:00:00,batch_003,workqueue_actions_batch_003.csv
52009,3005,11,2026-01-19,REVIEW,1,N,2026-01-19 10:00:00,batch_003,workqueue_actions_batch_003.csv
52010,1528,20,2026-01-17,NOTE,2,Y,2026-01-19 10:00:00,batch_003,workqueue_actions_batch_003.csv
52011,3797,20,2026-01-14,REVIEW,3,N,2026-01-19 10:00:00,batch_003,workqueue_actions_batch_003.csv
52012,4448,16,2026-01-15,ESCALATE,1,Y,2026-01-19 10:00:00,batch_003,workqueue_actions_batch_003.csv
52013,4121,8,2026-01-14,ESCALATE,3,N,2026-01-19 10:00:00,batch_003,workqueue_actions_batch_003.csv
52014,4452,20,2026-01-15,CALL,0,Y,2026-01-19 10:00:00,batch_003,workqueue_actions_batch_003.csv
52015,4848,11,2026-01-14,REVIEW,2,Y,2026-01-19 10:00:00,batch_003,workqueue_actions_batch_003.csv
52016,3319,14,2026-01-18,REVIEW,0,N,2026-01-19 10:00:00,batch_003,workqueue_actions_batch_003.csv
52017,1704,7,2026-01-15,CALL,3,N,2026-01-19 10:00:00,batch_003,workqueue_actions_batch_003.csv
52018,2266,11,2026-01-19,REVIEW,2,N,2026-01-19 10:00:00,batch_003,workqueue_actions_batch_003.csv
52019,1564,9,2026-01-15,ESCALATE,2,N,2026-01-19 10:00:00,batch_003,workqueue_actions_batch_003.csv
52020,2897,15,2026-01-14,ESCALATE,1,N,2026-01-19 10:00:00,batch_003,workqueue_actions_batch_003.csv
52021,3889,15,2026-01-17,REVIEW,4,N,2026-01-19 10:00:00,batch_003,workqueue_actions_batch_003.csv
52022,5423,12,2026-01-14,ESCALATE,0,Y,2026-01-19 10:00:00,batch_003,workqueue_actions_batch_003.csv
52023,4039,6,2026-01-19,CALL,2,N,2026-01-19 10:00:00,batch_003,workqueue_actions_batch_003.csv
52024,4045,8,2026-01-14,CALL,1,N,2026-01-19 10:00:00,batch_003,workqueue_actions_batch_003.csv
52025,1202,14,2026-01-16,CALL,2,Y,2026-01-19 10:00:00,batch_003,workqueue_actions_batch_003.csv
52026,2078,10,2026-01-15,NOTE,1,N,2026-01-19 10:00:00,batch_003,workqueue_actions_batch_003.csv
52027,4965,19,2026-01-14,NOTE,0,Y,2026-01-19 10:00:00,batch_003,workqueue_actions_batch_003.csv
52028,3132,12,2026-01-15,NOTE,4,Y,2026-01-19 10:00:00,batch_003,workqueue_actions_batch_003.csv
52029,1589,16,2026-01-14,REVIEW,0,Y,2026-01-19 10:00:00,batch_003,workqueue_actions_batch_003.csv
52030,5234,12,2026-01-17,CALL,4,N,2026-01-19 10:00:00,batch_003,workqueue_actions_batch_003.csv
52031,1353,14,2026-01-14,NOTE,0,Y,2026-01-19 10:00:00,batch_003,workqueue_actions_batch_003.csv
52032,3055,15,2026-01-17,CALL,0,N,2026-01-19 10:00:00,batch_003,workqueue_actions_batch_003.csv
52033,2541,17,2026-01-15,REVIEW,1,N,2026-01-19 10:00:00,batch_003,workqueue_actions_batch_003.csv
52034,5000,12,2026-01-18,NOTE,4,Y,2026-01-19 10:00:00,batch_003,workqueue_actions_batch_003.csv
52035,2622,13,2026-01-15,NOTE,4,Y,2026-01-19 10:00:00,batch_003,workqueue_actions_batch_003.csv
52036,4766,12,2026-01-15,NOTE,1,N,2026-01-19 10:00:00,batch_003,workqueue_actions_batch_003.csv
52037,1131,19,2026-01-16,NOTE,3,Y,2026-01-19 10:00:00,batch_003,workqueue_actions_batch_003.csv
52038,4446,16,2026-01-19,CALL,2,N,2026-01-19 10:00:00,batch_003,workqueue_actions_batch_003.csv
52039,2442,3,2026-01-19,CALL,0,N,2026-01-19 10:00:00,batch_003,workqueue_actions_batch_003.csv
52040,3713,12,2026-01-18,ESCALATE,3,N,2026-01-19 10:00:00,batch_003,workqueue_actions_batch_003.csv
52041,3919,13,2026-01-16,NOTE,4,Y,2026-01-19 10:00:00,batch_003,workqueue_actions_batch_003.csv
52042,5154,2,2026-01-16,CALL,3,Y,2026-01-19 10:00:00,batch_003,workqueue_actions_batch_003.csv
52043,3961,11,2026-01-14,NOTE,2,Y,2026-01-19 10:00:00,batch_003,workqueue_actions_batch_003.csv
52044,2223,19,2026-01-17,REVIEW,1,Y,2026-01-19 10:00:00,batch_003,workqueue_actions_batch_003.csv
52045,1032,19,2026-01-15,CALL,0,Y,2026-01-19 10:00:00,batch_003,workqueue_actions_batch_003.csv
52046,2881,13,2026-01-16,CALL,2,Y,2026-01-19 10:00:00,batch_003,workqueue_actions_batch_003.csv
52047,3039,6,2026-01-19,REVIEW,0,Y,2026-01-19 10:00:00,batch_003,workqueue_actions_batch_003.csv
52048,2321,20,2026-01-18,CALL,2,N,2026-01-19 10:00:00,batch_003,workqueue_actions_batch_003.csv
52049,1469,17,2026-01-19,NOTE,1,Y,2026-01-19 10:00:00,batch_003,workqueue_actions_batch_003.csv
52050,2124,8,2026-01-14,CALL,1,N,2026-01-19 10:00:00,batch_003,workqueue_actions_batch_003.csv
52051,5406,17,2026-01-18,REVIEW,0,Y,2026-01-19 10:00:00,batch_003,workqueue_actions_batch_003.csv
52052,3889,16,2026-01-18,CALL,2,N,2026-01-19 10:00:00,batch_003,workqueue_actions_batch_003.csv
52053,2457,17,2026-01-17,REVIEW,1,Y,2026-01-19 10:00:00,batch_003,workqueue_actions_batch_003.csv
52054,4741,2,2026-01-14,REVIEW,0,N,2026-01-19 10:00:00,batch_003,workqueue_actions_batch_003.csv
52055,3211,3,2026-01-17,REVIEW,4,N,2026-01-19 10:00:00,batch_003,workqueue_actions_batch_003.csv
52056,1635,11,2026-01-16,REVIEW,4,N,2026-01-19 10:00:00,batch_003,workqueue_actions_batch_003.csv
52057,3433,14,2026-01-17,NOTE,1,N,2026-01-19 10:00:00,batch_003,workqueue_actions_batch_003.csv
52058,4335,13,2026-01-17,NOTE,4,Y,2026-01-19 10:00:00,batch_003,workqueue_actions_batch_003.csv
52059,1844,19,2026-01-15,ESCALATE,0,Y,2026-01-19 10:00:00,batch_003,workqueue_actions_batch_003.csv
52060,1293,1,2026-01-17,ESCALATE,1,N,2026-01-19 10:00:00,batch_003,workqueue_actions_batch_003.csv
52061,4333,8,2026-01-19,REVIEW,2,N,2026-01-19 10:00:00,batch_003,workqueue_actions_batch_003.csv
52062,4177,3,2026-01-19,ESCALATE,1,N,2026-01-19 10:00:00,batch_003,workqueue_actions_batch_003.csv
52063,1518,11,2026-01-16,REVIEW,4,Y,2026-01-19 10:00:00,batch_003,workqueue_actions_batch_003.csv
52064,4237,7,2026-01-17,ESCALATE,1,Y,2026-01-19 10:00:00,batch_003,workqueue_actions_batch_003.csv
52065,5073,6,2026-01-14,REVIEW,3,N,2026-01-19 10:00:00,batch_003,workqueue_actions_batch_003.csv
52066,3945,20,2026-01-14,ESCALATE,1,Y,2026-01-19 10:00:00,batch_003,workqueue_actions_batch_003.csv
52067,4411,20,2026-01-18,ESCALATE,0,Y,2026-01-19 10:00:00,batch_003,workqueue_actions_batch_003.csv
52068,2760,6,2026-01-14,ESCALATE,3,Y,2026-01-19 10:00:00,batch_003,workqueue_actions_batch_003.csv
52069,2563,11,2026-01-16,NOTE,2,N,2026-01-19 10:00:00,batch_003,workqueue_actions_batch_003.csv
52070,4030,4,2026-01-14,NOTE,0,N,2026-01-19 10:00:00,batch_003,workqueue_actions_batch_003.csv
52071,3297,15,2026-01-16,REVIEW,0,Y,2026-01-19 10:00:00,batch_003,workqueue_actions_batch_003.csv
52072,1042,20,2026-01-19,REVIEW,0,Y,2026-01-19 10:00:00,batch_003,workqueue_actions_batch_003.csv
52073,3120,2,2026-01-18,ESCALATE,1,N,2026-01-19 10:00:00,batch_003,workqueue_actions_batch_003.csv
52074,4148,10,2026-01-16,ESCALATE,1,Y,2026-01-19 10:00:00,batch_003,workqueue_actions_batch_003.csv
52075,2468,20,2026-01-16,REVIEW,3,N,2026-01-19 10:00:00,batch_003,workqueue_actions_batch_003.csv
52076,4524,11,2026-01-19,NOTE,1,N,2026-01-19 10:00:00,batch_003,workqueue_actions_batch_003.csv
52077,5181,8,2026-01-17,CALL,2,Y,2026-01-19 10:00:00,batch_003,workqueue_actions_batch_003.csv
52078,1196,7,2026-01-14,NOTE,2,N,2026-01-19 10:00:00,batch_003,workqueue_actions_batch_003.csv
52079,2323,15,2026-01-19,NOTE,2,N,2026-01-19 10:00:00,batch_003,workqueue_actions_batch_003.csv
52080,1502,9,2026-01-15,REVIEW,1,N,2026-01-19 10:00:00,batch_003,workqueue_actions_batch_003.csv
52081,4127,12,2026-01-14,REVIEW,4,N,2026-01-19 10:00:00,batch_003,workqueue_actions_batch_003.csv
52082,1915,12,2026-01-19,NOTE,2,N,2026-01-19 10:00:00,batch_003,workqueue_actions_batch_003.csv
52083,4640,7,2026-01-14,CALL,4,N,2026-01-19 10:00:00,batch_003,workqueue_actions_batch_003.csv
52084,1933,5,2026-01-17,ESCALATE,2,Y,2026-01-19 10:00:00,batch_003,workqueue_actions_batch_003.csv
52085,5030,1,2026-01-19,CALL,0,Y,2026-01-19 10:00:00,batch_003,workqueue_actions_batch_003.csv
52086,1232,10,2026-01-15,NOTE,3,Y,2026-01-19 10:00:00,batch_003,workqueue_actions_batch_003.csv
52087,2800,11,2026-01-17,ESCALATE,1,Y,2026-01-19 10:00:00,batch_003,workqueue_actions_batch_003.csv
52088,2564,3,2026-01-15,ESCALATE,1,N,2026-01-19 10:00:00,batch_003,workqueue_actions_batch_003.csv
52089,3466,1,2026-01-19,CALL,2,N,2026-01-19 10:00:00,batch_003,workqueue_actions_batch_003.csv
52090,4865,6,2026-01-16,NOTE,2,N,2026-01-19 10:00:00,batch_003,workqueue_actions_batch_003.csv
52091,5306,19,2026-01-14,NOTE,2,N,2026-01-19 10:00:00,batch_003,workqueue_actions_batch_003.csv
52092,3144,4,2026-01-17,REVIEW,1,N,2026-01-19 10:00:00,batch_003,workqueue_actions_batch_003.csv
52093,3291,13,2026-01-16,CALL,4,Y,2026-01-19 10:00:00,batch_003,workqueue_actions_batch_003.csv
52094,4854,3,2026-01-16,CALL,0,Y,2026-01-19 10:00:00,batch_003,workqueue_actions_batch_003.csv
52095,4271,15,2026-01-19,NOTE,2,Y,2026-01-19 10:00:00,batch_003,workqueue_actions_batch_003.csv
52096,4177,15,2026-01-17,ESCALATE,3,Y,2026-01-19 10:00:00,batch_003,workqueue_actions_batch_003.csv
52097,2357,12,2026-01-18,NOTE,0,Y,2026-01-19 10:00:00,batch_003,workqueue_actions_batch_003.csv
52098,1169,14,2026-01-19,REVIEW,2,Y,2026-01-19 10:00:00,batch_003,workqueue_actions_batch_003.csv
52099,3895,17,2026-01-14,REVIEW,3,Y,2026-01-19 10:00:00,batch_003,workqueue_actions_batch_003.csv
52100,4532,7,2026-01-15,ESCALATE,4,N,2026-01-19 10:00:00,batch_003,workqueue_actions_batch_003.csv
52101,4211,14,2026-01-16,CALL,0,N,2026-01-19 10:00:00,batch_003,workqueue_actions_batch_003.csv
52102,5028,19,2026-01-17,NOTE,4,Y,2026-01-19 10:00:00,batch_003,workqueue_actions_batch_003.csv
52103,3548,10,2026-01-14,NOTE,2,Y,2026-01-19 10:00:00,batch_003,workqueue_actions_batch_003.csv
52104,5348,14,2026-01-17,ESCALATE,0,Y,2026-01-19 10:00:00,batch_003,workqueue_actions_batch_003.csv
52105,2490,9,2026-01-15,CALL,1,N,2026-01-19 10:00:00,batch_003,workqueue_actions_batch_003.csv
52106,2415,8,2026-01-19,CALL,3,N,2026-01-19 10:00:00,batch_003,workqueue_actions_batch_003.csv
52107,1051,18,2026-01-15,ESCALATE,1,N,2026-01-19 10:00:00,batch_003,workqueue_actions_batch_003.csv
52108,2699,1,2026-01-18,REVIEW,0,N,2026-01-19 10:00:00,batch_003,workqueue_actions_batch_003.csv
52109,1032,18,2026-01-14,ESCALATE,0,Y,2026-01-19 10:00:00,batch_003,workqueue_actions_batch_003.csv
52110,4889,17,2026-01-19,REVIEW,3,Y,2026-01-19 10:00:00,batch_003,workqueue_actions_batch_003.csv
52111,5102,9,2026-01-15,ESCALATE,3,N,2026-01-19 10:00:00,batch_003,workqueue_actions_batch_003.csv
52112,3248,4,2026-01-16,REVIEW,2,N,2026-01-19 10:00:00,batch_003,workqueue_actions_batch_003.csv
52113,4666,13,2026-01-19,REVIEW,0,Y,2026-01-19 10:00:00,batch_003,workqueue_actions_batch_003.csv
52114,1941,4,2026-01-19,ESCALATE,2,N,2026-01-19 10:00:00,batch_003,workqueue_actions_batch_003.csv
52115,1051,19,2026-01-19,CALL,1,N,2026-01-19 10:00:00,batch_003,workqueue_actions_batch_003.csv
52116,1954,14,2026-01-16,ESCALATE,1,N,2026-01-19 10:00:00,batch_003,workqueue_actions_batch_003.csv
52117,4890,2,2026-01-18,REVIEW,3,Y,2026-01-19 10:00:00,batch_003,workqueue_actions_batch_003.csv
52118,2506,5,2026-01-17,NOTE,4,Y,2026-01-19 10:00:00,batch_003,workqueue_actions_batch_003.csv
52119,4855,9,2026-01-19,NOTE,2,N,2026-01-19 10:00:00,batch_003,workqueue_actions_batch_003.csv
52120,3891,5,2026-01-18,ESCALATE,2,N,2026-01-19 10:00:00,batch_003,workqueue_actions_batch_003.csv
52121,4507,3,2026-01-17,REVIEW,1,N,2026-01-19 10:00:00,batch_003,workqueue_actions_batch_003.csv
52122,2531,1,2026-01-15,NOTE,3,Y,2026-01-19 10:00:00,batch_003,workqueue_actions_batch_003.csv
52123,3071,13,2026-01-19,REVIEW,0,N,2026-01-19 10:00:00,batch_003,workqueue_actions_batch_003.csv
52124,1528,6,2026-01-15,NOTE,2,N,2026-01-19 10:00:00,batch_003,workqueue_actions_batch_003.csv
52125,2546,13,2026-01-18,NOTE,4,N,2026-01-19 10:00:00,batch_003,workqueue_actions_batch_003.csv
52126,1901,6,2026-01-16,CALL,0,N,2026-01-19 10:00:00,batch_003,workqueue_actions_batch_003.csv
52127,2371,10,2026-01-16,ESCALATE,2,Y,2026-01-19 10:00:00,batch_003,workqueue_actions_batch_003.csv
52128,5323,6,2026-01-16,CALL,3,N,2026-01-19 10:00:00,batch_003,workqueue_actions_batch_003.csv
52129,2051,12,2026-01-17,REVIEW,1,N,2026-01-19 10:00:00,batch_003,workqueue_actions_batch_003.csv
52130,1392,16,2026-01-19,REVIEW,1,N,2026-01-19 10:00:00,batch_003,workqueue_actions_batch_003.csv
52131,3636,6,2026-01-14,ESCALATE,1,Y,2026-01-19 10:00:00,batch_003,workqueue_actions_batch_003.csv
52132,2125,14,2026-01-17,NOTE,4,Y,2026-01-19 10:00:00,batch_003,workqueue_actions_batch_003.csv
52133,3101,10,2026-01-18,REVIEW,3,Y,2026-01-19 10:00:00,batch_003,workqueue_actions_batch_003.csv
52134,2611,6,2026-01-17,CALL,3,N,2026-01-19 10:00:00,batch_003,workqueue_actions_batch_003.csv
52135,3977,9,2026-01-19,REVIEW,4,Y,2026-01-19 10:00:00,batch_003,workqueue_actions_batch_003.csv
52136,1393,2,2026-01-16,CALL,2,Y,2026-01-19 10:00:00,batch_003,workqueue_actions_batch_003.csv
52137,1190,5,2026-01-19,CALL,3,N,2026-01-19 10:00:00,batch_003,workqueue_actions_batch_003.csv
52138,1202,11,2026-01-18,CALL,1,N,2026-01-19 10:00:00,batch_003,workqueue_actions_batch_003.csv
52139,5347,2,2026-01-18,CALL,4,Y,2026-01-19 10:00:00,batch_003,workqueue_actions_batch_003.csv
52140,3318,10,2026-01-15,CALL,1,N,2026-01-19 10:00:00,batch_003,workqueue_actions_batch_003.csv
52141,1493,13,2026-01-17,NOTE,2,Y,2026-01-19 10:00:00,batch_003,workqueue_actions_batch_003.csv
52142,1293,6,2026-01-16,NOTE,2,N,2026-01-19 10:00:00,batch_003,workqueue_actions_batch_003.csv
52143,3718,17,2026-01-14,CALL,0,Y,2026-01-19 10:00:00,batch_003,workqueue_actions_batch_003.csv
52144,2664,3,2026-01-15,NOTE,2,Y,2026-01-19 10:00:00,batch_003,workqueue_actions_batch_003.csv
52145,5031,2,2026-01-16,ESCALATE,2,Y,2026-01-19 10:00:00,batch_003,workqueue_actions_batch_003.csv
52146,1694,3,2026-01-19,REVIEW,0,N,2026-01-19 10:00:00,batch_003,workqueue_actions_batch_003.csv
52147,3419,4,2026-01-14,ESCALATE,2,Y,2026-01-19 10:00:00,batch_003,workqueue_actions_batch_003.csv
52148,3380,9,2026-01-19,NOTE,0,N,2026-01-19 10:00:00,batch_003,workqueue_actions_batch_003.csv
52149,1721,16,2026-01-18,ESCALATE,0,N,2026-01-19 10:00:00,batch_003,workqueue_actions_batch_003.csv
52150,3877,12,2026-01-15,ESCALATE,1,N,2026-01-19 10:00:00,batch_003,workqueue_actions_batch_003.csv
52151,4192,1,2026-01-16,NOTE,1,N,2026-01-19 10:00:00,batch_003,workqueue_actions_batch_003.csv
52152,1969,2,2026-01-15,REVIEW,4,N,2026-01-19 10:00:00,batch_003,workqueue_actions_batch_003.csv
52153,2350,9,2026-01-15,REVIEW,0,Y,2026-01-19 10:00:00,batch_003,workqueue_actions_batch_003.csv
52154,3779,10,2026-01-18,CALL,0,N,2026-01-19 10:00:00,batch_003,workqueue_actions_batch_003.csv
52155,1882,10,2026-01-14,ESCALATE,4,N,2026-01-19 10:00:00,batch_003,workqueue_actions_batch_003.csv
52156,3101,5,2026-01-18,ESCALATE,0,N,2026-01-19 10:00:00,batch_003,workqueue_actions_batch_003.csv
52157,3966,12,2026-01-14,REVIEW,4,N,2026-01-19 10:00:00,batch_003,workqueue_actions_batch_003.csv
52158,3040,20,2026-01-17,CALL,2,N,2026-01-19 10:00:00,batch_003,workqueue_actions_batch_003.csv
52159,4773,13,2026-01-14,REVIEW,2,Y,2026-01-19 10:00:00,batch_003,workqueue_actions_batch_003.csv
52160,2550,8,2026-01-15,REVIEW,1,N,2026-01-19 10:00:00,batch_003,workqueue_actions_batch_003.csv
52161,1831,13,2026-01-16,ESCALATE,2,Y,2026-01-19 10:00:00,batch_003,workqueue_actions_batch_003.csv
52162,1735,20,2026-01-15,ESCALATE,2,Y,2026-01-19 10:00:00,batch_003,workqueue_actions_batch_003.csv
52163,3106,16,2026-01-14,NOTE,4,Y,2026-01-19 10:00:00,batch_003,workqueue_actions_batch_003.csv
52164,3335,5,2026-01-15,CALL,1,N,2026-01-19 10:00:00,batch_003,workqueue_actions_batch_003.csv
52165,3313,11,2026-01-15,REVIEW,2,Y,2026-01-19 10:00:00,batch_003,workqueue_actions_batch_003.csv
52166,1588,10,2026-01-15,ESCALATE,4,Y,2026-01-19 10:00:00,batch_003,workqueue_actions_batch_003.csv
52167,1581,19,2026-01-16,NOTE,2,N,2026-01-19 10:00:00,batch_003,workqueue_actions_batch_003.csv
52168,4784,7,2026-01-19,REVIEW,1,Y,2026-01-19 10:00:00,batch_003,workqueue_actions_batch_003.csv
52169,5285,15,2026-01-14,REVIEW,3,Y,2026-01-19 10:00:00,batch_003,workqueue_actions_batch_003.csv
52170,3881,5,2026-01-17,NOTE,4,N,2026-01-19 10:00:00,batch_003,workqueue_actions_batch_003.csv
52171,2723,4,2026-01-14,ESCALATE,2,Y,2026-01-19 10:00:00,batch_003,workqueue_actions_batch_003.csv
52172,1308,9,2026-01-14,NOTE,1,Y,2026-01-19 10:00:00,batch_003,workqueue_actions_batch_003.csv
52173,2056,13,2026-01-17,NOTE,4,N,2026-01-19 10:00:00,batch_003,workqueue_actions_batch_003.csv
52174,4009,17,2026-01-15,NOTE,0,N,2026-01-19 10:00:00,batch_003,workqueue_actions_batch_003.csv
52175,5380,12,2026-01-15,REVIEW,4,N,2026-01-19 10:00:00,batch_003,workqueue_actions_batch_003.csv
52176,4281,1,2026-01-17,CALL,4,Y,2026-01-19 10:00:00,batch_003,workqueue_actions_batch_003.csv
52177,2777,10,2026-01-17,ESCALATE,1,Y,2026-01-19 10:00:00,batch_003,workqueue_actions_batch_003.csv
52178,4969,4,2026-01-17,REVIEW,3,Y,2026-01-19 10:00:00,batch_003,workqueue_actions_batch_003.csv
52179,3424,8,2026-01-19,NOTE,3,Y,2026-01-19 10:00:00,batch_003,workqueue_actions_batch_003.csv
52180,1162,16,2026-01-19,ESCALATE,4,N,2026-01-19 10:00:00,batch_003,workqueue_actions_batch_003.csv
52181,4406,2,2026-01-14,ESCALATE,3,Y,2026-01-19 10:00:00,batch_003,workqueue_actions_batch_003.csv
52182,2488,4,2026-01-16,ESCALATE,1,N,2026-01-19 10:00:00,batch_003,workqueue_actions_batch_003.csv
52183,1235,4,2026-01-17,REVIEW,4,N,2026-01-19 10:00:00,batch_003,workqueue_actions_batch_003.csv
52184,1284,5,2026-01-19,NOTE,2,N,2026-01-19 10:00:00,batch_003,workqueue_actions_batch_003.csv
52185,5042,7,2026-01-15,ESCALATE,0,Y,2026-01-19 10:00:00,batch_003,workqueue_actions_batch_003.csv
52186,4005,13,2026-01-18,ESCALATE,2,Y,2026-01-19 10:00:00,batch_003,workqueue_actions_batch_003.csv
52187,3457,5,2026-01-14,REVIEW,2,Y,2026-01-19 10:00:00,batch_003,workqueue_actions_batch_003.csv
52188,2327,3,2026-01-14,REVIEW,1,Y,2026-01-19 10:00:00,batch_003,workqueue_actions_batch_003.csv
52189,1132,3,2026-01-19,NOTE,1,N,2026-01-19 10:00:00,batch_003,workqueue_actions_batch_003.csv
52190,1953,5,2026-01-14,REVIEW,3,N,2026-01-19 10:00:00,batch_003,workqueue_actions_batch_003.csv
52191,4354,10,2026-01-15,ESCALATE,3,Y,2026-01-19 10:00:00,batch_003,workqueue_actions_batch_003.csv
52192,3694,20,2026-01-18,CALL,4,Y,2026-01-19 10:00:00,batch_003,workqueue_actions_batch_003.csv
52193,3280,8,2026-01-15,ESCALATE,3,N,2026-01-19 10:00:00,batch_003,workqueue_actions_batch_003.csv
52194,2132,11,2026-01-17,NOTE,1,Y,2026-01-19 10:00:00,batch_003,workqueue_actions_batch_003.csv
52195,5414,18,2026-01-19,NOTE,3,N,2026-01-19 10:00:00,batch_003,workqueue_actions_batch_003.csv
52196,4536,7,2026-01-15,CALL,2,N,2026-01-19 10:00:00,batch_003,workqueue_actions_batch_003.csv
52197,2747,4,2026-01-18,ESCALATE,2,N,2026-01-19 10:00:00,batch_003,workqueue_actions_batch_003.csv
52198,4113,15,2026-01-19,ESCALATE,4,Y,2026-01-19 10:00:00,batch_003,workqueue_actions_batch_003.csv
52199,2620,3,2026-01-14,CALL,2,Y,2026-01-19 10:00:00,batch_003,workqueue_actions_batch_003.csv
52200,1081,15,2026-01-19,CALL,4,Y,2026-01-19 10:00:00,batch_003,workqueue_actions_batch_003.csv
52201,4692,20,2026-01-19,NOTE,1,N,2026-01-19 10:00:00,batch_003,workqueue_actions_batch_003.csv
52202,3528,14,2026-01-15,REVIEW,0,N,2026-01-19 10:00:00,batch_003,workqueue_actions_batch_003.csv
52203,2749,12,2026-01-16,REVIEW,4,Y,2026-01-19 10:00:00,batch_003,workqueue_actions_batch_003.csv
52204,5490,5,2026-01-17,ESCALATE,2,N,2026-01-19 10:00:00,batch_003,workqueue_actions_batch_003.csv
52205,2175,8,2026-01-14,NOTE,1,N,2026-01-19 10:00:00,batch_003,workqueue_actions_batch_003.csv
52206,3510,20,2026-01-16,ESCALATE,3,N,2026-01-19 10:00:00,batch_003,workqueue_actions_batch_003.csv
52207,3233,17,2026-01-16,NOTE,2,N,2026-01-19 10:00:00,batch_003,workqueue_actions_batch_003.csv
52208,1220,4,2026-01-14,ESCALATE,1,N,2026-01-19 10:00:00,batch_003,workqueue_actions_batch_003.csv
52209,3359,20,2026-01-16,NOTE,0,Y,2026-01-19 10:00:00,batch_003,workqueue_actions_batch_003.csv
52210,2653,13,2026-01-15,REVIEW,3,Y,2026-01-19 10:00:00,batch_003,workqueue_actions_batch_003.csv
52211,3523,6,2026-01-18,CALL,4,N,2026-01-19 10:00:00,batch_003,workqueue_actions_batch_003.csv
52212,3761,18,2026-01-17,REVIEW,4,N,2026-01-19 10:00:00,batch_003,workqueue_actions_batch_003.csv
52213,4166,1,2026-01-16,REVIEW,2,N,2026-01-19 10:00:00,batch_003,workqueue_actions_batch_003.csv
52214,5368,5,2026-01-17,NOTE,3,N,2026-01-19 10:00:00,batch_003,workqueue_actions_batch_003.csv
52215,2806,3,2026-01-18,NOTE,3,Y,2026-01-19 10:00:00,batch_003,workqueue_actions_batch_003.csv
52216,5062,4,2026-01-14,REVIEW,3,Y,2026-01-19 10:00:00,batch_003,workqueue_actions_batch_003.csv
52217,3860,5,2026-01-14,REVIEW,2,N,2026-01-19 10:00:00,batch_003,workqueue_actions_batch_003.csv
52218,4499,13,2026-01-14,CALL,1,N,2026-01-19 10:00:00,batch_003,workqueue_actions_batch_003.csv
52219,1857,17,2026-01-16,REVIEW,0,N,2026-01-19 10:00:00,batch_003,workqueue_actions_batch_003.csv
52220,3793,1,2026-01-19,NOTE,3,Y,2026-01-19 10:00:00,batch_003,workqueue_actions_batch_003.csv
52221,5440,12,2026-01-19,CALL,3,N,2026-01-19 10:00:00,batch_003,workqueue_actions_batch_003.csv
52222,3482,2,2026-01-16,CALL,4,N,2026-01-19 10:00:00,batch_003,workqueue_actions_batch_003.csv
52223,2907,4,2026-01-17,ESCALATE,0,N,2026-01-19 10:00:00,batch_003,workqueue_actions_batch_003.csv
52224,1354,2,2026-01-16,CALL,4,Y,2026-01-19 10:00:00,batch_003,workqueue_actions_batch_003.csv
52225,2386,10,2026-01-14,NOTE,3,Y,2026-01-19 10:00:00,batch_003,workqueue_actions_batch_003.csv
52226,3104,10,2026-01-16,NOTE,4,Y,2026-01-19 10:00:00,batch_003,workqueue_actions_batch_003.csv
52227,1415,6,2026-01-14,REVIEW,1,Y,2026-01-19 10:00:00,batch_003,workqueue_actions_batch_003.csv
52228,1132,18,2026-01-16,REVIEW,0,N,2026-01-19 10:00:00,batch_003,workqueue_actions_batch_003.csv
52229,3698,20,2026-01-19,ESCALATE,1,N,2026-01-19 10:00:00,batch_003,workqueue_actions_batch_003.csv
52230,2856,4,2026-01-18,REVIEW,4,Y,2026-01-19 10:00:00,batch_003,workqueue_actions_batch_003.csv
52231,1297,9,2026-01-18,ESCALATE,4,Y,2026-01-19 10:00:00,batch_003,workqueue_actions_batch_003.csv
52232,2146,6,2026-01-14,REVIEW,2,N,2026-01-19 10:00:00,batch_003,workqueue_actions_batch_003.csv
52233,3634,5,2026-01-19,NOTE,3,Y,2026-01-19 10:00:00,batch_003,workqueue_actions_batch_003.csv
52234,2408,11,2026-01-19,ESCALATE,2,Y,2026-01-19 10:00:00,batch_003,workqueue_actions_batch_003.csv
52235,4498,12,2026-01-17,CALL,3,N,2026-01-19 10:00:00,batch_003,workqueue_actions_batch_003.csv
52236,5099,13,2026-01-15,ESCALATE,3,Y,2026-01-19 10:00:00,batch_003,workqueue_actions_batch_003.csv
52237,2429,13,2026-01-14,ESCALATE,1,N,2026-01-19 10:00:00,batch_003,workqueue_actions_batch_003.csv
52238,2155,17,2026-01-18,REVIEW,0,Y,2026-01-19 10:00:00,batch_003,workqueue_actions_batch_003.csv
52239,3639,11,2026-01-16,CALL,3,Y,2026-01-19 10:00:00,batch_003,workqueue_actions_batch_003.csv
52240,3127,2,2026-01-18,ESCALATE,4,N,2026-01-19 10:00:00,batch_003,workqueue_actions_batch_003.csv
52241,2845,13,2026-01-18,CALL,1,N,2026-01-19 10:00:00,batch_003,workqueue_actions_batch_003.csv
52242,3125,6,2026-01-14,REVIEW,0,N,2026-01-19 10:00:00,batch_003,workqueue_actions_batch_003.csv
52243,4552,16,2026-01-19,REVIEW,1,N,2026-01-19 10:00:00,batch_003,workqueue_actions_batch_003.csv
52244,4900,8,2026-01-17,CALL,1,Y,2026-01-19 10:00:00,batch_003,workqueue_actions_batch_003.csv
52245,3146,2,2026-01-16,REVIEW,3,Y,2026-01-19 10:00:00,batch_003,workqueue_actions_batch_003.csv
52246,5122,9,2026-01-14,CALL,2,Y,2026-01-19 10:00:00,batch_003,workqueue_actions_batch_003.csv
52247,4629,10,2026-01-16,REVIEW,4,N,2026-01-19 10:00:00,batch_003,workqueue_actions_batch_003.csv
52248,4914,18,2026-01-19,ESCALATE,4,Y,2026-01-19 10:00:00,batch_003,workqueue_actions_batch_003.csv
52249,2616,9,2026-01-18,NOTE,1,Y,2026-01-19 10:00:00,batch_003,workqueue_actions_batch_003.csv
52250,4400,19,2026-01-17,ESCALATE,2,N,2026-01-19 10:00:00,batch_003,workqueue_actions_batch_003.csv
52251,4866,18,2026-01-18,NOTE,4,Y,2026-01-19 10:00:00,batch_003,workqueue_actions_batch_003.csv
52252,2465,13,2026-01-19,CALL,1,N,2026-01-19 10:00:00,batch_003,workqueue_actions_batch_003.csv
52253,1634,6,2026-01-17,ESCALATE,1,Y,2026-01-19 10:00:00,batch_003,workqueue_actions_batch_003.csv
52254,3199,2,2026-01-18,ESCALATE,0,Y,2026-01-19 10:00:00,batch_003,workqueue_actions_batch_003.csv
52255,2615,12,2026-01-19,ESCALATE,0,N,2026-01-19 10:00:00,batch_003,workqueue_actions_batch_003.csv
52256,1480,5,2026-01-15,NOTE,0,N,2026-01-19 10:00:00,batch_003,workqueue_actions_batch_003.csv
52257,3276,4,2026-01-14,NOTE,3,N,2026-01-19 10:00:00,batch_003,workqueue_actions_batch_003.csv
52258,3396,16,2026-01-16,ESCALATE,0,N,2026-01-19 10:00:00,batch_003,workqueue_actions_batch_003.csv
52259,2452,13,2026-01-14,NOTE,0,N,2026-01-19 10:00:00,batch_003,workqueue_actions_batch_003.csv
52260,1435,19,2026-01-18,REVIEW,0,Y,2026-01-19 10:00:00,batch_003,workqueue_actions_batch_003.csv
52261,3059,15,2026-01-19,CALL,3,N,2026-01-19 10:00:00,batch_003,workqueue_actions_batch_003.csv
52262,5423,14,2026-01-18,NOTE,1,N,2026-01-19 10:00:00,batch_003,workqueue_actions_batch_003.csv
52263,3377,5,2026-01-18,NOTE,3,Y,2026-01-19 10:00:00,batch_003,workqueue_actions_batch_003.csv
52264,1891,9,2026-01-16,REVIEW,2,N,2026-01-19 10:00:00,batch_003,workqueue_actions_batch_003.csv
52265,1001,9,2026-01-14,ESCALATE,3,Y,2026-01-19 10:00:00,batch_003,workqueue_actions_batch_003.csv
52266,3403,17,2026-01-15,CALL,0,Y,2026-01-19 10:00:00,batch_003,workqueue_actions_batch_003.csv
52267,4330,3,2026-01-18,ESCALATE,0,Y,2026-01-19 10:00:00,batch_003,workqueue_actions_batch_003.csv
52268,1324,20,2026-01-18,ESCALATE,1,Y,2026-01-19 10:00:00,batch_003,workqueue_actions_batch_003.csv
52269,5085,11,2026-01-14,NOTE,0,Y,2026-01-19 10:00:00,batch_003,workqueue_actions_batch_003.csv
52270,1630,12,2026-01-18,REVIEW,0,N,2026-01-19 10:00:00,batch_003,workqueue_actions_batch_003.csv
52271,2102,20,2026-01-15,NOTE,3,N,2026-01-19 10:00:00,batch_003,workqueue_actions_batch_003.csv
52272,3458,20,2026-01-19,REVIEW,3,Y,2026-01-19 10:00:00,batch_003,workqueue_actions_batch_003.csv
52273,3838,5,2026-01-16,ESCALATE,4,N,2026-01-19 10:00:00,batch_003,workqueue_actions_batch_003.csv
52274,2441,12,2026-01-19,CALL,0,N,2026-01-19 10:00:00,batch_003,workqueue_actions_batch_003.csv
52275,3589,5,2026-01-14,ESCALATE,4,Y,2026-01-19 10:00:00,batch_003,workqueue_actions_batch_003.csv
52276,2511,20,2026-01-18,CALL,2,Y,2026-01-19 10:00:00,batch_003,workqueue_actions_batch_003.csv
52277,2343,5,2026-01-19,ESCALATE,3,N,2026-01-19 10:00:00,batch_003,workqueue_actions_batch_003.csv
52278,4262,1,2026-01-14,REVIEW,0,Y,2026-01-19 10:00:00,batch_003,workqueue_actions_batch_003.csv
52279,4532,9,2026-01-18,NOTE,3,N,2026-01-19 10:00:00,batch_003,workqueue_actions_batch_003.csv
52280,2399,15,2026-01-18,REVIEW,2,N,2026-01-19 10:00:00,batch_003,workqueue_actions_batch_003.csv
52281,1387,17,2026-01-19,REVIEW,4,N,2026-01-19 10:00:00,batch_003,workqueue_actions_batch_003.csv
52282,5267,17,2026-01-14,CALL,0,N,2026-01-19 10:00:00,batch_003,workqueue_actions_batch_003.csv
52283,3271,4,2026-01-14,ESCALATE,1,N,2026-01-19 10:00:00,batch_003,workqueue_actions_batch_003.csv
52284,3804,9,2026-01-14,NOTE,4,Y,2026-01-19 10:00:00,batch_003,workqueue_actions_batch_003.csv
52285,2584,3,2026-01-19,ESCALATE,3,N,2026-01-19 10:00:00,batch_003,workqueue_actions_batch_003.csv
52286,2671,14,2026-01-17,REVIEW,0,N,2026-01-19 10:00:00,batch_003,workqueue_actions_batch_003.csv
52287,4350,13,2026-01-15,ESCALATE,3,Y,2026-01-19 10:00:00,batch_003,workqueue_actions_batch_003.csv
52288,2753,9,2026-01-16,REVIEW,2,N,2026-01-19 10:00:00,batch_003,workqueue_actions_batch_003.csv
52289,4795,8,2026-01-15,REVIEW,4,Y,2026-01-19 10:00:00,batch_003,workqueue_actions_batch_003.csv
52290,1769,4,2026-01-19,CALL,0,N,2026-01-19 10:00:00,batch_003,workqueue_actions_batch_003.csv
52291,2286,17,2026-01-14,CALL,3,Y,2026-01-19 10:00:00,batch_003,workqueue_actions_batch_003.csv
52292,3659,10,2026-01-18,REVIEW,1,Y,2026-01-19 10:00:00,batch_003,workqueue_actions_batch_003.csv
52293,1827,10,2026-01-14,CALL,3,Y,2026-01-19 10:00:00,batch_003,workqueue_actions_batch_003.csv
52294,5349,5,2026-01-18,REVIEW,0,N,2026-01-19 10:00:00,batch_003,workqueue_actions_batch_003.csv
52295,4706,3,2026-01-15,NOTE,2,Y,2026-01-19 10:00:00,batch_003,workqueue_actions_batch_003.csv
52296,1552,2,2026-01-18,NOTE,2,Y,2026-01-19 10:00:00,batch_003,workqueue_actions_batch_003.csv
52297,2155,12,2026-01-15,REVIEW,2,Y,2026-01-19 10:00:00,batch_003,workqueue_actions_batch_003.csv
52298,3852,3,2026-01-17,REVIEW,3,N,2026-01-19 10:00:00,batch_003,workqueue_actions_batch_003.csv
52299,5324,12,2026-01-17,CALL,4,N,2026-01-19 10:00:00,batch_003,workqueue_actions_batch_003.csv
52300,2264,5,2026-01-14,CALL,3,Y,2026-01-19 10:00:00,batch_003,workqueue_actions_batch_003.csv
52301,1987,14,2026-01-19,ESCALATE,4,N,2026-01-19 10:00:00,batch_003,workqueue_actions_batch_003.csv
52302,2176,5,2026-01-16,CALL,3,Y,2026-01-19 10:00:00,batch_003,workqueue_actions_batch_003.csv
52303,4682,20,2026-01-17,CALL,0,Y,2026-01-19 10:00:00,batch_003,workqueue_actions_batch_003.csv
52304,2841,17,2026-01-18,ESCALATE,2,N,2026-01-19 10:00:00,batch_003,workqueue_actions_batch_003.csv
52305,2845,8,2026-01-17,ESCALATE,0,Y,2026-01-19 10:00:00,batch_003,workqueue_actions_batch_003.csv
52306,4417,20,2026-01-15,ESCALATE,2,Y,2026-01-19 10:00:00,batch_003,workqueue_actions_batch_003.csv
52307,4816,9,2026-01-18,CALL,4,N,2026-01-19 10:00:00,batch_003,workqueue_actions_batch_003.csv
52308,3052,17,2026-01-18,REVIEW,4,Y,2026-01-19 10:00:00,batch_003,workqueue_actions_batch_003.csv
52309,1920,9,2026-01-18,ESCALATE,4,Y,2026-01-19 10:00:00,batch_003,workqueue_actions_batch_003.csv
52310,2280,8,2026-01-15,NOTE,2,Y,2026-01-19 10:00:00,batch_003,workqueue_actions_batch_003.csv
52311,1148,15,2026-01-19,CALL,2,N,2026-01-19 10:00:00,batch_003,workqueue_actions_batch_003.csv
52312,5379,13,2026-01-19,CALL,3,N,2026-01-19 10:00:00,batch_003,workqueue_actions_batch_003.csv
52313,4929,4,2026-01-17,CALL,4,N,2026-01-19 10:00:00,batch_003,workqueue_actions_batch_003.csv
52314,4774,20,2026-01-14,NOTE,0,Y,2026-01-19 10:00:00,batch_003,workqueue_actions_batch_003.csv
52315,1672,12,2026-01-16,ESCALATE,1,N,2026-01-19 10:00:00,batch_003,workqueue_actions_batch_003.csv
52316,3537,20,2026-01-14,CALL,3,N,2026-01-19 10:00:00,batch_003,workqueue_actions_batch_003.csv
52317,5158,5,2026-01-15,NOTE,2,Y,2026-01-19 10:00:00,batch_003,workqueue_actions_batch_003.csv
52318,5222,17,2026-01-17,CALL,0,N,2026-01-19 10:00:00,batch_003,workqueue_actions_batch_003.csv
52319,2593,1,2026-01-19,ESCALATE,1,N,2026-01-19 10:00:00,batch_003,workqueue_actions_batch_003.csv
52320,4299,2,2026-01-19,ESCALATE,1,Y,2026-01-19 10:00:00,batch_003,workqueue_actions_batch_003.csv
52321,2591,3,2026-01-18,CALL,2,N,2026-01-19 10:00:00,batch_003,workqueue_actions_batch_003.csv
52322,3164,12,2026-01-19,NOTE,0,Y,2026-01-19 10:00:00,batch_003,workqueue_actions_batch_003.csv
52323,5293,16,2026-01-18,REVIEW,4,N,2026-01-19 10:00:00,batch_003,workqueue_actions_batch_003.csv
52324,2917,1,2026-01-17,CALL,1,Y,2026-01-19 10:00:00,batch_003,workqueue_actions_batch_003.csv
52325,2087,20,2026-01-18,REVIEW,2,Y,2026-01-19 10:00:00,batch_003,workqueue_actions_batch_003.csv
52326,4501,13,2026-01-15,CALL,1,Y,2026-01-19 10:00:00,batch_003,workqueue_actions_batch_003.csv
52327,4783,1,2026-01-15,ESCALATE,2,Y,2026-01-19 10:00:00,batch_003,workqueue_actions_batch_003.csv
52328,4469,18,2026-01-18,CALL,0,Y,2026-01-19 10:00:00,batch_003,workqueue_actions_batch_003.csv
52329,2645,11,2026-01-19,CALL,0,Y,2026-01-19 10:00:00,batch_003,workqueue_actions_batch_003.csv
52330,2792,18,2026-01-18,REVIEW,2,N,2026-01-19 10:00:00,batch_003,workqueue_actions_batch_003.csv
52331,3890,10,2026-01-14,REVIEW,4,N,2026-01-19 10:00:00,batch_003,workqueue_actions_batch_003.csv
52332,4301,3,2026-01-19,ESCALATE,4,N,2026-01-19 10:00:00,batch_003,workqueue_actions_batch_003.csv
52333,5087,13,2026-01-17,NOTE,4,N,2026-01-19 10:00:00,batch_003,workqueue_actions_batch_003.csv
52334,2319,13,2026-01-19,CALL,3,Y,2026-01-19 10:00:00,batch_003,workqueue_actions_batch_003.csv
52335,2561,6,2026-01-14,CALL,4,N,2026-01-19 10:00:00,batch_003,workqueue_actions_batch_003.csv
52336,1637,10,2026-01-19,CALL,4,N,2026-01-19 10:00:00,batch_003,workqueue_actions_batch_003.csv
52337,2977,6,2026-01-16,NOTE,0,N,2026-01-19 10:00:00,batch_003,workqueue_actions_batch_003.csv
52338,4527,8,2026-01-15,REVIEW,4,Y,2026-01-19 10:00:00,batch_003,workqueue_actions_batch_003.csv
52339,4328,18,2026-01-16,NOTE,4,N,2026-01-19 10:00:00,batch_003,workqueue_actions_batch_003.csv
52340,2496,4,2026-01-15,CALL,4,N,2026-01-19 10:00:00,batch_003,workqueue_actions_batch_003.csv
52341,1701,1,2026-01-14,CALL,1,Y,2026-01-19 10:00:00,batch_003,workqueue_actions_batch_003.csv
52342,1996,5,2026-01-15,REVIEW,0,N,2026-01-19 10:00:00,batch_003,workqueue_actions_batch_003.csv
52343,5249,14,2026-01-16,ESCALATE,0,Y,2026-01-19 10:00:00,batch_003,workqueue_actions_batch_003.csv
52344,4054,5,2026-01-17,ESCALATE,3,Y,2026-01-19 10:00:00,batch_003,workqueue_actions_batch_003.csv
52345,1165,18,2026-01-14,CALL,4,N,2026-01-19 10:00:00,batch_003,workqueue_actions_batch_003.csv
52346,3266,15,2026-01-15,NOTE,1,Y,2026-01-19 10:00:00,batch_003,workqueue_actions_batch_003.csv
52347,4773,12,2026-01-18,ESCALATE,0,N,2026-01-19 10:00:00,batch_003,workqueue_actions_batch_003.csv
52348,3424,9,2026-01-14,REVIEW,2,N,2026-01-19 10:00:00,batch_003,workqueue_actions_batch_003.csv
52349,5433,18,2026-01-18,NOTE,3,N,2026-01-19 10:00:00,batch_003,workqueue_actions_batch_003.csv
52350,5302,20,2026-01-19,CALL,4,Y,2026-01-19 10:00:00,batch_003,workqueue_actions_batch_003.csv
52351,4929,5,2026-01-19,CALL,4,Y,2026-01-19 10:00:00,batch_003,workqueue_actions_batch_003.csv
52352,2901,9,2026-01-19,ESCALATE,2,N,2026-01-19 10:00:00,batch_003,workqueue_actions_batch_003.csv
52353,2558,16,2026-01-17,REVIEW,0,N,2026-01-19 10:00:00,batch_003,workqueue_actions_batch_003.csv
52354,4156,7,2026-01-14,REVIEW,3,N,2026-01-19 10:00:00,batch_003,workqueue_actions_batch_003.csv
52355,1692,13,2026-01-14,CALL,2,N,2026-01-19 10:00:00,batch_003,workqueue_actions_batch_003.csv
52356,5008,13,2026-01-15,NOTE,3,N,2026-01-19 10:00:00,batch_003,workqueue_actions_batch_003.csv
52357,3949,4,2026-01-18,CALL,3,N,2026-01-19 10:00:00,batch_003,workqueue_actions_batch_003.csv
52358,1882,12,2026-01-19,REVIEW,0,Y,2026-01-19 10:00:00,batch_003,workqueue_actions_batch_003.csv
52359,1951,3,2026-01-14,REVIEW,2,Y,2026-01-19 10:00:00,batch_003,workqueue_actions_batch_003.csv
52360,1520,7,2026-01-17,NOTE,0,N,2026-01-19 10:00:00,batch_003,workqueue_actions_batch_003.csv
52361,1300,19,2026-01-19,ESCALATE,1,N,2026-01-19 10:00:00,batch_003,workqueue_actions_batch_003.csv
52362,4698,13,2026-01-16,ESCALATE,4,Y,2026-01-19 10:00:00,batch_003,workqueue_actions_batch_003.csv
52363,1399,9,2026-01-17,NOTE,1,N,2026-01-19 10:00:00,batch_003,workqueue_actions_batch_003.csv
52364,3590,11,2026-01-15,REVIEW,1,N,2026-01-19 10:00:00,batch_003,workqueue_actions_batch_003.csv
52365,3416,18,2026-01-19,NOTE,1,Y,2026-01-19 10:00:00,batch_003,workqueue_actions_batch_003.csv
52366,1930,18,2026-01-14,CALL,2,N,2026-01-19 10:00:00,batch_003,workqueue_actions_batch_003.csv
52367,5342,1,2026-01-17,ESCALATE,1,N,2026-01-19 10:00:00,batch_003,workqueue_actions_batch_003.csv
52368,5302,13,2026-01-15,REVIEW,4,Y,2026-01-19 10:00:00,batch_003,workqueue_actions_batch_003.csv
52369,3039,17,2026-01-17,REVIEW,3,N,2026-01-19 10:00:00,batch_003,workqueue_actions_batch_003.csv
52370,1262,14,2026-01-19,ESCALATE,3,Y,2026-01-19 10:00:00,batch_003,workqueue_actions_batch_003.csv
52371,2521,10,2026-01-18,CALL,4,Y,2026-01-19 10:00:00,batch_003,workqueue_actions_batch_003.csv
52372,1498,6,2026-01-15,NOTE,3,N,2026-01-19 10:00:00,batch_003,workqueue_actions_batch_003.csv
52373,4440,17,2026-01-15,REVIEW,4,N,2026-01-19 10:00:00,batch_003,workqueue_actions_batch_003.csv
52374,1996,1,2026-01-18,ESCALATE,4,Y,2026-01-19 10:00:00,batch_003,workqueue_actions_batch_003.csv
52375,5165,1,2026-01-14,NOTE,4,N,2026-01-19 10:00:00,batch_003,workqueue_actions_batch_003.csv
52376,3564,20,2026-01-18,REVIEW,0,N,2026-01-19 10:00:00,batch_003,workqueue_actions_batch_003.csv
52377,1896,17,2026-01-14,REVIEW,2,N,2026-01-19 10:00:00,batch_003,workqueue_actions_batch_003.csv
52378,3177,18,2026-01-16,ESCALATE,1,Y,2026-01-19 10:00:00,batch_003,workqueue_actions_batch_003.csv
52379,4479,2,2026-01-14,NOTE,0,Y,2026-01-19 10:00:00,batch_003,workqueue_actions_batch_003.csv
52380,1656,4,2026-01-14,REVIEW,2,Y,2026-01-19 10:00:00,batch_003,workqueue_actions_batch_003.csv
52381,1916,17,2026-01-18,NOTE,1,N,2026-01-19 10:00:00,batch_003,workqueue_actions_batch_003.csv
52382,4820,14,2026-01-19,CALL,2,N,2026-01-19 10:00:00,batch_003,workqueue_actions_batch_003.csv
52383,4461,18,2026-01-16,NOTE,1,Y,2026-01-19 10:00:00,batch_003,workqueue_actions_batch_003.csv
52384,3247,10,2026-01-18,ESCALATE,2,N,2026-01-19 10:00:00,batch_003,workqueue_actions_batch_003.csv
52385,2489,17,2026-01-14,ESCALATE,0,N,2026-01-19 10:00:00,batch_003,workqueue_actions_batch_003.csv
52386,1886,6,2026-01-17,NOTE,4,Y,2026-01-19 10:00:00,batch_003,workqueue_actions_batch_003.csv
52387,2972,11,2026-01-14,CALL,0,Y,2026-01-19 10:00:00,batch_003,workqueue_actions_batch_003.csv
52388,2202,19,2026-01-17,CALL,1,N,2026-01-19 10:00:00,batch_003,workqueue_actions_batch_003.csv
52389,2312,7,2026-01-19,CALL,0,N,2026-01-19 10:00:00,batch_003,workqueue_actions_batch_003.csv
52390,4715,20,2026-01-19,ESCALATE,3,N,2026-01-19 10:00:00,batch_003,workqueue_actions_batch_003.csv
52391,3153,16,2026-01-14,NOTE,2,N,2026-01-19 10:00:00,batch_003,workqueue_actions_batch_003.csv
52392,2350,7,2026-01-17,REVIEW,2,N,2026-01-19 10:00:00,batch_003,workqueue_actions_batch_003.csv
52393,1655,8,2026-01-14,ESCALATE,0,N,2026-01-19 10:00:00,batch_003,workqueue_actions_batch_003.csv
52394,5468,8,2026-01-15,CALL,4,N,2026-01-19 10:00:00,batch_003,workqueue_actions_batch_003.csv
52395,5263,19,2026-01-19,ESCALATE,0,Y,2026-01-19 10:00:00,batch_003,workqueue_actions_batch_003.csv
52396,3236,6,2026-01-16,CALL,3,Y,2026-01-19 10:00:00,batch_003,workqueue_actions_batch_003.csv
52397,1347,19,2026-01-15,ESCALATE,4,N,2026-01-19 10:00:00,batch_003,workqueue_actions_batch_003.csv
52398,4907,11,2026-01-15,ESCALATE,0,Y,2026-01-19 10:00:00,batch_003,workqueue_actions_batch_003.csv
52399,4134,2,2026-01-15,ESCALATE,0,Y,2026-01-19 10:00:00,batch_003,workqueue_actions_batch_003.csv
52400,1190,19,2026-01-18,NOTE,0,N,2026-01-19 10:00:00,batch_003,workqueue_actions_batch_003.csv
52401,4901,3,2026-01-16,NOTE,3,Y,2026-01-19 10:00:00,batch_003,workqueue_actions_batch_003.csv
52402,2563,9,2026-01-18,ESCALATE,3,Y,2026-01-19 10:00:00,batch_003,workqueue_actions_batch_003.csv
52403,2454,17,2026-01-14,REVIEW,3,N,2026-01-19 10:00:00,batch_003,workqueue_actions_batch_003.csv
52404,3631,14,2026-01-16,NOTE,0,N,2026-01-19 10:00:00,batch_003,workqueue_actions_batch_003.csv
52405,3406,13,2026-01-18,CALL,1,N,2026-01-19 10:00:00,batch_003,workqueue_actions_batch_003.csv
52406,1473,15,2026-01-16,REVIEW,1,Y,2026-01-19 10:00:00,batch_003,workqueue_actions_batch_003.csv
52407,1910,16,2026-01-17,ESCALATE,3,Y,2026-01-19 10:00:00,batch_003,workqueue_actions_batch_003.csv
52408,3976,18,2026-01-17,ESCALATE,0,Y,2026-01-19 10:00:00,batch_003,workqueue_actions_batch_003.csv
52409,3602,1,2026-01-17,ESCALATE,2,Y,2026-01-19 10:00:00,batch_003,workqueue_actions_batch_003.csv
52410,5322,4,2026-01-15,CALL,2,N,2026-01-19 10:00:00,batch_003,workqueue_actions_batch_003.csv
52411,2105,17,2026-01-15,ESCALATE,1,N,2026-01-19 10:00:00,batch_003,workqueue_actions_batch_003.csv
52412,3700,4,2026-01-19,CALL,4,N,2026-01-19 10:00:00,batch_003,workqueue_actions_batch_003.csv
52413,3475,19,2026-01-18,REVIEW,4,N,2026-01-19 10:00:00,batch_003,workqueue_actions_batch_003.csv
52414,1932,17,2026-01-18,CALL,4,Y,2026-01-19 10:00:00,batch_003,workqueue_actions_batch_003.csv
52415,4865,6,2026-01-17,NOTE,3,N,2026-01-19 10:00:00,batch_003,workqueue_actions_batch_003.csv
52416,5209,2,2026-01-15,NOTE,3,N,2026-01-19 10:00:00,batch_003,workqueue_actions_batch_003.csv
52417,3169,14,2026-01-15,CALL,2,Y,2026-01-19 10:00:00,batch_003,workqueue_actions_batch_003.csv
52418,4652,9,2026-01-15,CALL,3,Y,2026-01-19 10:00:00,batch_003,workqueue_actions_batch_003.csv
52419,5487,6,2026-01-18,CALL,0,N,2026-01-19 10:00:00,batch_003,workqueue_actions_batch_003.csv
52420,2931,20,2026-01-14,REVIEW,0,N,2026-01-19 10:00:00,batch_003,workqueue_actions_batch_003.csv
52421,1947,8,2026-01-17,ESCALATE,2,N,2026-01-19 10:00:00,batch_003,workqueue_actions_batch_003.csv
52422,4263,4,2026-01-18,ESCALATE,4,N,2026-01-19 10:00:00,batch_003,workqueue_actions_batch_003.csv
52423,2480,1,2026-01-15,NOTE,1,N,2026-01-19 10:00:00,batch_003,workqueue_actions_batch_003.csv
52424,1621,9,2026-01-14,CALL,4,N,2026-01-19 10:00:00,batch_003,workqueue_actions_batch_003.csv
52425,4369,7,2026-01-14,CALL,2,N,2026-01-19 10:00:00,batch_003,workqueue_actions_batch_003.csv
52426,4570,1,2026-01-14,CALL,2,N,2026-01-19 10:00:00,batch_003,workqueue_actions_batch_003.csv
52427,2676,12,2026-01-19,NOTE,3,N,2026-01-19 10:00:00,batch_003,workqueue_actions_batch_003.csv
52428,3026,12,2026-01-17,ESCALATE,3,N,2026-01-19 10:00:00,batch_003,workqueue_actions_batch_003.csv
52429,3975,2,2026-01-15,NOTE,3,N,2026-01-19 10:00:00,batch_003,workqueue_actions_batch_003.csv
52430,4396,13,2026-01-18,ESCALATE,2,N,2026-01-19 10:00:00,batch_003,workqueue_actions_batch_003.csv
52431,2846,14,2026-01-19,REVIEW,1,N,2026-01-19 10:00:00,batch_003,workqueue_actions_batch_003.csv
52432,2145,19,2026-01-19,ESCALATE,1,N,2026-01-19 10:00:00,batch_003,workqueue_actions_batch_003.csv
52433,3939,20,2026-01-16,NOTE,3,Y,2026-01-19 10:00:00,batch_003,workqueue_actions_batch_003.csv
52434,4526,4,2026-01-19,NOTE,4,N,2026-01-19 10:00:00,batch_003,workqueue_actions_batch_003.csv
52435,4161,11,2026-01-18,CALL,0,N,2026-01-19 10:00:00,batch_003,workqueue_actions_batch_003.csv
52436,3301,4,2026-01-18,CALL,1,Y,2026-01-19 10:00:00,batch_003,workqueue_actions_batch_003.csv
52437,5403,13,2026-01-16,REVIEW,3,N,2026-01-19 10:00:00,batch_003,workqueue_actions_batch_003.csv
52438,3138,10,2026-01-17,CALL,2,N,2026-01-19 10:00:00,batch_003,workqueue_actions_batch_003.csv
52439,5355,20,2026-01-16,CALL,1,Y,2026-01-19 10:00:00,batch_003,workqueue_actions_batch_003.csv
52440,5078,12,2026-01-18,CALL,2,N,2026-01-19 10:00:00,batch_003,workqueue_actions_batch_003.csv
52441,2139,4,2026-01-14,ESCALATE,2,N,2026-01-19 10:00:00,batch_003,workqueue_actions_batch_003.csv
52442,2465,19,2026-01-17,REVIEW,0,N,2026-01-19 10:00:00,batch_003,workqueue_actions_batch_003.csv
52443,2991,7,2026-01-19,CALL,0,Y,2026-01-19 10:00:00,batch_003,workqueue_actions_batch_003.csv
52444,2333,1,2026-01-15,NOTE,3,Y,2026-01-19 10:00:00,batch_003,workqueue_actions_batch_003.csv
52445,3848,12,2026-01-18,ESCALATE,3,N,2026-01-19 10:00:00,batch_003,workqueue_actions_batch_003.csv
52446,2469,2,2026-01-19,NOTE,0,Y,2026-01-19 10:00:00,batch_003,workqueue_actions_batch_003.csv
52447,1680,6,2026-01-19,NOTE,1,Y,2026-01-19 10:00:00,batch_003,workqueue_actions_batch_003.csv
52448,4811,10,2026-01-19,CALL,0,N,2026-01-19 10:00:00,batch_003,workqueue_actions_batch_003.csv
52449,4784,4,2026-01-19,ESCALATE,0,N,2026-01-19 10:00:00,batch_003,workqueue_actions_batch_003.csv
52450,3779,17,2026-01-15,NOTE,2,N,2026-01-19 10:00:00,batch_003,workqueue_actions_batch_003.csv
52451,5175,5,2026-01-15,REVIEW,1,N,2026-01-19 10:00:00,batch_003,workqueue_actions_batch_003.csv
52452,2563,16,2026-01-15,ESCALATE,1,N,2026-01-19 10:00:00,batch_003,workqueue_actions_batch_003.csv
52453,3099,19,2026-01-19,CALL,2,Y,2026-01-19 10:00:00,batch_003,workqueue_actions_batch_003.csv
52454,5139,12,2026-01-17,ESCALATE,1,N,2026-01-19 10:00:00,batch_003,workqueue_actions_batch_003.csv
52455,5188,13,2026-01-14,REVIEW,1,N,2026-01-19 10:00:00,batch_003,workqueue_actions_batch_003.csv
52456,1360,4,2026-01-17,ESCALATE,0,N,2026-01-19 10:00:00,batch_003,workqueue_actions_batch_003.csv
52457,5331,10,2026-01-14,REVIEW,0,N,2026-01-19 10:00:00,batch_003,workqueue_actions_batch_003.csv
52458,2956,1,2026-01-16,CALL,1,N,2026-01-19 10:00:00,batch_003,workqueue_actions_batch_003.csv
52459,4708,2,2026-01-16,ESCALATE,2,Y,2026-01-19 10:00:00,batch_003,workqueue_actions_batch_003.csv
52460,1089,6,2026-01-16,REVIEW,4,N,2026-01-19 10:00:00,batch_003,workqueue_actions_batch_003.csv
52461,4797,12,2026-01-19,REVIEW,3,N,2026-01-19 10:00:00,batch_003,workqueue_actions_batch_003.csv
52462,2256,7,2026-01-15,REVIEW,2,Y,2026-01-19 10:00:00,batch_003,workqueue_actions_batch_003.csv
52463,2734,3,2026-01-16,REVIEW,0,N,2026-01-19 10:00:00,batch_003,workqueue_actions_batch_003.csv
52464,4008,17,2026-01-14,REVIEW,3,N,2026-01-19 10:00:00,batch_003,workqueue_actions_batch_003.csv
52465,3409,5,2026-01-15,ESCALATE,4,N,2026-01-19 10:00:00,batch_003,workqueue_actions_batch_003.csv
52466,3408,8,2026-01-15,REVIEW,3,Y,2026-01-19 10:00:00,batch_003,workqueue_actions_batch_003.csv
52467,1337,13,2026-01-19,CALL,3,Y,2026-01-19 10:00:00,batch_003,workqueue_actions_batch_003.csv
52468,4609,11,2026-01-14,NOTE,2,N,2026-01-19 10:00:00,batch_003,workqueue_actions_batch_003.csv
52469,4898,18,2026-01-16,ESCALATE,0,N,2026-01-19 10:00:00,batch_003,workqueue_actions_batch_003.csv
52470,2571,2,2026-01-19,ESCALATE,4,Y,2026-01-19 10:00:00,batch_003,workqueue_actions_batch_003.csv
52471,3185,11,2026-01-19,REVIEW,4,N,2026-01-19 10:00:00,batch_003,workqueue_actions_batch_003.csv
52472,1008,11,2026-01-16,NOTE,4,N,2026-01-19 10:00:00,batch_003,workqueue_actions_batch_003.csv
52473,2031,10,2026-01-14,REVIEW,2,N,2026-01-19 10:00:00,batch_003,workqueue_actions_batch_003.csv
52474,1811,15,2026-01-17,REVIEW,0,Y,2026-01-19 10:00:00,batch_003,workqueue_actions_batch_003.csv
52475,1509,2,2026-01-18,ESCALATE,1,N,2026-01-19 10:00:00,batch_003,workqueue_actions_batch_003.csv
52476,3104,2,2026-01-14,NOTE,4,Y,2026-01-19 10:00:00,batch_003,workqueue_actions_batch_003.csv
52477,5114,10,2026-01-18,NOTE,2,N,2026-01-19 10:00:00,batch_003,workqueue_actions_batch_003.csv
52478,4671,14,2026-01-16,NOTE,0,N,2026-01-19 10:00:00,batch_003,workqueue_actions_batch_003.csv
52479,1428,9,2026-01-16,CALL,0,Y,2026-01-19 10:00:00,batch_003,workqueue_actions_batch_003.csv
52480,2685,12,2026-01-16,ESCALATE,4,N,2026-01-19 10:00:00,batch_003,workqueue_actions_batch_003.csv
52481,3132,10,2026-01-15,REVIEW,0,Y,2026-01-19 10:00:00,batch_003,workqueue_actions_batch_003.csv
52482,1981,1,2026-01-16,NOTE,1,N,2026-01-19 10:00:00,batch_003,workqueue_actions_batch_003.csv
52483,2332,16,2026-01-18,ESCALATE,4,N,2026-01-19 10:00:00,batch_003,workqueue_actions_batch_003.csv
52484,4874,4,2026-01-18,CALL,0,N,2026-01-19 10:00:00,batch_003,workqueue_actions_batch_003.csv
52485,3645,19,2026-01-15,CALL,4,N,2026-01-19 10:00:00,batch_003,workqueue_actions_batch_003.csv
52486,4602,3,2026-01-14,NOTE,3,N,2026-01-19 10:00:00,batch_003,workqueue_actions_batch_003.csv
52487,1470,12,2026-01-14,ESCALATE,0,Y,2026-01-19 10:00:00,batch_003,workqueue_actions_batch_003.csv
52488,1658,19,2026-01-17,REVIEW,2,Y,2026-01-19 10:00:00,batch_003,workqueue_actions_batch_003.csv
52489,4174,6,2026-01-17,ESCALATE,0,Y,2026-01-19 10:00:00,batch_003,workqueue_actions_batch_003.csv
52490,2685,15,2026-01-17,REVIEW,4,Y,2026-01-19 10:00:00,batch_003,workqueue_actions_batch_003.csv
52491,5285,2,2026-01-17,ESCALATE,2,N,2026-01-19 10:00:00,batch_003,workqueue_actions_batch_003.csv
52492,2380,8,2026-01-16,NOTE,1,N,2026-01-19 10:00:00,batch_003,workqueue_actions_batch_003.csv
52493,2947,4,2026-01-19,NOTE,1,N,2026-01-19 10:00:00,batch_003,workqueue_actions_batch_003.csv
52494,4990,5,2026-01-16,CALL,4,N,2026-01-19 10:00:00,batch_003,workqueue_actions_batch_003.csv
52495,5032,15,2026-01-16,REVIEW,3,Y,2026-01-19 10:00:00,batch_003,workqueue_actions_batch_003.csv
52496,3748,18,2026-01-17,REVIEW,2,N,2026-01-19 10:00:00,batch_003,workqueue_actions_batch_003.csv
52497,4076,4,2026-01-16,ESCALATE,4,Y,2026-01-19 10:00:00,batch_003,workqueue_actions_batch_003.csv
52498,3203,6,2026-01-15,NOTE,1,Y,2026-01-19 10:00:00,batch_003,workqueue_actions_batch_003.csv
52499,3609,11,2026-01-14,NOTE,4,Y,2026-01-19 10:00:00,batch_003,workqueue_actions_batch_003.csv
52500,4574,16,2026-01-16,REVIEW,3,N,2026-01-19 10:00:00,batch_003,workqueue_actions_batch_003.csv
52501,4337,10,2026-01-14,NOTE,1,Y,2026-01-19 10:00:00,batch_003,workqueue_actions_batch_003.csv
52502,3676,12,2026-01-15,ESCALATE,3,N,2026-01-19 10:00:00,batch_003,workqueue_actions_batch_003.csv
52503,3220,20,2026-01-19,REVIEW,0,N,2026-01-19 10:00:00,batch_003,workqueue_actions_batch_003.csv
52504,3080,19,2026-01-15,ESCALATE,3,Y,2026-01-19 10:00:00,batch_003,workqueue_actions_batch_003.csv
52505,1111,19,2026-01-14,ESCALATE,2,Y,2026-01-19 10:00:00,batch_003,workqueue_actions_batch_003.csv
52506,4275,15,2026-01-14,CALL,2,Y,2026-01-19 10:00:00,batch_003,workqueue_actions_batch_003.csv
52507,4994,4,2026-01-14,ESCALATE,0,N,2026-01-19 10:00:00,batch_003,workqueue_actions_batch_003.csv
52508,5031,13,2026-01-16,ESCALATE,4,Y,2026-01-19 10:00:00,batch_003,workqueue_actions_batch_003.csv
52509,4905,15,2026-01-17,ESCALATE,4,Y,2026-01-19 10:00:00,batch_003,workqueue_actions_batch_003.csv
52510,1212,17,2026-01-19,NOTE,3,N,2026-01-19 10:00:00,batch_003,workqueue_actions_batch_003.csv
52511,1579,9,2026-01-18,ESCALATE,2,Y,2026-01-19 10:00:00,batch_003,workqueue_actions_batch_003.csv
52512,3644,18,2026-01-17,ESCALATE,0,Y,2026-01-19 10:00:00,batch_003,workqueue_actions_batch_003.csv
52513,2821,8,2026-01-17,NOTE,2,N,2026-01-19 10:00:00,batch_003,workqueue_actions_batch_003.csv
52514,3800,15,2026-01-14,ESCALATE,1,Y,2026-01-19 10:00:00,batch_003,workqueue_actions_batch_003.csv
52515,2621,2,2026-01-18,CALL,2,Y,2026-01-19 10:00:00,batch_003,workqueue_actions_batch_003.csv
52516,2185,14,2026-01-17,REVIEW,4,Y,2026-01-19 10:00:00,batch_003,workqueue_actions_batch_003.csv
52517,3498,9,2026-01-17,REVIEW,4,N,2026-01-19 10:00:00,batch_003,workqueue_actions_batch_003.csv
52518,3698,4,2026-01-14,NOTE,2,Y,2026-01-19 10:00:00,batch_003,workqueue_actions_batch_003.csv
52519,1451,14,2026-01-19,ESCALATE,3,Y,2026-01-19 10:00:00,batch_003,workqueue_actions_batch_003.csv
52520,2516,15,2026-01-14,REVIEW,0,Y,2026-01-19 10:00:00,batch_003,workqueue_actions_batch_003.csv
52521,3812,8,2026-01-17,ESCALATE,0,Y,2026-01-19 10:00:00,batch_003,workqueue_actions_batch_003.csv
52522,4020,18,2026-01-17,ESCALATE,2,Y,2026-01-19 10:00:00,batch_003,workqueue_actions_batch_003.csv
52523,3227,16,2026-01-17,CALL,4,Y,2026-01-19 10:00:00,batch_003,workqueue_actions_batch_003.csv
52524,5105,13,2026-01-19,ESCALATE,4,N,2026-01-19 10:00:00,batch_003,workqueue_actions_batch_003.csv
52525,1172,18,2026-01-14,ESCALATE,2,Y,2026-01-19 10:00:00,batch_003,workqueue_actions_batch_003.csv
52526,1305,1,2026-01-14,ESCALATE,2,N,2026-01-19 10:00:00,batch_003,workqueue_actions_batch_003.csv
52527,2038,4,2026-01-14,CALL,4,N,2026-01-19 10:00:00,batch_003,workqueue_actions_batch_003.csv
52528,5428,11,2026-01-15,CALL,0,Y,2026-01-19 10:00:00,batch_003,workqueue_actions_batch_003.csv
52529,2943,9,2026-01-17,CALL,3,Y,2026-01-19 10:00:00,batch_003,workqueue_actions_batch_003.csv
52530,5136,16,2026-01-19,REVIEW,4,Y,2026-01-19 10:00:00,batch_003,workqueue_actions_batch_003.csv
52531,3778,19,2026-01-14,REVIEW,1,Y,2026-01-19 10:00:00,batch_003,workqueue_actions_batch_003.csv
52532,5296,3,2026-01-14,REVIEW,1,N,2026-01-19 10:00:00,batch_003,workqueue_actions_batch_003.csv
52533,1651,4,2026-01-15,REVIEW,4,Y,2026-01-19 10:00:00,batch_003,workqueue_actions_batch_003.csv
52534,2076,12,2026-01-16,NOTE,2,N,2026-01-19 10:00:00,batch_003,workqueue_actions_batch_003.csv
52535,3359,19,2026-01-16,CALL,0,N,2026-01-19 10:00:00,batch_003,workqueue_actions_batch_003.csv
52536,1905,18,2026-01-14,NOTE,4,Y,2026-01-19 10:00:00,batch_003,workqueue_actions_batch_003.csv
52537,3967,5,2026-01-17,NOTE,2,N,2026-01-19 10:00:00,batch_003,workqueue_actions_batch_003.csv
52538,5204,5,2026-01-15,ESCALATE,0,N,2026-01-19 10:00:00,batch_003,workqueue_actions_batch_003.csv
52539,4522,8,2026-01-16,REVIEW,0,N,2026-01-19 10:00:00,batch_003,workqueue_actions_batch_003.csv
52540,2086,7,2026-01-16,CALL,0,N,2026-01-19 10:00:00,batch_003,workqueue_actions_batch_003.csv
52541,4902,2,2026-01-16,ESCALATE,1,Y,2026-01-19 10:00:00,batch_003,workqueue_actions_batch_003.csv
52542,4823,11,2026-01-19,NOTE,3,N,2026-01-19 10:00:00,batch_003,workqueue_actions_batch_003.csv
52543,4239,6,2026-01-18,REVIEW,4,Y,2026-01-19 10:00:00,batch_003,workqueue_actions_batch_003.csv
52544,3998,17,2026-01-18,REVIEW,4,Y,2026-01-19 10:00:00,batch_003,workqueue_actions_batch_003.csv
52545,5086,20,2026-01-18,NOTE,3,N,2026-01-19 10:00:00,batch_003,workqueue_actions_batch_003.csv
52546,2142,17,2026-01-18,ESCALATE,2,Y,2026-01-19 10:00:00,batch_003,workqueue_actions_batch_003.csv
52547,3711,3,2026-01-19,ESCALATE,4,N,2026-01-19 10:00:00,batch_003,workqueue_actions_batch_003.csv
52548,3994,15,2026-01-19,NOTE,3,Y,2026-01-19 10:00:00,batch_003,workqueue_actions_batch_003.csv
52549,5101,10,2026-01-17,CALL,3,N,2026-01-19 10:00:00,batch_003,workqueue_actions_batch_003.csv
52550,1400,19,2026-01-19,CALL,0,N,2026-01-19 10:00:00,batch_003,workqueue_actions_batch_003.csv
52551,5189,2,2026-01-18,REVIEW,1,Y,2026-01-19 10:00:00,batch_003,workqueue_actions_batch_003.csv
52552,1472,12,2026-01-18,NOTE,4,N,2026-01-19 10:00:00,batch_003,workqueue_actions_batch_003.csv
52553,3305,10,2026-01-14,NOTE,0,N,2026-01-19 10:00:00,batch_003,workqueue_actions_batch_003.csv
52554,3294,3,2026-01-17,CALL,2,Y,2026-01-19 10:00:00,batch_003,workqueue_actions_batch_003.csv
52555,3443,15,2026-01-14,REVIEW,0,Y,2026-01-19 10:00:00,batch_003,workqueue_actions_batch_003.csv
52556,1625,1,2026-01-19,CALL,3,N,2026-01-19 10:00:00,batch_003,workqueue_actions_batch_003.csv
52557,1444,13,2026-01-14,NOTE,4,N,2026-01-19 10:00:00,batch_003,workqueue_actions_batch_003.csv
52558,1296,19,2026-01-17,REVIEW,2,N,2026-01-19 10:00:00,batch_003,workqueue_actions_batch_003.csv
52559,2316,18,2026-01-17,CALL,4,N,2026-01-19 10:00:00,batch_003,workqueue_actions_batch_003.csv
52560,4963,17,2026-01-14,ESCALATE,4,N,2026-01-19 10:00:00,batch_003,workqueue_actions_batch_003.csv
52561,2543,11,2026-01-18,NOTE,3,Y,2026-01-19 10:00:00,batch_003,workqueue_actions_batch_003.csv
52562,4143,6,2026-01-14,NOTE,0,N,2026-01-19 10:00:00,batch_003,workqueue_actions_batch_003.csv
52563,3155,7,2026-01-15,CALL,0,N,2026-01-19 10:00:00,batch_003,workqueue_actions_batch_003.csv
52564,2435,18,2026-01-14,NOTE,3,Y,2026-01-19 10:00:00,batch_003,workqueue_actions_batch_003.csv
52565,5355,11,2026-01-18,NOTE,2,N,2026-01-19 10:00:00,batch_003,workqueue_actions_batch_003.csv
52566,1356,10,2026-01-15,ESCALATE,1,Y,2026-01-19 10:00:00,batch_003,workqueue_actions_batch_003.csv
52567,2085,20,2026-01-19,CALL,0,N,2026-01-19 10:00:00,batch_003,workqueue_actions_batch_003.csv
52568,5137,9,2026-01-16,CALL,0,Y,2026-01-19 10:00:00,batch_003,workqueue_actions_batch_003.csv
52569,5388,18,2026-01-18,ESCALATE,1,N,2026-01-19 10:00:00,batch_003,workqueue_actions_batch_003.csv
52570,4466,6,2026-01-15,REVIEW,1,N,2026-01-19 10:00:00,batch_003,workqueue_actions_batch_003.csv
52571,4538,6,2026-01-17,ESCALATE,1,Y,2026-01-19 10:00:00,batch_003,workqueue_actions_batch_003.csv
52572,4620,6,2026-01-14,REVIEW,3,N,2026-01-19 10:00:00,batch_003,workqueue_actions_batch_003.csv
52573,5113,15,2026-01-17,CALL,2,N,2026-01-19 10:00:00,batch_003,workqueue_actions_batch_003.csv
52574,1892,9,2026-01-19,ESCALATE,4,Y,2026-01-19 10:00:00,batch_003,workqueue_actions_batch_003.csv
52575,4195,14,2026-01-16,CALL,1,Y,2026-01-19 10:00:00,batch_003,workqueue_actions_batch_003.csv
52576,1504,9,2026-01-19,CALL,3,N,2026-01-19 10:00:00,batch_003,workqueue_actions_batch_003.csv
52577,4714,14,2026-01-18,CALL,1,Y,2026-01-19 10:00:00,batch_003,workqueue_actions_batch_003.csv
52578,1233,2,2026-01-15,NOTE,4,Y,2026-01-19 10:00:00,batch_003,workqueue_actions_batch_003.csv
52579,2130,2,2026-01-16,ESCALATE,4,N,2026-01-19 10:00:00,batch_003,workqueue_actions_batch_003.csv
52580,3123,9,2026-01-17,NOTE,3,Y,2026-01-19 10:00:00,batch_003,workqueue_actions_batch_003.csv
52581,3648,4,2026-01-18,REVIEW,4,Y,2026-01-19 10:00:00,batch_003,workqueue_actions_batch_003.csv
52582,1248,15,2026-01-17,NOTE,2,Y,2026-01-19 10:00:00,batch_003,workqueue_actions_batch_003.csv
52583,3582,19,2026-01-14,REVIEW,0,Y,2026-01-19 10:00:00,batch_003,workqueue_actions_batch_003.csv
52584,2608,3,2026-01-15,ESCALATE,2,N,2026-01-19 10:00:00,batch_003,workqueue_actions_batch_003.csv
52585,2540,6,2026-01-19,REVIEW,2,Y,2026-01-19 10:00:00,batch_003,workqueue_actions_batch_003.csv
52586,3082,16,2026-01-14,CALL,3,Y,2026-01-19 10:00:00,batch_003,workqueue_actions_batch_003.csv
52587,4081,9,2026-01-19,CALL,3,N,2026-01-19 10:00:00,batch_003,workqueue_actions_batch_003.csv
52588,3009,14,2026-01-17,ESCALATE,1,N,2026-01-19 10:00:00,batch_003,workqueue_actions_batch_003.csv
52589,3305,11,2026-01-16,NOTE,3,N,2026-01-19 10:00:00,batch_003,workqueue_actions_batch_003.csv
52590,3515,9,2026-01-17,CALL,2,Y,2026-01-19 10:00:00,batch_003,workqueue_actions_batch_003.csv
52591,4892,2,2026-01-18,REVIEW,2,N,2026-01-19 10:00:00,batch_003,workqueue_actions_batch_003.csv
52592,2832,15,2026-01-15,ESCALATE,0,Y,2026-01-19 10:00:00,batch_003,workqueue_actions_batch_003.csv
52593,1509,20,2026-01-15,NOTE,3,Y,2026-01-19 10:00:00,batch_003,workqueue_actions_batch_003.csv
52594,1655,19,2026-01-18,ESCALATE,3,Y,2026-01-19 10:00:00,batch_003,workqueue_actions_batch_003.csv
52595,4465,13,2026-01-19,REVIEW,0,N,2026-01-19 10:00:00,batch_003,workqueue_actions_batch_003.csv
52596,4008,9,2026-01-14,CALL,4,Y,2026-01-19 10:00:00,batch_003,workqueue_actions_batch_003.csv
52597,1540,9,2026-01-14,ESCALATE,0,Y,2026-01-19 10:00:00,batch_003,workqueue_actions_batch_003.csv
52598,4911,16,2026-01-16,REVIEW,0,N,2026-01-19 10:00:00,batch_003,workqueue_actions_batch_003.csv
52599,2442,17,2026-01-17,CALL,3,Y,2026-01-19 10:00:00,batch_003,workqueue_actions_batch_003.csv
52600,4810,5,2026-01-19,ESCALATE,0,Y,2026-01-19 10:00:00,batch_003,workqueue_actions_batch_003.csv
52601,2791,2,2026-01-16,REVIEW,1,Y,2026-01-19 10:00:00,batch_003,workqueue_actions_batch_003.csv
52602,2430,12,2026-01-17,ESCALATE,4,N,2026-01-19 10:00:00,batch_003,workqueue_actions_batch_003.csv
52603,5084,8,2026-01-15,ESCALATE,1,N,2026-01-19 10:00:00,batch_003,workqueue_actions_batch_003.csv
52604,1333,9,2026-01-18,NOTE,4,N,2026-01-19 10:00:00,batch_003,workqueue_actions_batch_003.csv
52605,1637,15,2026-01-19,NOTE,1,Y,2026-01-19 10:00:00,batch_003,workqueue_actions_batch_003.csv
52606,1447,17,2026-01-14,CALL,2,Y,2026-01-19 10:00:00,batch_003,workqueue_actions_batch_003.csv
52607,1755,4,2026-01-16,REVIEW,1,N,2026-01-19 10:00:00,batch_003,workqueue_actions_batch_003.csv
52608,3296,18,2026-01-14,CALL,3,N,2026-01-19 10:00:00,batch_003,workqueue_actions_batch_003.csv
52609,2566,6,2026-01-15,NOTE,1,Y,2026-01-19 10:00:00,batch_003,workqueue_actions_batch_003.csv
52610,5365,4,2026-01-17,CALL,4,Y,2026-01-19 10:00:00,batch_003,workqueue_actions_batch_003.csv
52611,2750,12,2026-01-17,REVIEW,3,N,2026-01-19 10:00:00,batch_003,workqueue_actions_batch_003.csv
52612,2383,3,2026-01-14,CALL,2,Y,2026-01-19 10:00:00,batch_003,workqueue_actions_batch_003.csv
52613,2324,10,2026-01-19,REVIEW,1,N,2026-01-19 10:00:00,batch_003,workqueue_actions_batch_003.csv
52614,1832,18,2026-01-17,CALL,2,Y,2026-01-19 10:00:00,batch_003,workqueue_actions_batch_003.csv
52615,2927,6,2026-01-18,NOTE,2,Y,2026-01-19 10:00:00,batch_003,workqueue_actions_batch_003.csv
52616,4501,12,2026-01-18,CALL,2,Y,2026-01-19 10:00:00,batch_003,workqueue_actions_batch_003.csv
52617,1523,13,2026-01-19,ESCALATE,0,Y,2026-01-19 10:00:00,batch_003,workqueue_actions_batch_003.csv
52618,1606,1,2026-01-14,CALL,0,Y,2026-01-19 10:00:00,batch_003,workqueue_actions_batch_003.csv
52619,1364,10,2026-01-15,REVIEW,0,N,2026-01-19 10:00:00,batch_003,workqueue_actions_batch_003.csv
52620,2543,4,2026-01-18,REVIEW,3,N,2026-01-19 10:00:00,batch_003,workqueue_actions_batch_003.csv
52621,5373,5,2026-01-19,CALL,1,Y,2026-01-19 10:00:00,batch_003,workqueue_actions_batch_003.csv
52622,2095,6,2026-01-17,ESCALATE,4,Y,2026-01-19 10:00:00,batch_003,workqueue_actions_batch_003.csv
52623,2530,16,2026-01-15,NOTE,2,N,2026-01-19 10:00:00,batch_003,workqueue_actions_batch_003.csv
52624,2394,4,2026-01-19,ESCALATE,2,Y,2026-01-19 10:00:00,batch_003,workqueue_actions_batch_003.csv
52625,1734,12,2026-01-19,REVIEW,2,Y,2026-01-19 10:00:00,batch_003,workqueue_actions_batch_003.csv
52626,3334,20,2026-01-14,CALL,2,Y,2026-01-19 10:00:00,batch_003,workqueue_actions_batch_003.csv
52627,3792,3,2026-01-19,ESCALATE,3,N,2026-01-19 10:00:00,batch_003,workqueue_actions_batch_003.csv
52628,3213,7,2026-01-19,ESCALATE,4,N,2026-01-19 10:00:00,batch_003,workqueue_actions_batch_003.csv
52629,1912,17,2026-01-16,CALL,0,N,2026-01-19 10:00:00,batch_003,workqueue_actions_batch_003.csv
52630,2422,8,2026-01-15,REVIEW,2,N,2026-01-19 10:00:00,batch_003,workqueue_actions_batch_003.csv
52631,3075,4,2026-01-18,REVIEW,3,N,2026-01-19 10:00:00,batch_003,workqueue_actions_batch_003.csv
52632,2341,18,2026-01-17,REVIEW,4,N,2026-01-19 10:00:00,batch_003,workqueue_actions_batch_003.csv
52633,4583,13,2026-01-14,CALL,2,Y,2026-01-19 10:00:00,batch_003,workqueue_actions_batch_003.csv
52634,2222,2,2026-01-16,CALL,0,Y,2026-01-19 10:00:00,batch_003,workqueue_actions_batch_003.csv
52635,5469,13,2026-01-15,ESCALATE,2,Y,2026-01-19 10:00:00,batch_003,workqueue_actions_batch_003.csv
52636,1730,5,2026-01-15,ESCALATE,0,N,2026-01-19 10:00:00,batch_003,workqueue_actions_batch_003.csv
52637,4298,11,2026-01-16,ESCALATE,0,Y,2026-01-19 10:00:00,batch_003,workqueue_actions_batch_003.csv
52638,5422,12,2026-01-14,ESCALATE,4,N,2026-01-19 10:00:00,batch_003,workqueue_actions_batch_003.csv
52639,1174,15,2026-01-14,NOTE,0,Y,2026-01-19 10:00:00,batch_003,workqueue_actions_batch_003.csv
52640,1380,2,2026-01-18,CALL,0,Y,2026-01-19 10:00:00,batch_003,workqueue_actions_batch_003.csv
52641,1920,12,2026-01-15,CALL,4,Y,2026-01-19 10:00:00,batch_003,workqueue_actions_batch_003.csv
52642,1550,11,2026-01-16,NOTE,0,N,2026-01-19 10:00:00,batch_003,workqueue_actions_batch_003.csv
52643,1318,6,2026-01-16,REVIEW,0,N,2026-01-19 10:00:00,batch_003,workqueue_actions_batch_003.csv
52644,5435,9,2026-01-17,REVIEW,4,Y,2026-01-19 10:00:00,batch_003,workqueue_actions_batch_003.csv
52645,1202,15,2026-01-15,CALL,1,Y,2026-01-19 10:00:00,batch_003,workqueue_actions_batch_003.csv
52646,2135,8,2026-01-17,NOTE,2,N,2026-01-19 10:00:00,batch_003,workqueue_actions_batch_003.csv
52647,3744,14,2026-01-14,CALL,1,Y,2026-01-19 10:00:00,batch_003,workqueue_actions_batch_003.csv
52648,2274,4,2026-01-16,NOTE,4,N,2026-01-19 10:00:00,batch_003,workqueue_actions_batch_003.csv
52649,1625,18,2026-01-18,NOTE,3,N,2026-01-19 10:00:00,batch_003,workqueue_actions_batch_003.csv
52650,3519,4,2026-01-15,NOTE,1,N,2026-01-19 10:00:00,batch_003,workqueue_actions_batch_003.csv
52651,3844,16,2026-01-15,REVIEW,1,Y,2026-01-19 10:00:00,batch_003,workqueue_actions_batch_003.csv
52652,3366,10,2026-01-15,CALL,2,Y,2026-01-19 10:00:00,batch_003,workqueue_actions_batch_003.csv
52653,2956,19,2026-01-15,REVIEW,0,Y,2026-01-19 10:00:00,batch_003,workqueue_actions_batch_003.csv
52654,4402,1,2026-01-15,NOTE,3,Y,2026-01-19 10:00:00,batch_003,workqueue_actions_batch_003.csv
52655,2967,14,2026-01-15,REVIEW,0,N,2026-01-19 10:00:00,batch_003,workqueue_actions_batch_003.csv
52656,4751,5,2026-01-15,REVIEW,2,Y,2026-01-19 10:00:00,batch_003,workqueue_actions_batch_003.csv
52657,4963,3,2026-01-14,REVIEW,4,N,2026-01-19 10:00:00,batch_003,workqueue_actions_batch_003.csv
52658,3290,6,2026-01-15,CALL,1,Y,2026-01-19 10:00:00,batch_003,workqueue_actions_batch_003.csv
52659,3799,16,2026-01-14,CALL,4,Y,2026-01-19 10:00:00,batch_003,workqueue_actions_batch_003.csv
52660,1126,6,2026-01-16,ESCALATE,1,Y,2026-01-19 10:00:00,batch_003,workqueue_actions_batch_003.csv
52661,5417,16,2026-01-15,CALL,2,N,2026-01-19 10:00:00,batch_003,workqueue_actions_batch_003.csv
52662,1781,19,2026-01-14,REVIEW,3,N,2026-01-19 10:00:00,batch_003,workqueue_actions_batch_003.csv
52663,4468,13,2026-01-15,NOTE,1,Y,2026-01-19 10:00:00,batch_003,workqueue_actions_batch_003.csv
52664,2623,14,2026-01-19,CALL,3,N,2026-01-19 10:00:00,batch_003,workqueue_actions_batch_003.csv
52665,5082,4,2026-01-18,ESCALATE,3,Y,2026-01-19 10:00:00,batch_003,workqueue_actions_batch_003.csv
52666,3022,19,2026-01-15,REVIEW,3,N,2026-01-19 10:00:00,batch_003,workqueue_actions_batch_003.csv
52667,1007,11,2026-01-14,REVIEW,1,Y,2026-01-19 10:00:00,batch_003,workqueue_actions_batch_003.csv
52668,2193,10,2026-01-16,CALL,4,N,2026-01-19 10:00:00,batch_003,workqueue_actions_batch_003.csv
52669,5373,14,2026-01-15,REVIEW,0,Y,2026-01-19 10:00:00,batch_003,workqueue_actions_batch_003.csv
52670,4995,13,2026-01-19,NOTE,0,N,2026-01-19 10:00:00,batch_003,workqueue_actions_batch_003.csv
52671,4104,3,2026-01-17,ESCALATE,2,Y,2026-01-19 10:00:00,batch_003,workqueue_actions_batch_003.csv
52672,4647,18,2026-01-19,REVIEW,4,Y,2026-01-19 10:00:00,batch_003,workqueue_actions_batch_003.csv
52673,4532,13,2026-01-17,NOTE,4,N,2026-01-19 10:00:00,batch_003,workqueue_actions_batch_003.csv
52674,1341,9,2026-01-19,REVIEW,4,Y,2026-01-19 10:00:00,batch_003,workqueue_actions_batch_003.csv
52675,3729,9,2026-01-17,CALL,2,Y,2026-01-19 10:00:00,batch_003,workqueue_actions_batch_003.csv
52676,4143,15,2026-01-14,ESCALATE,0,N,2026-01-19 10:00:00,batch_003,workqueue_actions_batch_003.csv
52677,4085,16,2026-01-17,ESCALATE,4,N,2026-01-19 10:00:00,batch_003,workqueue_actions_batch_003.csv
52678,3374,5,2026-01-19,ESCALATE,4,Y,2026-01-19 10:00:00,batch_003,workqueue_actions_batch_003.csv
52679,3890,20,2026-01-19,CALL,1,Y,2026-01-19 10:00:00,batch_003,workqueue_actions_batch_003.csv
52680,2963,17,2026-01-19,NOTE,0,N,2026-01-19 10:00:00,batch_003,workqueue_actions_batch_003.csv
52681,1412,8,2026-01-19,ESCALATE,3,N,2026-01-19 10:00:00,batch_003,workqueue_actions_batch_003.csv
52682,1504,16,2026-01-15,ESCALATE,1,N,2026-01-19 10:00:00,batch_003,workqueue_actions_batch_003.csv
52683,2355,7,2026-01-15,REVIEW,2,Y,2026-01-19 10:00:00,batch_003,workqueue_actions_batch_003.csv
52684,2495,5,2026-01-14,CALL,1,Y,2026-01-19 10:00:00,batch_003,workqueue_actions_batch_003.csv
52685,2297,14,2026-01-15,CALL,1,N,2026-01-19 10:00:00,batch_003,workqueue_actions_batch_003.csv
52686,5076,16,2026-01-16,ESCALATE,1,Y,2026-01-19 10:00:00,batch_003,workqueue_actions_batch_003.csv
52687,2637,8,2026-01-16,NOTE,3,N,2026-01-19 10:00:00,batch_003,workqueue_actions_batch_003.csv
52688,4527,4,2026-01-17,ESCALATE,3,N,2026-01-19 10:00:00,batch_003,workqueue_actions_batch_003.csv
52689,2733,17,2026-01-17,NOTE,1,Y,2026-01-19 10:00:00,batch_003,workqueue_actions_batch_003.csv
52690,5223,14,2026-01-18,NOTE,1,Y,2026-01-19 10:00:00,batch_003,workqueue_actions_batch_003.csv
52691,5374,2,2026-01-19,CALL,2,Y,2026-01-19 10:00:00,batch_003,workqueue_actions_batch_003.csv
52692,2758,16,2026-01-18,NOTE,2,Y,2026-01-19 10:00:00,batch_003,workqueue_actions_batch_003.csv
52693,3741,18,2026-01-18,CALL,3,Y,2026-01-19 10:00:00,batch_003,workqueue_actions_batch_003.csv
52694,4630,16,2026-01-14,REVIEW,4,Y,2026-01-19 10:00:00,batch_003,workqueue_actions_batch_003.csv
52695,2554,17,2026-01-18,CALL,4,N,2026-01-19 10:00:00,batch_003,workqueue_actions_batch_003.csv
52696,3395,7,2026-01-16,REVIEW,2,N,2026-01-19 10:00:00,batch_003,workqueue_actions_batch_003.csv
52697,1538,18,2026-01-17,CALL,2,N,2026-01-19 10:00:00,batch_003,workqueue_actions_batch_003.csv
52698,1523,2,2026-01-17,CALL,2,N,2026-01-19 10:00:00,batch_003,workqueue_actions_batch_003.csv
52699,2690,15,2026-01-18,CALL,2,N,2026-01-19 10:00:00,batch_003,workqueue_actions_batch_003.csv
52700,1355,12,2026-01-16,CALL,1,N,2026-01-19 10:00:00,batch_003,workqueue_actions_batch_003.csv
52701,4878,11,2026-01-17,CALL,3,N,2026-01-19 10:00:00,batch_003,workqueue_actions_batch_003.csv
52702,3398,14,2026-01-14,ESCALATE,1,N,2026-01-19 10:00:00,batch_003,workqueue_actions_batch_003.csv
52703,2442,15,2026-01-19,ESCALATE,4,Y,2026-01-19 10:00:00,batch_003,workqueue_actions_batch_003.csv
52704,1865,8,2026-01-14,ESCALATE,0,Y,2026-01-19 10:00:00,batch_003,workqueue_actions_batch_003.csv
52705,2750,14,2026-01-19,NOTE,2,Y,2026-01-19 10:00:00,batch_003,workqueue_actions_batch_003.csv
52706,3775,16,2026-01-18,ESCALATE,2,Y,2026-01-19 10:00:00,batch_003,workqueue_actions_batch_003.csv
52707,3350,14,2026-01-19,NOTE,1,Y,2026-01-19 10:00:00,batch_003,workqueue_actions_batch_003.csv
52708,1966,1,2026-01-19,REVIEW,0,Y,2026-01-19 10:00:00,batch_003,workqueue_actions_batch_003.csv
52709,1373,8,2026-01-18,REVIEW,2,N,2026-01-19 10:00:00,batch_003,workqueue_actions_batch_003.csv
52710,5370,15,2026-01-16,NOTE,2,Y,2026-01-19 10:00:00,batch_003,workqueue_actions_batch_003.csv
52711,3566,13,2026-01-18,ESCALATE,2,Y,2026-01-19 10:00:00,batch_003,workqueue_actions_batch_003.csv
52712,5070,11,2026-01-15,REVIEW,2,Y,2026-01-19 10:00:00,batch_003,workqueue_actions_batch_003.csv
52713,2718,10,2026-01-19,ESCALATE,0,Y,2026-01-19 10:00:00,batch_003,workqueue_actions_batch_003.csv
52714,2289,16,2026-01-19,CALL,3,Y,2026-01-19 10:00:00,batch_003,workqueue_actions_batch_003.csv
52715,2099,5,2026-01-17,ESCALATE,0,N,2026-01-19 10:00:00,batch_003,workqueue_actions_batch_003.csv
52716,2773,17,2026-01-14,REVIEW,0,N,2026-01-19 10:00:00,batch_003,workqueue_actions_batch_003.csv
52717,1614,10,2026-01-19,CALL,2,N,2026-01-19 10:00:00,batch_003,workqueue_actions_batch_003.csv
52718,4240,20,2026-01-17,ESCALATE,4,Y,2026-01-19 10:00:00,batch_003,workqueue_actions_batch_003.csv
52719,2590,6,2026-01-14,NOTE,1,Y,2026-01-19 10:00:00,batch_003,workqueue_actions_batch_003.csv
52720,4441,18,2026-01-18,NOTE,3,N,2026-01-19 10:00:00,batch_003,workqueue_actions_batch_003.csv
52721,2716,3,2026-01-16,REVIEW,1,N,2026-01-19 10:00:00,batch_003,workqueue_actions_batch_003.csv
52722,2578,14,2026-01-18,REVIEW,1,N,2026-01-19 10:00:00,batch_003,workqueue_actions_batch_003.csv
52723,4831,12,2026-01-15,ESCALATE,4,Y,2026-01-19 10:00:00,batch_003,workqueue_actions_batch_003.csv
52724,4763,6,2026-01-15,ESCALATE,1,Y,2026-01-19 10:00:00,batch_003,workqueue_actions_batch_003.csv
52725,3311,2,2026-01-16,CALL,1,N,2026-01-19 10:00:00,batch_003,workqueue_actions_batch_003.csv
52726,2651,13,2026-01-14,NOTE,4,N,2026-01-19 10:00:00,batch_003,workqueue_actions_batch_003.csv
52727,2599,12,2026-01-16,REVIEW,2,N,2026-01-19 10:00:00,batch_003,workqueue_actions_batch_003.csv
52728,1089,4,2026-01-19,NOTE,0,N,2026-01-19 10:00:00,batch_003,workqueue_actions_batch_003.csv
52729,4556,20,2026-01-19,REVIEW,1,Y,2026-01-19 10:00:00,batch_003,workqueue_actions_batch_003.csv
52730,4581,14,2026-01-14,CALL,1,Y,2026-01-19 10:00:00,batch_003,workqueue_actions_batch_003.csv
52731,1713,19,2026-01-15,NOTE,1,Y,2026-01-19 10:00:00,batch_003,workqueue_actions_batch_003.csv
52732,1348,10,2026-01-16,REVIEW,1,N,2026-01-19 10:00:00,batch_003,workqueue_actions_batch_003.csv
52733,2896,10,2026-01-17,CALL,4,Y,2026-01-19 10:00:00,batch_003,workqueue_actions_batch_003.csv
52734,1386,10,2026-01-15,REVIEW,2,Y,2026-01-19 10:00:00,batch_003,workqueue_actions_batch_003.csv
52735,1666,20,2026-01-14,NOTE,4,N,2026-01-19 10:00:00,batch_003,workqueue_actions_batch_003.csv
52736,3322,1,2026-01-19,REVIEW,1,N,2026-01-19 10:00:00,batch_003,workqueue_actions_batch_003.csv
52737,1116,18,2026-01-19,NOTE,3,Y,2026-01-19 10:00:00,batch_003,workqueue_actions_batch_003.csv
52738,5109,5,2026-01-16,CALL,4,N,2026-01-19 10:00:00,batch_003,workqueue_actions_batch_003.csv
52739,2418,9,2026-01-16,NOTE,0,Y,2026-01-19 10:00:00,batch_003,workqueue_actions_batch_003.csv
52740,3195,19,2026-01-16,REVIEW,0,Y,2026-01-19 10:00:00,batch_003,workqueue_actions_batch_003.csv
52741,4708,7,2026-01-15,REVIEW,3,Y,2026-01-19 10:00:00,batch_003,workqueue_actions_batch_003.csv
52742,4498,13,2026-01-15,REVIEW,3,N,2026-01-19 10:00:00,batch_003,workqueue_actions_batch_003.csv
52743,1821,10,2026-01-17,REVIEW,0,Y,2026-01-19 10:00:00,batch_003,workqueue_actions_batch_003.csv
52744,5377,14,2026-01-15,REVIEW,2,N,2026-01-19 10:00:00,batch_003,workqueue_actions_batch_003.csv
52745,4223,15,2026-01-15,NOTE,4,N,2026-01-19 10:00:00,batch_003,workqueue_actions_batch_003.csv
52746,3004,19,2026-01-16,ESCALATE,4,Y,2026-01-19 10:00:00,batch_003,workqueue_actions_batch_003.csv
52747,2572,14,2026-01-16,REVIEW,4,N,2026-01-19 10:00:00,batch_003,workqueue_actions_batch_003.csv
52748,3071,10,2026-01-19,ESCALATE,1,Y,2026-01-19 10:00:00,batch_003,workqueue_actions_batch_003.csv
52749,3316,9,2026-01-15,ESCALATE,2,Y,2026-01-19 10:00:00,batch_003,workqueue_actions_batch_003.csv
52750,3169,20,2026-01-14,NOTE,4,Y,2026-01-19 10:00:00,batch_003,workqueue_actions_batch_003.csv
52751,3437,4,2026-01-15,REVIEW,1,N,2026-01-19 10:00:00,batch_003,workqueue_actions_batch_003.csv
52752,2083,18,2026-01-17,CALL,0,N,2026-01-19 10:00:00,batch_003,workqueue_actions_batch_003.csv
52753,3182,6,2026-01-15,ESCALATE,1,N,2026-01-19 10:00:00,batch_003,workqueue_actions_batch_003.csv
52754,4732,18,2026-01-15,CALL,3,N,2026-01-19 10:00:00,batch_003,workqueue_actions_batch_003.csv
52755,4225,6,2026-01-18,CALL,2,N,2026-01-19 10:00:00,batch_003,workqueue_actions_batch_003.csv
52756,3542,7,2026-01-15,NOTE,2,Y,2026-01-19 10:00:00,batch_003,workqueue_actions_batch_003.csv
52757,4111,4,2026-01-16,ESCALATE,2,N,2026-01-19 10:00:00,batch_003,workqueue_actions_batch_003.csv
52758,2497,14,2026-01-19,NOTE,2,Y,2026-01-19 10:00:00,batch_003,workqueue_actions_batch_003.csv
52759,4528,12,2026-01-18,CALL,1,Y,2026-01-19 10:00:00,batch_003,workqueue_actions_batch_003.csv
52760,2743,19,2026-01-17,REVIEW,4,N,2026-01-19 10:00:00,batch_003,workqueue_actions_batch_003.csv
52761,3578,17,2026-01-16,REVIEW,4,N,2026-01-19 10:00:00,batch_003,workqueue_actions_batch_003.csv
52762,4175,15,2026-01-14,NOTE,4,Y,2026-01-19 10:00:00,batch_003,workqueue_actions_batch_003.csv
52763,4800,14,2026-01-17,ESCALATE,1,Y,2026-01-19 10:00:00,batch_003,workqueue_actions_batch_003.csv
52764,4957,1,2026-01-19,ESCALATE,1,Y,2026-01-19 10:00:00,batch_003,workqueue_actions_batch_003.csv
52765,3264,18,2026-01-16,REVIEW,1,N,2026-01-19 10:00:00,batch_003,workqueue_actions_batch_003.csv
52766,2023,5,2026-01-16,ESCALATE,4,N,2026-01-19 10:00:00,batch_003,workqueue_actions_batch_003.csv
52767,3366,9,2026-01-17,REVIEW,3,N,2026-01-19 10:00:00,batch_003,workqueue_actions_batch_003.csv
52768,3570,5,2026-01-16,REVIEW,1,Y,2026-01-19 10:00:00,batch_003,workqueue_actions_batch_003.csv
52769,3986,14,2026-01-16,ESCALATE,0,Y,2026-01-19 10:00:00,batch_003,workqueue_actions_batch_003.csv
52770,4719,20,2026-01-19,REVIEW,3,N,2026-01-19 10:00:00,batch_003,workqueue_actions_batch_003.csv
52771,3638,19,2026-01-19,REVIEW,1,N,2026-01-19 10:00:00,batch_003,workqueue_actions_batch_003.csv
52772,5005,8,2026-01-18,REVIEW,3,Y,2026-01-19 10:00:00,batch_003,workqueue_actions_batch_003.csv
52773,2119,10,2026-01-14,ESCALATE,3,Y,2026-01-19 10:00:00,batch_003,workqueue_actions_batch_003.csv
52774,2217,4,2026-01-16,ESCALATE,0,N,2026-01-19 10:00:00,batch_003,workqueue_actions_batch_003.csv
52775,2476,18,2026-01-15,NOTE,3,Y,2026-01-19 10:00:00,batch_003,workqueue_actions_batch_003.csv
52776,1220,2,2026-01-19,NOTE,1,Y,2026-01-19 10:00:00,batch_003,workqueue_actions_batch_003.csv
52777,4510,16,2026-01-14,ESCALATE,4,N,2026-01-19 10:00:00,batch_003,workqueue_actions_batch_003.csv
52778,3489,7,2026-01-17,ESCALATE,1,N,2026-01-19 10:00:00,batch_003,workqueue_actions_batch_003.csv
52779,1432,18,2026-01-14,CALL,1,N,2026-01-19 10:00:00,batch_003,workqueue_actions_batch_003.csv
52780,1732,17,2026-01-18,REVIEW,4,N,2026-01-19 10:00:00,batch_003,workqueue_actions_batch_003.csv
52781,4958,10,2026-01-18,CALL,1,N,2026-01-19 10:00:00,batch_003,workqueue_actions_batch_003.csv
52782,4426,16,2026-01-18,CALL,2,N,2026-01-19 10:00:00,batch_003,workqueue_actions_batch_003.csv
52783,1221,3,2026-01-14,REVIEW,4,Y,2026-01-19 10:00:00,batch_003,workqueue_actions_batch_003.csv
52784,4468,10,2026-01-19,ESCALATE,2,N,2026-01-19 10:00:00,batch_003,workqueue_actions_batch_003.csv
52785,4594,20,2026-01-19,REVIEW,0,Y,2026-01-19 10:00:00,batch_003,workqueue_actions_batch_003.csv
52786,1370,18,2026-01-17,NOTE,1,N,2026-01-19 10:00:00,batch_003,workqueue_actions_batch_003.csv
52787,1253,18,2026-01-16,REVIEW,1,N,2026-01-19 10:00:00,batch_003,workqueue_actions_batch_003.csv
52788,2382,10,2026-01-17,CALL,4,N,2026-01-19 10:00:00,batch_003,workqueue_actions_batch_003.csv
52789,2642,17,2026-01-16,NOTE,3,N,2026-01-19 10:00:00,batch_003,workqueue_actions_batch_003.csv
52790,5031,18,2026-01-15,REVIEW,3,N,2026-01-19 10:00:00,batch_003,workqueue_actions_batch_003.csv
52791,3461,3,2026-01-19,REVIEW,1,N,2026-01-19 10:00:00,batch_003,workqueue_actions_batch_003.csv
52792,1699,2,2026-01-14,NOTE,1,N,2026-01-19 10:00:00,batch_003,workqueue_actions_batch_003.csv
52793,1675,10,2026-01-19,ESCALATE,0,N,2026-01-19 10:00:00,batch_003,workqueue_actions_batch_003.csv
52794,3061,7,2026-01-15,REVIEW,3,Y,2026-01-19 10:00:00,batch_003,workqueue_actions_batch_003.csv
52795,3281,13,2026-01-18,REVIEW,3,N,2026-01-19 10:00:00,batch_003,workqueue_actions_batch_003.csv
52796,2470,17,2026-01-17,CALL,1,Y,2026-01-19 10:00:00,batch_003,workqueue_actions_batch_003.csv
52797,5410,5,2026-01-16,CALL,2,N,2026-01-19 10:00:00,batch_003,workqueue_actions_batch_003.csv
52798,3524,8,2026-01-16,CALL,0,Y,2026-01-19 10:00:00,batch_003,workqueue_actions_batch_003.csv
52799,1217,10,2026-01-16,CALL,3,N,2026-01-19 10:00:00,batch_003,workqueue_actions_batch_003.csv
52800,4910,19,2026-01-17,ESCALATE,2,Y,2026-01-19 10:00:00,batch_003,workqueue_actions_batch_003.csv
52801,5336,3,2026-01-14,REVIEW,2,Y,2026-01-19 10:00:00,batch_003,workqueue_actions_batch_003.csv
52802,2482,3,2026-01-19,ESCALATE,0,Y,2026-01-19 10:00:00,batch_003,workqueue_actions_batch_003.csv
52803,3150,6,2026-01-17,NOTE,0,Y,2026-01-19 10:00:00,batch_003,workqueue_actions_batch_003.csv
52804,1075,4,2026-01-14,REVIEW,3,Y,2026-01-19 10:00:00,batch_003,workqueue_actions_batch_003.csv
52805,1643,7,2026-01-14,ESCALATE,0,Y,2026-01-19 10:00:00,batch_003,workqueue_actions_batch_003.csv
52806,4626,16,2026-01-14,NOTE,3,N,2026-01-19 10:00:00,batch_003,workqueue_actions_batch_003.csv
52807,2450,13,2026-01-16,NOTE,1,Y,2026-01-19 10:00:00,batch_003,workqueue_actions_batch_003.csv
52808,4286,18,2026-01-15,CALL,3,Y,2026-01-19 10:00:00,batch_003,workqueue_actions_batch_003.csv
52809,3807,11,2026-01-16,REVIEW,4,Y,2026-01-19 10:00:00,batch_003,workqueue_actions_batch_003.csv
52810,4516,13,2026-01-15,REVIEW,3,N,2026-01-19 10:00:00,batch_003,workqueue_actions_batch_003.csv
52811,1428,2,2026-01-19,NOTE,1,N,2026-01-19 10:00:00,batch_003,workqueue_actions_batch_003.csv
52812,3929,7,2026-01-19,NOTE,2,N,2026-01-19 10:00:00,batch_003,workqueue_actions_batch_003.csv
52813,4723,13,2026-01-16,CALL,1,N,2026-01-19 10:00:00,batch_003,workqueue_actions_batch_003.csv
52814,4936,13,2026-01-18,REVIEW,4,N,2026-01-19 10:00:00,batch_003,workqueue_actions_batch_003.csv
52815,3804,15,2026-01-16,REVIEW,4,N,2026-01-19 10:00:00,batch_003,workqueue_actions_batch_003.csv
52816,3982,3,2026-01-18,REVIEW,4,N,2026-01-19 10:00:00,batch_003,workqueue_actions_batch_003.csv
52817,3219,15,2026-01-15,ESCALATE,3,Y,2026-01-19 10:00:00,batch_003,workqueue_actions_batch_003.csv
52818,4548,10,2026-01-19,CALL,1,Y,2026-01-19 10:00:00,batch_003,workqueue_actions_batch_003.csv
52819,4158,14,2026-01-17,ESCALATE,2,Y,2026-01-19 10:00:00,batch_003,workqueue_actions_batch_003.csv
52820,4985,3,2026-01-15,NOTE,4,Y,2026-01-19 10:00:00,batch_003,workqueue_actions_batch_003.csv
52821,2985,6,2026-01-14,CALL,0,Y,2026-01-19 10:00:00,batch_003,workqueue_actions_batch_003.csv
52822,4112,8,2026-01-14,NOTE,0,Y,2026-01-19 10:00:00,batch_003,workqueue_actions_batch_003.csv
52823,3981,20,2026-01-14,NOTE,0,Y,2026-01-19 10:00:00,batch_003,workqueue_actions_batch_003.csv
52824,3483,18,2026-01-18,NOTE,2,N,2026-01-19 10:00:00,batch_003,workqueue_actions_batch_003.csv
52825,5390,8,2026-01-15,CALL,4,N,2026-01-19 10:00:00,batch_003,workqueue_actions_batch_003.csv
52826,2166,7,2026-01-18,NOTE,3,Y,2026-01-19 10:00:00,batch_003,workqueue_actions_batch_003.csv
52827,1689,9,2026-01-14,REVIEW,0,Y,2026-01-19 10:00:00,batch_003,workqueue_actions_batch_003.csv
52828,5166,9,2026-01-16,ESCALATE,1,Y,2026-01-19 10:00:00,batch_003,workqueue_actions_batch_003.csv
52829,5003,5,2026-01-18,ESCALATE,4,Y,2026-01-19 10:00:00,batch_003,workqueue_actions_batch_003.csv
52830,5482,11,2026-01-14,REVIEW,4,N,2026-01-19 10:00:00,batch_003,workqueue_actions_batch_003.csv
52831,3852,17,2026-01-14,REVIEW,2,N,2026-01-19 10:00:00,batch_003,workqueue_actions_batch_003.csv
52832,4176,17,2026-01-14,CALL,3,N,2026-01-19 10:00:00,batch_003,workqueue_actions_batch_003.csv
52833,1684,16,2026-01-19,REVIEW,2,N,2026-01-19 10:00:00,batch_003,workqueue_actions_batch_003.csv
52834,3636,1,2026-01-19,REVIEW,3,N,2026-01-19 10:00:00,batch_003,workqueue_actions_batch_003.csv
52835,1315,8,2026-01-14,REVIEW,0,N,2026-01-19 10:00:00,batch_003,workqueue_actions_batch_003.csv
52836,1595,11,2026-01-17,CALL,4,N,2026-01-19 10:00:00,batch_003,workqueue_actions_batch_003.csv
52837,3949,13,2026-01-15,REVIEW,3,Y,2026-01-19 10:00:00,batch_003,workqueue_actions_batch_003.csv
52838,3287,16,2026-01-15,NOTE,3,N,2026-01-19 10:00:00,batch_003,workqueue_actions_batch_003.csv
52839,4282,3,2026-01-15,REVIEW,4,N,2026-01-19 10:00:00,batch_003,workqueue_actions_batch_003.csv
52840,2449,6,2026-01-18,CALL,0,Y,2026-01-19 10:00:00,batch_003,workqueue_actions_batch_003.csv
52841,4022,4,2026-01-15,REVIEW,2,N,2026-01-19 10:00:00,batch_003,workqueue_actions_batch_003.csv
52842,4881,16,2026-01-19,NOTE,4,N,2026-01-19 10:00:00,batch_003,workqueue_actions_batch_003.csv
52843,1252,4,2026-01-14,NOTE,1,Y,2026-01-19 10:00:00,batch_003,workqueue_actions_batch_003.csv
52844,3130,20,2026-01-19,ESCALATE,0,N,2026-01-19 10:00:00,batch_003,workqueue_actions_batch_003.csv
52845,3480,14,2026-01-19,NOTE,0,Y,2026-01-19 10:00:00,batch_003,workqueue_actions_batch_003.csv
52846,4266,19,2026-01-17,ESCALATE,1,Y,2026-01-19 10:00:00,batch_003,workqueue_actions_batch_003.csv
52847,4475,10,2026-01-19,CALL,4,N,2026-01-19 10:00:00,batch_003,workqueue_actions_batch_003.csv
52848,5139,4,2026-01-15,ESCALATE,3,Y,2026-01-19 10:00:00,batch_003,workqueue_actions_batch_003.csv
52849,4759,7,2026-01-19,NOTE,4,Y,2026-01-19 10:00:00,batch_003,workqueue_actions_batch_003.csv
52850,1980,5,2026-01-19,REVIEW,2,Y,2026-01-19 10:00:00,batch_003,workqueue_actions_batch_003.csv
52851,2215,18,2026-01-16,REVIEW,3,N,2026-01-19 10:00:00,batch_003,workqueue_actions_batch_003.csv
52852,3999,12,2026-01-14,ESCALATE,3,Y,2026-01-19 10:00:00,batch_003,workqueue_actions_batch_003.csv
52853,3077,17,2026-01-15,REVIEW,3,Y,2026-01-19 10:00:00,batch_003,workqueue_actions_batch_003.csv
52854,4969,14,2026-01-16,NOTE,3,N,2026-01-19 10:00:00,batch_003,workqueue_actions_batch_003.csv
52855,1530,17,2026-01-17,ESCALATE,3,N,2026-01-19 10:00:00,batch_003,workqueue_actions_batch_003.csv
52856,1614,11,2026-01-16,ESCALATE,0,Y,2026-01-19 10:00:00,batch_003,workqueue_actions_batch_003.csv
52857,2559,17,2026-01-15,NOTE,1,N,2026-01-19 10:00:00,batch_003,workqueue_actions_batch_003.csv
52858,4519,13,2026-01-14,NOTE,0,Y,2026-01-19 10:00:00,batch_003,workqueue_actions_batch_003.csv
52859,4455,2,2026-01-17,ESCALATE,4,Y,2026-01-19 10:00:00,batch_003,workqueue_actions_batch_003.csv
52860,2731,5,2026-01-18,REVIEW,4,Y,2026-01-19 10:00:00,batch_003,workqueue_actions_batch_003.csv
52861,2698,16,2026-01-16,CALL,4,N,2026-01-19 10:00:00,batch_003,workqueue_actions_batch_003.csv
52862,4979,8,2026-01-15,REVIEW,3,Y,2026-01-19 10:00:00,batch_003,workqueue_actions_batch_003.csv
52863,1117,13,2026-01-18,CALL,0,Y,2026-01-19 10:00:00,batch_003,workqueue_actions_batch_003.csv
52864,1252,8,2026-01-14,CALL,4,N,2026-01-19 10:00:00,batch_003,workqueue_actions_batch_003.csv
52865,1841,5,2026-01-18,CALL,0,Y,2026-01-19 10:00:00,batch_003,workqueue_actions_batch_003.csv
52866,3886,9,2026-01-19,CALL,0,Y,2026-01-19 10:00:00,batch_003,workqueue_actions_batch_003.csv
52867,4426,16,2026-01-14,CALL,0,N,2026-01-19 10:00:00,batch_003,workqueue_actions_batch_003.csv
52868,2223,4,2026-01-16,NOTE,2,Y,2026-01-19 10:00:00,batch_003,workqueue_actions_batch_003.csv
52869,4096,5,2026-01-18,ESCALATE,0,N,2026-01-19 10:00:00,batch_003,workqueue_actions_batch_003.csv
52870,2186,13,2026-01-19,REVIEW,2,Y,2026-01-19 10:00:00,batch_003,workqueue_actions_batch_003.csv
52871,3255,6,2026-01-15,REVIEW,2,N,2026-01-19 10:00:00,batch_003,workqueue_actions_batch_003.csv
52872,1531,2,2026-01-19,CALL,1,Y,2026-01-19 10:00:00,batch_003,workqueue_actions_batch_003.csv
52873,2761,5,2026-01-16,ESCALATE,2,N,2026-01-19 10:00:00,batch_003,workqueue_actions_batch_003.csv
52874,4477,20,2026-01-19,ESCALATE,1,N,2026-01-19 10:00:00,batch_003,workqueue_actions_batch_003.csv
52875,2883,11,2026-01-19,REVIEW,3,Y,2026-01-19 10:00:00,batch_003,workqueue_actions_batch_003.csv
52876,1103,10,2026-01-15,REVIEW,0,Y,2026-01-19 10:00:00,batch_003,workqueue_actions_batch_003.csv
52877,1421,6,2026-01-17,NOTE,2,N,2026-01-19 10:00:00,batch_003,workqueue_actions_batch_003.csv
52878,5147,10,2026-01-19,CALL,4,N,2026-01-19 10:00:00,batch_003,workqueue_actions_batch_003.csv
52879,5220,15,2026-01-14,NOTE,0,N,2026-01-19 10:00:00,batch_003,workqueue_actions_batch_003.csv
52880,1427,11,2026-01-14,ESCALATE,4,N,2026-01-19 10:00:00,batch_003,workqueue_actions_batch_003.csv
52881,2294,12,2026-01-15,REVIEW,3,Y,2026-01-19 10:00:00,batch_003,workqueue_actions_batch_003.csv
52882,1368,19,2026-01-14,REVIEW,2,N,2026-01-19 10:00:00,batch_003,workqueue_actions_batch_003.csv
52883,3685,19,2026-01-17,NOTE,4,Y,2026-01-19 10:00:00,batch_003,workqueue_actions_batch_003.csv
52884,4978,9,2026-01-14,REVIEW,0,Y,2026-01-19 10:00:00,batch_003,workqueue_actions_batch_003.csv
52885,2644,17,2026-01-16,NOTE,4,Y,2026-01-19 10:00:00,batch_003,workqueue_actions_batch_003.csv
52886,4022,13,2026-01-19,ESCALATE,4,N,2026-01-19 10:00:00,batch_003,workqueue_actions_batch_003.csv
52887,4657,15,2026-01-19,REVIEW,0,N,2026-01-19 10:00:00,batch_003,workqueue_actions_batch_003.csv
52888,3138,3,2026-01-19,NOTE,4,Y,2026-01-19 10:00:00,batch_003,workqueue_actions_batch_003.csv
52889,4375,5,2026-01-19,REVIEW,2,N,2026-01-19 10:00:00,batch_003,workqueue_actions_batch_003.csv
52890,1840,6,2026-01-14,NOTE,2,Y,2026-01-19 10:00:00,batch_003,workqueue_actions_batch_003.csv
52891,2804,6,2026-01-18,CALL,2,N,2026-01-19 10:00:00,batch_003,workqueue_actions_batch_003.csv
52892,4636,1,2026-01-16,NOTE,2,Y,2026-01-19 10:00:00,batch_003,workqueue_actions_batch_003.csv
52893,1086,16,2026-01-19,NOTE,0,N,2026-01-19 10:00:00,batch_003,workqueue_actions_batch_003.csv
52894,3023,17,2026-01-14,REVIEW,4,N,2026-01-19 10:00:00,batch_003,workqueue_actions_batch_003.csv
52895,3719,16,2026-01-15,ESCALATE,1,N,2026-01-19 10:00:00,batch_003,workqueue_actions_batch_003.csv
52896,1894,13,2026-01-14,REVIEW,4,Y,2026-01-19 10:00:00,batch_003,workqueue_actions_batch_003.csv
52897,3814,20,2026-01-16,REVIEW,4,Y,2026-01-19 10:00:00,batch_003,workqueue_actions_batch_003.csv
52898,1505,17,2026-01-19,CALL,3,Y,2026-01-19 10:00:00,batch_003,workqueue_actions_batch_003.csv
52899,2537,4,2026-01-14,ESCALATE,4,N,2026-01-19 10:00:00,batch_003,workqueue_actions_batch_003.csv
52900,1727,7,2026-01-14,ESCALATE,4,Y,2026-01-19 10:00:00,batch_003,workqueue_actions_batch_003.csv
52901,3334,7,2026-01-16,REVIEW,0,N,2026-01-19 10:00:00,batch_003,workqueue_actions_batch_003.csv
52902,1134,13,2026-01-14,CALL,2,Y,2026-01-19 10:00:00,batch_003,workqueue_actions_batch_003.csv
52903,1690,14,2026-01-19,CALL,2,Y,2026-01-19 10:00:00,batch_003,workqueue_actions_batch_003.csv
52904,4852,14,2026-01-18,REVIEW,3,N,2026-01-19 10:00:00,batch_003,workqueue_actions_batch_003.csv
52905,4562,20,2026-01-19,CALL,2,Y,2026-01-19 10:00:00,batch_003,workqueue_actions_batch_003.csv
52906,1556,20,2026-01-16,CALL,0,Y,2026-01-19 10:00:00,batch_003,workqueue_actions_batch_003.csv
52907,2482,10,2026-01-19,NOTE,3,Y,2026-01-19 10:00:00,batch_003,workqueue_actions_batch_003.csv
52908,1098,19,2026-01-17,REVIEW,2,N,2026-01-19 10:00:00,batch_003,workqueue_actions_batch_003.csv
52909,2787,14,2026-01-18,NOTE,1,Y,2026-01-19 10:00:00,batch_003,workqueue_actions_batch_003.csv
52910,3696,11,2026-01-18,REVIEW,0,N,2026-01-19 10:00:00,batch_003,workqueue_actions_batch_003.csv
52911,4037,1,2026-01-18,REVIEW,0,N,2026-01-19 10:00:00,batch_003,workqueue_actions_batch_003.csv
52912,1981,5,2026-01-16,NOTE,4,Y,2026-01-19 10:00:00,batch_003,workqueue_actions_batch_003.csv
52913,4568,12,2026-01-14,NOTE,2,N,2026-01-19 10:00:00,batch_003,workqueue_actions_batch_003.csv
52914,2961,15,2026-01-18,NOTE,4,Y,2026-01-19 10:00:00,batch_003,workqueue_actions_batch_003.csv
52915,3955,1,2026-01-19,CALL,3,N,2026-01-19 10:00:00,batch_003,workqueue_actions_batch_003.csv
52916,5464,2,2026-01-14,CALL,2,N,2026-01-19 10:00:00,batch_003,workqueue_actions_batch_003.csv
52917,1628,1,2026-01-18,NOTE,4,N,2026-01-19 10:00:00,batch_003,workqueue_actions_batch_003.csv
52918,1194,13,2026-01-16,CALL,4,Y,2026-01-19 10:00:00,batch_003,workqueue_actions_batch_003.csv
52919,1119,12,2026-01-17,ESCALATE,3,N,2026-01-19 10:00:00,batch_003,workqueue_actions_batch_003.csv
52920,4821,13,2026-01-19,ESCALATE,2,Y,2026-01-19 10:00:00,batch_003,workqueue_actions_batch_003.csv
52921,3025,12,2026-01-17,REVIEW,2,Y,2026-01-19 10:00:00,batch_003,workqueue_actions_batch_003.csv
52922,3945,17,2026-01-18,NOTE,2,N,2026-01-19 10:00:00,batch_003,workqueue_actions_batch_003.csv
52923,4933,14,2026-01-14,ESCALATE,3,Y,2026-01-19 10:00:00,batch_003,workqueue_actions_batch_003.csv
52924,5392,5,2026-01-16,NOTE,4,Y,2026-01-19 10:00:00,batch_003,workqueue_actions_batch_003.csv
52925,3170,10,2026-01-16,REVIEW,2,Y,2026-01-19 10:00:00,batch_003,workqueue_actions_batch_003.csv
52926,3492,8,2026-01-14,ESCALATE,4,N,2026-01-19 10:00:00,batch_003,workqueue_actions_batch_003.csv
52927,1186,10,2026-01-15,NOTE,1,N,2026-01-19 10:00:00,batch_003,workqueue_actions_batch_003.csv
52928,2372,4,2026-01-16,ESCALATE,3,Y,2026-01-19 10:00:00,batch_003,workqueue_actions_batch_003.csv
52929,2880,11,2026-01-14,REVIEW,1,Y,2026-01-19 10:00:00,batch_003,workqueue_actions_batch_003.csv
52930,3072,10,2026-01-16,REVIEW,2,N,2026-01-19 10:00:00,batch_003,workqueue_actions_batch_003.csv
52931,5214,3,2026-01-14,CALL,1,N,2026-01-19 10:00:00,batch_003,workqueue_actions_batch_003.csv
52932,3612,19,2026-01-19,REVIEW,3,Y,2026-01-19 10:00:00,batch_003,workqueue_actions_batch_003.csv
52933,4650,14,2026-01-17,NOTE,1,N,2026-01-19 10:00:00,batch_003,workqueue_actions_batch_003.csv
52934,5481,2,2026-01-18,NOTE,4,N,2026-01-19 10:00:00,batch_003,workqueue_actions_batch_003.csv
52935,1426,12,2026-01-14,CALL,1,N,2026-01-19 10:00:00,batch_003,workqueue_actions_batch_003.csv
52936,4853,4,2026-01-19,CALL,3,Y,2026-01-19 10:00:00,batch_003,workqueue_actions_batch_003.csv
52937,1097,2,2026-01-15,REVIEW,3,N,2026-01-19 10:00:00,batch_003,workqueue_actions_batch_003.csv
52938,3124,12,2026-01-16,NOTE,4,Y,2026-01-19 10:00:00,batch_003,workqueue_actions_batch_003.csv
52939,4609,2,2026-01-15,CALL,1,Y,2026-01-19 10:00:00,batch_003,workqueue_actions_batch_003.csv
52940,3774,8,2026-01-16,REVIEW,3,N,2026-01-19 10:00:00,batch_003,workqueue_actions_batch_003.csv
52941,1933,18,2026-01-15,CALL,2,N,2026-01-19 10:00:00,batch_003,workqueue_actions_batch_003.csv
52942,1495,20,2026-01-14,ESCALATE,3,Y,2026-01-19 10:00:00,batch_003,workqueue_actions_batch_003.csv
52943,5166,2,2026-01-16,REVIEW,2,N,2026-01-19 10:00:00,batch_003,workqueue_actions_batch_003.csv
52944,4029,1,2026-01-17,ESCALATE,2,Y,2026-01-19 10:00:00,batch_003,workqueue_actions_batch_003.csv
52945,2946,6,2026-01-18,REVIEW,2,N,2026-01-19 10:00:00,batch_003,workqueue_actions_batch_003.csv
52946,4516,14,2026-01-18,CALL,4,Y,2026-01-19 10:00:00,batch_003,workqueue_actions_batch_003.csv
52947,4888,9,2026-01-18,REVIEW,0,N,2026-01-19 10:00:00,batch_003,workqueue_actions_batch_003.csv
52948,5274,11,2026-01-19,CALL,0,Y,2026-01-19 10:00:00,batch_003,workqueue_actions_batch_003.csv
52949,1273,3,2026-01-15,NOTE,4,Y,2026-01-19 10:00:00,batch_003,workqueue_actions_batch_003.csv
52950,1592,20,2026-01-17,REVIEW,4,Y,2026-01-19 10:00:00,batch_003,workqueue_actions_batch_003.csv
52951,1787,2,2026-01-19,ESCALATE,0,Y,2026-01-19 10:00:00,batch_003,workqueue_actions_batch_003.csv
52952,2216,4,2026-01-14,NOTE,1,Y,2026-01-19 10:00:00,batch_003,workqueue_actions_batch_003.csv
52953,2065,2,2026-01-15,NOTE,4,N,2026-01-19 10:00:00,batch_003,workqueue_actions_batch_003.csv
52954,3322,19,2026-01-14,REVIEW,2,N,2026-01-19 10:00:00,batch_003,workqueue_actions_batch_003.csv
52955,3427,9,2026-01-15,CALL,2,N,2026-01-19 10:00:00,batch_003,workqueue_actions_batch_003.csv
52956,4947,13,2026-01-17,CALL,4,Y,2026-01-19 10:00:00,batch_003,workqueue_actions_batch_003.csv
52957,4859,15,2026-01-17,NOTE,1,N,2026-01-19 10:00:00,batch_003,workqueue_actions_batch_003.csv
52958,4780,2,2026-01-15,REVIEW,3,Y,2026-01-19 10:00:00,batch_003,workqueue_actions_batch_003.csv
52959,4334,19,2026-01-14,NOTE,0,N,2026-01-19 10:00:00,batch_003,workqueue_actions_batch_003.csv
52960,2481,9,2026-01-15,CALL,2,Y,2026-01-19 10:00:00,batch_003,workqueue_actions_batch_003.csv
52961,1441,10,2026-01-15,REVIEW,4,N,2026-01-19 10:00:00,batch_003,workqueue_actions_batch_003.csv
52962,1870,15,2026-01-18,REVIEW,3,N,2026-01-19 10:00:00,batch_003,workqueue_actions_batch_003.csv
52963,4117,18,2026-01-17,NOTE,0,Y,2026-01-19 10:00:00,batch_003,workqueue_actions_batch_003.csv
52964,3722,10,2026-01-19,CALL,2,N,2026-01-19 10:00:00,batch_003,workqueue_actions_batch_003.csv
52965,3241,18,2026-01-17,REVIEW,4,Y,2026-01-19 10:00:00,batch_003,workqueue_actions_batch_003.csv
52966,1507,9,2026-01-19,CALL,1,Y,2026-01-19 10:00:00,batch_003,workqueue_actions_batch_003.csv
52967,2788,20,2026-01-16,ESCALATE,3,N,2026-01-19 10:00:00,batch_003,workqueue_actions_batch_003.csv
52968,4892,10,2026-01-19,NOTE,3,N,2026-01-19 10:00:00,batch_003,workqueue_actions_batch_003.csv
52969,2449,4,2026-01-16,REVIEW,3,Y,2026-01-19 10:00:00,batch_003,workqueue_actions_batch_003.csv
52970,4661,15,2026-01-19,ESCALATE,3,Y,2026-01-19 10:00:00,batch_003,workqueue_actions_batch_003.csv
52971,5442,8,2026-01-19,REVIEW,2,Y,2026-01-19 10:00:00,batch_003,workqueue_actions_batch_003.csv
52972,4731,15,2026-01-18,NOTE,4,N,2026-01-19 10:00:00,batch_003,workqueue_actions_batch_003.csv
52973,4212,18,2026-01-18,ESCALATE,4,N,2026-01-19 10:00:00,batch_003,workqueue_actions_batch_003.csv
52974,4309,12,2026-01-14,CALL,0,N,2026-01-19 10:00:00,batch_003,workqueue_actions_batch_003.csv
52975,4932,9,2026-01-19,ESCALATE,1,Y,2026-01-19 10:00:00,batch_003,workqueue_actions_batch_003.csv
52976,3576,1,2026-01-15,CALL,1,Y,2026-01-19 10:00:00,batch_003,workqueue_actions_batch_003.csv
52977,4225,14,2026-01-16,REVIEW,2,Y,2026-01-19 10:00:00,batch_003,workqueue_actions_batch_003.csv
52978,1854,5,2026-01-19,NOTE,1,Y,2026-01-19 10:00:00,batch_003,workqueue_actions_batch_003.csv
52979,4886,1,2026-01-17,ESCALATE,4,N,2026-01-19 10:00:00,batch_003,workqueue_actions_batch_003.csv
52980,1326,18,2026-01-15,ESCALATE,1,Y,2026-01-19 10:00:00,batch_003,workqueue_actions_batch_003.csv
52981,5457,17,2026-01-16,CALL,4,N,2026-01-19 10:00:00,batch_003,workqueue_actions_batch_003.csv
52982,5373,15,2026-01-16,CALL,1,Y,2026-01-19 10:00:00,batch_003,workqueue_actions_batch_003.csv
52983,2570,17,2026-01-17,CALL,4,Y,2026-01-19 10:00:00,batch_003,workqueue_actions_batch_003.csv
52984,2320,16,2026-01-18,ESCALATE,3,N,2026-01-19 10:00:00,batch_003,workqueue_actions_batch_003.csv
52985,2243,5,2026-01-17,REVIEW,1,Y,2026-01-19 10:00:00,batch_003,workqueue_actions_batch_003.csv
52986,5383,14,2026-01-18,CALL,4,N,2026-01-19 10:00:00,batch_003,workqueue_actions_batch_003.csv
52987,2915,2,2026-01-16,ESCALATE,1,N,2026-01-19 10:00:00,batch_003,workqueue_actions_batch_003.csv
52988,4160,8,2026-01-17,NOTE,3,Y,2026-01-19 10:00:00,batch_003,workqueue_actions_batch_003.csv
52989,5110,19,2026-01-17,NOTE,4,N,2026-01-19 10:00:00,batch_003,workqueue_actions_batch_003.csv
52990,2941,13,2026-01-16,CALL,4,Y,2026-01-19 10:00:00,batch_003,workqueue_actions_batch_003.csv
52991,2781,10,2026-01-16,REVIEW,4,Y,2026-01-19 10:00:00,batch_003,workqueue_actions_batch_003.csv
52992,1736,14,2026-01-16,ESCALATE,3,N,2026-01-19 10:00:00,batch_003,workqueue_actions_batch_003.csv
52993,3132,7,2026-01-17,NOTE,0,N,2026-01-19 10:00:00,batch_003,workqueue_actions_batch_003.csv
52994,1461,6,2026-01-19,ESCALATE,1,N,2026-01-19 10:00:00,batch_003,workqueue_actions_batch_003.csv
52995,4062,6,2026-01-14,NOTE,1,N,2026-01-19 10:00:00,batch_003,workqueue_actions_batch_003.csv
52996,1743,3,2026-01-15,REVIEW,0,N,2026-01-19 10:00:00,batch_003,workqueue_actions_batch_003.csv
52997,2519,20,2026-01-16,ESCALATE,4,N,2026-01-19 10:00:00,batch_003,workqueue_actions_batch_003.csv
52998,4005,11,2026-01-14,CALL,0,Y,2026-01-19 10:00:00,batch_003,workqueue_actions_batch_003.csv
52999,1139,17,2026-01-15,NOTE,3,Y,2026-01-19 10:00:00,batch_003,workqueue_actions_batch_003.csv
53000,1087,6,2026-01-14,REVIEW,4,N,2026-01-19 10:00:00,batch_003,workqueue_actions_batch_003.csv
53001,2853,20,2026-01-19,REVIEW,4,Y,2026-01-19 10:00:00,batch_003,workqueue_actions_batch_003.csv
53002,2609,17,2026-01-18,ESCALATE,2,N,2026-01-19 10:00:00,batch_003,workqueue_actions_batch_003.csv
53003,1885,17,2026-01-16,ESCALATE,0,Y,2026-01-19 10:00:00,batch_003,workqueue_actions_batch_003.csv
53004,2402,15,2026-01-15,NOTE,0,N,2026-01-19 10:00:00,batch_003,workqueue_actions_batch_003.csv
53005,4536,1,2026-01-14,CALL,0,Y,2026-01-19 10:00:00,batch_003,workqueue_actions_batch_003.csv
53006,1819,16,2026-01-19,REVIEW,4,N,2026-01-19 10:00:00,batch_003,workqueue_actions_batch_003.csv
53007,5125,7,2026-01-17,REVIEW,3,N,2026-01-19 10:00:00,batch_003,workqueue_actions_batch_003.csv
53008,4472,7,2026-01-15,REVIEW,4,N,2026-01-19 10:00:00,batch_003,workqueue_actions_batch_003.csv
53009,4731,3,2026-01-19,REVIEW,4,Y,2026-01-19 10:00:00,batch_003,workqueue_actions_batch_003.csv
53010,3736,10,2026-01-15,CALL,1,N,2026-01-19 10:00:00,batch_003,workqueue_actions_batch_003.csv
53011,1716,14,2026-01-17,ESCALATE,1,Y,2026-01-19 10:00:00,batch_003,workqueue_actions_batch_003.csv
53012,2746,12,2026-01-19,REVIEW,2,Y,2026-01-19 10:00:00,batch_003,workqueue_actions_batch_003.csv
53013,3868,20,2026-01-15,CALL,0,Y,2026-01-19 10:00:00,batch_003,workqueue_actions_batch_003.csv
53014,5091,4,2026-01-17,REVIEW,2,Y,2026-01-19 10:00:00,batch_003,workqueue_actions_batch_003.csv
53015,1747,12,2026-01-15,ESCALATE,1,N,2026-01-19 10:00:00,batch_003,workqueue_actions_batch_003.csv
53016,3877,10,2026-01-19,CALL,2,N,2026-01-19 10:00:00,batch_003,workqueue_actions_batch_003.csv
53017,4126,18,2026-01-17,CALL,3,Y,2026-01-19 10:00:00,batch_003,workqueue_actions_batch_003.csv
53018,4151,20,2026-01-16,CALL,3,N,2026-01-19 10:00:00,batch_003,workqueue_actions_batch_003.csv
53019,2512,9,2026-01-17,REVIEW,3,N,2026-01-19 10:00:00,batch_003,workqueue_actions_batch_003.csv
53020,1699,20,2026-01-16,ESCALATE,1,N,2026-01-19 10:00:00,batch_003,workqueue_actions_batch_003.csv
53021,3062,16,2026-01-18,NOTE,4,Y,2026-01-19 10:00:00,batch_003,workqueue_actions_batch_003.csv
53022,2305,9,2026-01-17,REVIEW,2,N,2026-01-19 10:00:00,batch_003,workqueue_actions_batch_003.csv
53023,2164,9,2026-01-17,NOTE,0,N,2026-01-19 10:00:00,batch_003,workqueue_actions_batch_003.csv
53024,2879,13,2026-01-16,CALL,1,Y,2026-01-19 10:00:00,batch_003,workqueue_actions_batch_003.csv
53025,1950,14,2026-01-14,ESCALATE,4,Y,2026-01-19 10:00:00,batch_003,workqueue_actions_batch_003.csv
53026,2568,20,2026-01-19,ESCALATE,0,Y,2026-01-19 10:00:00,batch_003,workqueue_actions_batch_003.csv
53027,1297,15,2026-01-14,CALL,4,N,2026-01-19 10:00:00,batch_003,workqueue_actions_batch_003.csv
53028,1109,4,2026-01-15,NOTE,1,N,2026-01-19 10:00:00,batch_003,workqueue_actions_batch_003.csv
53029,3150,9,2026-01-17,ESCALATE,4,N,2026-01-19 10:00:00,batch_003,workqueue_actions_batch_003.csv
53030,4389,10,2026-01-15,CALL,2,Y,2026-01-19 10:00:00,batch_003,workqueue_actions_batch_003.csv
53031,3175,18,2026-01-19,ESCALATE,2,Y,2026-01-19 10:00:00,batch_003,workqueue_actions_batch_003.csv
53032,3693,20,2026-01-14,REVIEW,0,Y,2026-01-19 10:00:00,batch_003,workqueue_actions_batch_003.csv
53033,3935,15,2026-01-14,CALL,4,Y,2026-01-19 10:00:00,batch_003,workqueue_actions_batch_003.csv
53034,2246,12,2026-01-19,NOTE,2,Y,2026-01-19 10:00:00,batch_003,workqueue_actions_batch_003.csv
53035,3851,15,2026-01-15,NOTE,1,N,2026-01-19 10:00:00,batch_003,workqueue_actions_batch_003.csv
53036,2935,16,2026-01-16,REVIEW,1,N,2026-01-19 10:00:00,batch_003,workqueue_actions_batch_003.csv
53037,4013,8,2026-01-14,CALL,4,N,2026-01-19 10:00:00,batch_003,workqueue_actions_batch_003.csv
53038,4938,4,2026-01-16,CALL,0,Y,2026-01-19 10:00:00,batch_003,workqueue_actions_batch_003.csv
53039,2774,8,2026-01-19,NOTE,3,N,2026-01-19 10:00:00,batch_003,workqueue_actions_batch_003.csv
53040,2692,3,2026-01-14,CALL,4,N,2026-01-19 10:00:00,batch_003,workqueue_actions_batch_003.csv
53041,1222,6,2026-01-18,REVIEW,1,N,2026-01-19 10:00:00,batch_003,workqueue_actions_batch_003.csv
53042,4299,3,2026-01-17,ESCALATE,3,Y,2026-01-19 10:00:00,batch_003,workqueue_actions_batch_003.csv
53043,3715,15,2026-01-16,REVIEW,3,Y,2026-01-19 10:00:00,batch_003,workqueue_actions_batch_003.csv
53044,1554,2,2026-01-19,ESCALATE,4,N,2026-01-19 10:00:00,batch_003,workqueue_actions_batch_003.csv
53045,3177,6,2026-01-17,REVIEW,1,Y,2026-01-19 10:00:00,batch_003,workqueue_actions_batch_003.csv
53046,5246,5,2026-01-18,CALL,2,N,2026-01-19 10:00:00,batch_003,workqueue_actions_batch_003.csv
53047,1473,1,2026-01-16,NOTE,3,Y,2026-01-19 10:00:00,batch_003,workqueue_actions_batch_003.csv
53048,4611,18,2026-01-18,ESCALATE,2,Y,2026-01-19 10:00:00,batch_003,workqueue_actions_batch_003.csv
53049,2690,8,2026-01-17,NOTE,0,Y,2026-01-19 10:00:00,batch_003,workqueue_actions_batch_003.csv
53050,1343,17,2026-01-16,ESCALATE,2,Y,2026-01-19 10:00:00,batch_003,workqueue_actions_batch_003.csv
53051,3060,17,2026-01-19,REVIEW,1,Y,2026-01-19 10:00:00,batch_003,workqueue_actions_batch_003.csv
53052,1263,9,2026-01-14,NOTE,0,Y,2026-01-19 10:00:00,batch_003,workqueue_actions_batch_003.csv
53053,3041,2,2026-01-19,NOTE,3,Y,2026-01-19 10:00:00,batch_003,workqueue_actions_batch_003.csv
53054,4312,3,2026-01-19,CALL,4,Y,2026-01-19 10:00:00,batch_003,workqueue_actions_batch_003.csv
53055,2303,17,2026-01-17,CALL,0,N,2026-01-19 10:00:00,batch_003,workqueue_actions_batch_003.csv
53056,1563,16,2026-01-18,ESCALATE,0,Y,2026-01-19 10:00:00,batch_003,workqueue_actions_batch_003.csv
53057,2139,5,2026-01-15,ESCALATE,4,N,2026-01-19 10:00:00,batch_003,workqueue_actions_batch_003.csv
53058,2406,12,2026-01-19,CALL,1,Y,2026-01-19 10:00:00,batch_003,workqueue_actions_batch_003.csv
53059,4699,10,2026-01-14,REVIEW,3,N,2026-01-19 10:00:00,batch_003,workqueue_actions_batch_003.csv
53060,3031,18,2026-01-19,ESCALATE,3,N,2026-01-19 10:00:00,batch_003,workqueue_actions_batch_003.csv
53061,5477,20,2026-01-18,REVIEW,4,N,2026-01-19 10:00:00,batch_003,workqueue_actions_batch_003.csv
53062,2482,17,2026-01-17,CALL,3,Y,2026-01-19 10:00:00,batch_003,workqueue_actions_batch_003.csv
53063,1422,12,2026-01-17,ESCALATE,2,N,2026-01-19 10:00:00,batch_003,workqueue_actions_batch_003.csv
53064,3981,20,2026-01-15,NOTE,3,Y,2026-01-19 10:00:00,batch_003,workqueue_actions_batch_003.csv
53065,4703,14,2026-01-14,NOTE,2,N,2026-01-19 10:00:00,batch_003,workqueue_actions_batch_003.csv
53066,2881,4,2026-01-17,REVIEW,0,Y,2026-01-19 10:00:00,batch_003,workqueue_actions_batch_003.csv
53067,3568,17,2026-01-19,NOTE,3,Y,2026-01-19 10:00:00,batch_003,workqueue_actions_batch_003.csv
53068,4227,6,2026-01-19,NOTE,1,N,2026-01-19 10:00:00,batch_003,workqueue_actions_batch_003.csv
53069,3318,10,2026-01-19,ESCALATE,2,N,2026-01-19 10:00:00,batch_003,workqueue_actions_batch_003.csv
53070,2050,18,2026-01-19,NOTE,0,Y,2026-01-19 10:00:00,batch_003,workqueue_actions_batch_003.csv
53071,1391,2,2026-01-14,NOTE,3,Y,2026-01-19 10:00:00,batch_003,workqueue_actions_batch_003.csv
53072,4402,3,2026-01-17,NOTE,0,N,2026-01-19 10:00:00,batch_003,workqueue_actions_batch_003.csv
53073,4545,12,2026-01-17,ESCALATE,4,N,2026-01-19 10:00:00,batch_003,workqueue_actions_batch_003.csv
53074,4835,15,2026-01-14,NOTE,4,Y,2026-01-19 10:00:00,batch_003,workqueue_actions_batch_003.csv
53075,3102,7,2026-01-19,ESCALATE,1,Y,2026-01-19 10:00:00,batch_003,workqueue_actions_batch_003.csv
53076,1092,10,2026-01-16,NOTE,4,Y,2026-01-19 10:00:00,batch_003,workqueue_actions_batch_003.csv
53077,4536,1,2026-01-18,NOTE,0,N,2026-01-19 10:00:00,batch_003,workqueue_actions_batch_003.csv
53078,2258,18,2026-01-17,NOTE,0,N,2026-01-19 10:00:00,batch_003,workqueue_actions_batch_003.csv
53079,1082,13,2026-01-17,REVIEW,0,Y,2026-01-19 10:00:00,batch_003,workqueue_actions_batch_003.csv
53080,3520,19,2026-01-16,ESCALATE,2,Y,2026-01-19 10:00:00,batch_003,workqueue_actions_batch_003.csv
53081,2016,13,2026-01-18,CALL,4,N,2026-01-19 10:00:00,batch_003,workqueue_actions_batch_003.csv
53082,1646,20,2026-01-14,NOTE,3,N,2026-01-19 10:00:00,batch_003,workqueue_actions_batch_003.csv
53083,4608,20,2026-01-16,CALL,4,Y,2026-01-19 10:00:00,batch_003,workqueue_actions_batch_003.csv
53084,1466,12,2026-01-19,ESCALATE,1,Y,2026-01-19 10:00:00,batch_003,workqueue_actions_batch_003.csv
53085,1135,7,2026-01-16,ESCALATE,2,Y,2026-01-19 10:00:00,batch_003,workqueue_actions_batch_003.csv
53086,1960,7,2026-01-15,REVIEW,2,N,2026-01-19 10:00:00,batch_003,workqueue_actions_batch_003.csv
53087,3865,12,2026-01-16,REVIEW,4,N,2026-01-19 10:00:00,batch_003,workqueue_actions_batch_003.csv
53088,1348,9,2026-01-14,ESCALATE,3,Y,2026-01-19 10:00:00,batch_003,workqueue_actions_batch_003.csv
53089,5238,4,2026-01-15,REVIEW,3,N,2026-01-19 10:00:00,batch_003,workqueue_actions_batch_003.csv
53090,4066,8,2026-01-14,NOTE,1,N,2026-01-19 10:00:00,batch_003,workqueue_actions_batch_003.csv
53091,4080,18,2026-01-16,CALL,2,Y,2026-01-19 10:00:00,batch_003,workqueue_actions_batch_003.csv
53092,4436,12,2026-01-17,ESCALATE,0,N,2026-01-19 10:00:00,batch_003,workqueue_actions_batch_003.csv
53093,2415,5,2026-01-19,ESCALATE,2,Y,2026-01-19 10:00:00,batch_003,workqueue_actions_batch_003.csv
53094,2375,13,2026-01-17,REVIEW,4,N,2026-01-19 10:00:00,batch_003,workqueue_actions_batch_003.csv
53095,3512,1,2026-01-17,NOTE,2,Y,2026-01-19 10:00:00,batch_003,workqueue_actions_batch_003.csv
53096,3023,2,2026-01-18,ESCALATE,1,N,2026-01-19 10:00:00,batch_003,workqueue_actions_batch_003.csv
53097,4676,2,2026-01-18,NOTE,2,N,2026-01-19 10:00:00,batch_003,workqueue_actions_batch_003.csv
53098,5219,12,2026-01-19,REVIEW,0,N,2026-01-19 10:00:00,batch_003,workqueue_actions_batch_003.csv
53099,1094,7,2026-01-18,CALL,0,N,2026-01-19 10:00:00,batch_003,workqueue_actions_batch_003.csv
53100,1229,18,2026-01-14,NOTE,1,N,2026-01-19 10:00:00,batch_003,workqueue_actions_batch_003.csv
53101,1596,19,2026-01-19,ESCALATE,1,N,2026-01-19 10:00:00,batch_003,workqueue_actions_batch_003.csv
53102,1063,5,2026-01-14,CALL,0,N,2026-01-19 10:00:00,batch_003,workqueue_actions_batch_003.csv
53103,3483,20,2026-01-17,CALL,0,N,2026-01-19 10:00:00,batch_003,workqueue_actions_batch_003.csv
53104,4994,17,2026-01-16,ESCALATE,1,N,2026-01-19 10:00:00,batch_003,workqueue_actions_batch_003.csv
53105,3315,9,2026-01-17,REVIEW,3,Y,2026-01-19 10:00:00,batch_003,workqueue_actions_batch_003.csv
53106,4314,15,2026-01-15,CALL,0,Y,2026-01-19 10:00:00,batch_003,workqueue_actions_batch_003.csv
53107,3263,15,2026-01-16,REVIEW,0,Y,2026-01-19 10:00:00,batch_003,workqueue_actions_batch_003.csv
53108,5283,5,2026-01-16,NOTE,1,N,2026-01-19 10:00:00,batch_003,workqueue_actions_batch_003.csv
53109,1198,11,2026-01-16,REVIEW,2,Y,2026-01-19 10:00:00,batch_003,workqueue_actions_batch_003.csv
53110,2535,18,2026-01-17,CALL,4,Y,2026-01-19 10:00:00,batch_003,workqueue_actions_batch_003.csv
53111,5352,12,2026-01-18,NOTE,3,Y,2026-01-19 10:00:00,batch_003,workqueue_actions_batch_003.csv
53112,3808,19,2026-01-14,NOTE,2,N,2026-01-19 10:00:00,batch_003,workqueue_actions_batch_003.csv
53113,2985,2,2026-01-17,REVIEW,2,Y,2026-01-19 10:00:00,batch_003,workqueue_actions_batch_003.csv
53114,4572,11,2026-01-17,REVIEW,3,Y,2026-01-19 10:00:00,batch_003,workqueue_actions_batch_003.csv
53115,4047,4,2026-01-16,NOTE,4,N,2026-01-19 10:00:00,batch_003,workqueue_actions_batch_003.csv
53116,4621,12,2026-01-17,ESCALATE,3,Y,2026-01-19 10:00:00,batch_003,workqueue_actions_batch_003.csv
53117,4532,13,2026-01-14,ESCALATE,3,N,2026-01-19 10:00:00,batch_003,workqueue_actions_batch_003.csv
53118,5392,20,2026-01-16,NOTE,1,N,2026-01-19 10:00:00,batch_003,workqueue_actions_batch_003.csv
53119,2450,4,2026-01-17,REVIEW,0,Y,2026-01-19 10:00:00,batch_003,workqueue_actions_batch_003.csv
53120,5231,15,2026-01-14,CALL,0,Y,2026-01-19 10:00:00,batch_003,workqueue_actions_batch_003.csv
53121,4991,3,2026-01-19,REVIEW,2,N,2026-01-19 10:00:00,batch_003,workqueue_actions_batch_003.csv
53122,2526,6,2026-01-18,CALL,0,Y,2026-01-19 10:00:00,batch_003,workqueue_actions_batch_003.csv
53123,2988,13,2026-01-18,ESCALATE,3,N,2026-01-19 10:00:00,batch_003,workqueue_actions_batch_003.csv
53124,2930,12,2026-01-16,CALL,3,N,2026-01-19 10:00:00,batch_003,workqueue_actions_batch_003.csv
53125,3377,20,2026-01-17,REVIEW,2,Y,2026-01-19 10:00:00,batch_003,workqueue_actions_batch_003.csv
53126,3111,2,2026-01-15,REVIEW,2,N,2026-01-19 10:00:00,batch_003,workqueue_actions_batch_003.csv
53127,4607,3,2026-01-19,ESCALATE,2,N,2026-01-19 10:00:00,batch_003,workqueue_actions_batch_003.csv
53128,2665,15,2026-01-14,CALL,1,N,2026-01-19 10:00:00,batch_003,workqueue_actions_batch_003.csv
53129,1476,11,2026-01-15,REVIEW,1,Y,2026-01-19 10:00:00,batch_003,workqueue_actions_batch_003.csv
53130,2087,8,2026-01-19,CALL,1,N,2026-01-19 10:00:00,batch_003,workqueue_actions_batch_003.csv
53131,2649,19,2026-01-17,CALL,3,Y,2026-01-19 10:00:00,batch_003,workqueue_actions_batch_003.csv
53132,2936,19,2026-01-17,CALL,1,Y,2026-01-19 10:00:00,batch_003,workqueue_actions_batch_003.csv
53133,4059,7,2026-01-15,NOTE,3,Y,2026-01-19 10:00:00,batch_003,workqueue_actions_batch_003.csv
53134,2650,13,2026-01-19,CALL,3,N,2026-01-19 10:00:00,batch_003,workqueue_actions_batch_003.csv
53135,4766,4,2026-01-16,NOTE,1,N,2026-01-19 10:00:00,batch_003,workqueue_actions_batch_003.csv
53136,2511,15,2026-01-18,REVIEW,3,Y,2026-01-19 10:00:00,batch_003,workqueue_actions_batch_003.csv
53137,4840,14,2026-01-16,ESCALATE,0,N,2026-01-19 10:00:00,batch_003,workqueue_actions_batch_003.csv
53138,5070,16,2026-01-15,REVIEW,1,N,2026-01-19 10:00:00,batch_003,workqueue_actions_batch_003.csv
53139,1368,3,2026-01-14,REVIEW,3,N,2026-01-19 10:00:00,batch_003,workqueue_actions_batch_003.csv
53140,5205,8,2026-01-19,CALL,0,Y,2026-01-19 10:00:00,batch_003,workqueue_actions_batch_003.csv
53141,1359,9,2026-01-19,ESCALATE,4,N,2026-01-19 10:00:00,batch_003,workqueue_actions_batch_003.csv
53142,2442,17,2026-01-16,NOTE,1,Y,2026-01-19 10:00:00,batch_003,workqueue_actions_batch_003.csv
53143,4130,1,2026-01-15,REVIEW,3,N,2026-01-19 10:00:00,batch_003,workqueue_actions_batch_003.csv
53144,2385,14,2026-01-18,NOTE,3,N,2026-01-19 10:00:00,batch_003,workqueue_actions_batch_003.csv
53145,3697,20,2026-01-16,REVIEW,3,Y,2026-01-19 10:00:00,batch_003,workqueue_actions_batch_003.csv
53146,4024,20,2026-01-15,REVIEW,3,Y,2026-01-19 10:00:00,batch_003,workqueue_actions_batch_003.csv
53147,5127,12,2026-01-15,NOTE,1,Y,2026-01-19 10:00:00,batch_003,workqueue_actions_batch_003.csv
53148,1216,12,2026-01-14,ESCALATE,1,N,2026-01-19 10:00:00,batch_003,workqueue_actions_batch_003.csv
53149,1449,15,2026-01-16,NOTE,3,Y,2026-01-19 10:00:00,batch_003,workqueue_actions_batch_003.csv
53150,1561,11,2026-01-15,ESCALATE,0,Y,2026-01-19 10:00:00,batch_003,workqueue_actions_batch_003.csv
53151,4746,16,2026-01-17,NOTE,3,N,2026-01-19 10:00:00,batch_003,workqueue_actions_batch_003.csv
53152,5161,17,2026-01-18,NOTE,3,N,2026-01-19 10:00:00,batch_003,workqueue_actions_batch_003.csv
53153,1251,20,2026-01-19,REVIEW,0,Y,2026-01-19 10:00:00,batch_003,workqueue_actions_batch_003.csv
53154,4957,13,2026-01-14,REVIEW,3,Y,2026-01-19 10:00:00,batch_003,workqueue_actions_batch_003.csv
53155,5436,12,2026-01-19,NOTE,3,N,2026-01-19 10:00:00,batch_003,workqueue_actions_batch_003.csv
53156,2898,19,2026-01-19,CALL,4,N,2026-01-19 10:00:00,batch_003,workqueue_actions_batch_003.csv
53157,3849,7,2026-01-15,NOTE,1,N,2026-01-19 10:00:00,batch_003,workqueue_actions_batch_003.csv
53158,3629,3,2026-01-16,NOTE,2,N,2026-01-19 10:00:00,batch_003,workqueue_actions_batch_003.csv
53159,1567,12,2026-01-15,ESCALATE,4,N,2026-01-19 10:00:00,batch_003,workqueue_actions_batch_003.csv
53160,5174,11,2026-01-16,ESCALATE,2,Y,2026-01-19 10:00:00,batch_003,workqueue_actions_batch_003.csv
53161,5331,17,2026-01-19,ESCALATE,0,Y,2026-01-19 10:00:00,batch_003,workqueue_actions_batch_003.csv
53162,2976,6,2026-01-18,ESCALATE,4,Y,2026-01-19 10:00:00,batch_003,workqueue_actions_batch_003.csv
53163,2457,18,2026-01-18,ESCALATE,2,Y,2026-01-19 10:00:00,batch_003,workqueue_actions_batch_003.csv
53164,1704,17,2026-01-14,NOTE,2,N,2026-01-19 10:00:00,batch_003,workqueue_actions_batch_003.csv
53165,2307,13,2026-01-18,CALL,4,N,2026-01-19 10:00:00,batch_003,workqueue_actions_batch_003.csv
53166,4582,18,2026-01-15,NOTE,4,N,2026-01-19 10:00:00,batch_003,workqueue_actions_batch_003.csv
53167,3724,13,2026-01-17,ESCALATE,1,N,2026-01-19 10:00:00,batch_003,workqueue_actions_batch_003.csv
53168,5157,12,2026-01-19,REVIEW,3,Y,2026-01-19 10:00:00,batch_003,workqueue_actions_batch_003.csv
53169,3683,3,2026-01-14,CALL,1,N,2026-01-19 10:00:00,batch_003,workqueue_actions_batch_003.csv
53170,2211,20,2026-01-16,CALL,2,N,2026-01-19 10:00:00,batch_003,workqueue_actions_batch_003.csv
53171,3664,17,2026-01-17,NOTE,3,Y,2026-01-19 10:00:00,batch_003,workqueue_actions_batch_003.csv
53172,2543,4,2026-01-17,REVIEW,2,Y,2026-01-19 10:00:00,batch_003,workqueue_actions_batch_003.csv
53173,3091,16,2026-01-15,ESCALATE,4,N,2026-01-19 10:00:00,batch_003,workqueue_actions_batch_003.csv
53174,4071,10,2026-01-17,CALL,1,Y,2026-01-19 10:00:00,batch_003,workqueue_actions_batch_003.csv
53175,3579,5,2026-01-18,CALL,2,N,2026-01-19 10:00:00,batch_003,workqueue_actions_batch_003.csv
53176,4723,15,2026-01-17,ESCALATE,4,N,2026-01-19 10:00:00,batch_003,workqueue_actions_batch_003.csv
53177,1616,10,2026-01-15,CALL,1,Y,2026-01-19 10:00:00,batch_003,workqueue_actions_batch_003.csv
53178,4467,14,2026-01-15,NOTE,2,Y,2026-01-19 10:00:00,batch_003,workqueue_actions_batch_003.csv
53179,4932,9,2026-01-19,ESCALATE,3,N,2026-01-19 10:00:00,batch_003,workqueue_actions_batch_003.csv
53180,5317,1,2026-01-19,CALL,4,N,2026-01-19 10:00:00,batch_003,workqueue_actions_batch_003.csv
53181,4324,17,2026-01-17,ESCALATE,2,N,2026-01-19 10:00:00,batch_003,workqueue_actions_batch_003.csv
53182,4573,7,2026-01-16,REVIEW,0,N,2026-01-19 10:00:00,batch_003,workqueue_actions_batch_003.csv
53183,4841,10,2026-01-15,CALL,3,Y,2026-01-19 10:00:00,batch_003,workqueue_actions_batch_003.csv
53184,5378,5,2026-01-16,REVIEW,2,N,2026-01-19 10:00:00,batch_003,workqueue_actions_batch_003.csv
53185,5024,15,2026-01-14,CALL,0,N,2026-01-19 10:00:00,batch_003,workqueue_actions_batch_003.csv
53186,3011,2,2026-01-16,NOTE,2,N,2026-01-19 10:00:00,batch_003,workqueue_actions_batch_003.csv
53187,1007,12,2026-01-16,CALL,0,Y,2026-01-19 10:00:00,batch_003,workqueue_actions_batch_003.csv
53188,4311,11,2026-01-18,NOTE,4,Y,2026-01-19 10:00:00,batch_003,workqueue_actions_batch_003.csv
53189,2209,16,2026-01-16,NOTE,3,Y,2026-01-19 10:00:00,batch_003,workqueue_actions_batch_003.csv
53190,2160,13,2026-01-18,NOTE,1,N,2026-01-19 10:00:00,batch_003,workqueue_actions_batch_003.csv
53191,3253,5,2026-01-15,ESCALATE,1,N,2026-01-19 10:00:00,batch_003,workqueue_actions_batch_003.csv
53192,4973,9,2026-01-17,ESCALATE,1,N,2026-01-19 10:00:00,batch_003,workqueue_actions_batch_003.csv
53193,1171,8,2026-01-18,ESCALATE,1,Y,2026-01-19 10:00:00,batch_003,workqueue_actions_batch_003.csv
53194,3804,11,2026-01-17,NOTE,0,N,2026-01-19 10:00:00,batch_003,workqueue_actions_batch_003.csv
53195,3517,7,2026-01-14,CALL,4,Y,2026-01-19 10:00:00,batch_003,workqueue_actions_batch_003.csv
53196,3814,6,2026-01-19,REVIEW,2,N,2026-01-19 10:00:00,batch_003,workqueue_actions_batch_003.csv
53197,5410,9,2026-01-15,CALL,2,Y,2026-01-19 10:00:00,batch_003,workqueue_actions_batch_003.csv
53198,4152,4,2026-01-15,REVIEW,4,N,2026-01-19 10:00:00,batch_003,workqueue_actions_batch_003.csv
53199,3674,1,2026-01-19,ESCALATE,3,N,2026-01-19 10:00:00,batch_003,workqueue_actions_batch_003.csv
53200,5348,7,2026-01-14,CALL,4,N,2026-01-19 10:00:00,batch_003,workqueue_actions_batch_003.csv
53201,3806,2,2026-01-14,REVIEW,3,Y,2026-01-19 10:00:00,batch_003,workqueue_actions_batch_003.csv
53202,2637,10,2026-01-18,ESCALATE,4,N,2026-01-19 10:00:00,batch_003,workqueue_actions_batch_003.csv
53203,4250,8,2026-01-17,NOTE,0,N,2026-01-19 10:00:00,batch_003,workqueue_actions_batch_003.csv
53204,4006,20,2026-01-17,NOTE,0,N,2026-01-19 10:00:00,batch_003,workqueue_actions_batch_003.csv
53205,2315,6,2026-01-15,NOTE,2,N,2026-01-19 10:00:00,batch_003,workqueue_actions_batch_003.csv
53206,5295,8,2026-01-15,REVIEW,1,Y,2026-01-19 10:00:00,batch_003,workqueue_actions_batch_003.csv
53207,1737,12,2026-01-18,ESCALATE,2,N,2026-01-19 10:00:00,batch_003,workqueue_actions_batch_003.csv
53208,1013,3,2026-01-16,ESCALATE,2,N,2026-01-19 10:00:00,batch_003,workqueue_actions_batch_003.csv
53209,2689,13,2026-01-18,CALL,1,N,2026-01-19 10:00:00,batch_003,workqueue_actions_batch_003.csv
53210,3842,10,2026-01-16,ESCALATE,3,N,2026-01-19 10:00:00,batch_003,workqueue_actions_batch_003.csv
53211,2365,6,2026-01-14,CALL,2,N,2026-01-19 10:00:00,batch_003,workqueue_actions_batch_003.csv
53212,1390,17,2026-01-14,ESCALATE,4,Y,2026-01-19 10:00:00,batch_003,workqueue_actions_batch_003.csv
53213,1437,4,2026-01-14,CALL,2,Y,2026-01-19 10:00:00,batch_003,workqueue_actions_batch_003.csv
53214,3475,8,2026-01-19,ESCALATE,2,Y,2026-01-19 10:00:00,batch_003,workqueue_actions_batch_003.csv
53215,1184,10,2026-01-18,ESCALATE,4,Y,2026-01-19 10:00:00,batch_003,workqueue_actions_batch_003.csv
53216,2072,13,2026-01-19,NOTE,4,Y,2026-01-19 10:00:00,batch_003,workqueue_actions_batch_003.csv
53217,2234,13,2026-01-16,REVIEW,4,Y,2026-01-19 10:00:00,batch_003,workqueue_actions_batch_003.csv
53218,2011,4,2026-01-14,NOTE,3,Y,2026-01-19 10:00:00,batch_003,workqueue_actions_batch_003.csv
53219,1481,5,2026-01-19,NOTE,4,Y,2026-01-19 10:00:00,batch_003,workqueue_actions_batch_003.csv
53220,1817,14,2026-01-15,NOTE,4,Y,2026-01-19 10:00:00,batch_003,workqueue_actions_batch_003.csv
53221,2264,12,2026-01-15,REVIEW,1,N,2026-01-19 10:00:00,batch_003,workqueue_actions_batch_003.csv
53222,3671,10,2026-01-19,REVIEW,3,Y,2026-01-19 10:00:00,batch_003,workqueue_actions_batch_003.csv
53223,3077,5,2026-01-16,REVIEW,0,N,2026-01-19 10:00:00,batch_003,workqueue_actions_batch_003.csv
53224,1130,12,2026-01-14,ESCALATE,1,Y,2026-01-19 10:00:00,batch_003,workqueue_actions_batch_003.csv
53225,4837,15,2026-01-18,REVIEW,4,Y,2026-01-19 10:00:00,batch_003,workqueue_actions_batch_003.csv
53226,5363,4,2026-01-14,REVIEW,2,Y,2026-01-19 10:00:00,batch_003,workqueue_actions_batch_003.csv
53227,3785,7,2026-01-17,REVIEW,2,Y,2026-01-19 10:00:00,batch_003,workqueue_actions_batch_003.csv
53228,4368,19,2026-01-17,CALL,1,N,2026-01-19 10:00:00,batch_003,workqueue_actions_batch_003.csv
53229,2056,7,2026-01-19,ESCALATE,3,Y,2026-01-19 10:00:00,batch_003,workqueue_actions_batch_003.csv
53230,1532,17,2026-01-18,NOTE,3,N,2026-01-19 10:00:00,batch_003,workqueue_actions_batch_003.csv
53231,3066,13,2026-01-16,NOTE,4,N,2026-01-19 10:00:00,batch_003,workqueue_actions_batch_003.csv
53232,5442,19,2026-01-19,NOTE,0,Y,2026-01-19 10:00:00,batch_003,workqueue_actions_batch_003.csv
53233,1957,12,2026-01-14,ESCALATE,0,N,2026-01-19 10:00:00,batch_003,workqueue_actions_batch_003.csv
53234,5122,17,2026-01-19,REVIEW,1,N,2026-01-19 10:00:00,batch_003,workqueue_actions_batch_003.csv
53235,4468,12,2026-01-17,ESCALATE,0,Y,2026-01-19 10:00:00,batch_003,workqueue_actions_batch_003.csv
53236,2648,8,2026-01-17,ESCALATE,2,Y,2026-01-19 10:00:00,batch_003,workqueue_actions_batch_003.csv
53237,3430,1,2026-01-19,CALL,2,Y,2026-01-19 10:00:00,batch_003,workqueue_actions_batch_003.csv
53238,3570,2,2026-01-18,CALL,3,N,2026-01-19 10:00:00,batch_003,workqueue_actions_batch_003.csv
53239,3472,14,2026-01-15,ESCALATE,2,N,2026-01-19 10:00:00,batch_003,workqueue_actions_batch_003.csv
53240,1257,7,2026-01-16,CALL,1,Y,2026-01-19 10:00:00,batch_003,workqueue_actions_batch_003.csv
53241,2774,8,2026-01-14,REVIEW,4,Y,2026-01-19 10:00:00,batch_003,workqueue_actions_batch_003.csv
53242,2083,7,2026-01-19,REVIEW,0,N,2026-01-19 10:00:00,batch_003,workqueue_actions_batch_003.csv
53243,3404,17,2026-01-16,REVIEW,2,N,2026-01-19 10:00:00,batch_003,workqueue_actions_batch_003.csv
53244,2563,8,2026-01-15,ESCALATE,1,Y,2026-01-19 10:00:00,batch_003,workqueue_actions_batch_003.csv
53245,3059,20,2026-01-17,CALL,3,N,2026-01-19 10:00:00,batch_003,workqueue_actions_batch_003.csv
53246,3610,9,2026-01-16,ESCALATE,4,Y,2026-01-19 10:00:00,batch_003,workqueue_actions_batch_003.csv
53247,3280,12,2026-01-14,REVIEW,2,N,2026-01-19 10:00:00,batch_003,workqueue_actions_batch_003.csv
53248,2700,14,2026-01-16,REVIEW,0,N,2026-01-19 10:00:00,batch_003,workqueue_actions_batch_003.csv
53249,3490,6,2026-01-19,ESCALATE,0,N,2026-01-19 10:00:00,batch_003,workqueue_actions_batch_003.csv
53250,2174,1,2026-01-19,REVIEW,1,N,2026-01-19 10:00:00,batch_003,workqueue_actions_batch_003.csv
53251,2515,4,2026-01-15,NOTE,1,Y,2026-01-19 10:00:00,batch_003,workqueue_actions_batch_003.csv
53252,4883,3,2026-01-14,REVIEW,1,Y,2026-01-19 10:00:00,batch_003,workqueue_actions_batch_003.csv
53253,4148,11,2026-01-17,REVIEW,2,Y,2026-01-19 10:00:00,batch_003,workqueue_actions_batch_003.csv
53254,4111,11,2026-01-16,CALL,4,N,2026-01-19 10:00:00,batch_003,workqueue_actions_batch_003.csv
53255,2150,20,2026-01-15,CALL,4,Y,2026-01-19 10:00:00,batch_003,workqueue_actions_batch_003.csv
53256,5468,12,2026-01-16,REVIEW,3,Y,2026-01-19 10:00:00,batch_003,workqueue_actions_batch_003.csv
53257,1899,4,2026-01-19,ESCALATE,4,Y,2026-01-19 10:00:00,batch_003,workqueue_actions_batch_003.csv
53258,4606,12,2026-01-15,ESCALATE,0,Y,2026-01-19 10:00:00,batch_003,workqueue_actions_batch_003.csv
53259,3845,3,2026-01-19,NOTE,2,Y,2026-01-19 10:00:00,batch_003,workqueue_actions_batch_003.csv
53260,5234,13,2026-01-16,NOTE,4,N,2026-01-19 10:00:00,batch_003,workqueue_actions_batch_003.csv
53261,1341,5,2026-01-15,ESCALATE,2,N,2026-01-19 10:00:00,batch_003,workqueue_actions_batch_003.csv
53262,1936,19,2026-01-16,REVIEW,2,Y,2026-01-19 10:00:00,batch_003,workqueue_actions_batch_003.csv
53263,2740,6,2026-01-17,REVIEW,3,Y,2026-01-19 10:00:00,batch_003,workqueue_actions_batch_003.csv
53264,3571,9,2026-01-18,NOTE,2,N,2026-01-19 10:00:00,batch_003,workqueue_actions_batch_003.csv
53265,3723,1,2026-01-17,NOTE,3,Y,2026-01-19 10:00:00,batch_003,workqueue_actions_batch_003.csv
53266,3387,4,2026-01-17,ESCALATE,1,Y,2026-01-19 10:00:00,batch_003,workqueue_actions_batch_003.csv
53267,2341,5,2026-01-17,REVIEW,3,N,2026-01-19 10:00:00,batch_003,workqueue_actions_batch_003.csv
53268,1363,3,2026-01-14,REVIEW,3,Y,2026-01-19 10:00:00,batch_003,workqueue_actions_batch_003.csv
53269,2544,9,2026-01-18,NOTE,0,Y,2026-01-19 10:00:00,batch_003,workqueue_actions_batch_003.csv
53270,1894,1,2026-01-19,CALL,1,Y,2026-01-19 10:00:00,batch_003,workqueue_actions_batch_003.csv
53271,2812,7,2026-01-19,REVIEW,3,N,2026-01-19 10:00:00,batch_003,workqueue_actions_batch_003.csv
53272,3437,17,2026-01-14,REVIEW,3,Y,2026-01-19 10:00:00,batch_003,workqueue_actions_batch_003.csv
53273,3987,18,2026-01-16,ESCALATE,4,N,2026-01-19 10:00:00,batch_003,workqueue_actions_batch_003.csv
53274,3488,3,2026-01-19,REVIEW,3,Y,2026-01-19 10:00:00,batch_003,workqueue_actions_batch_003.csv
53275,3159,1,2026-01-19,NOTE,2,N,2026-01-19 10:00:00,batch_003,workqueue_actions_batch_003.csv
53276,3073,16,2026-01-16,REVIEW,0,N,2026-01-19 10:00:00,batch_003,workqueue_actions_batch_003.csv
53277,2678,20,2026-01-17,REVIEW,3,Y,2026-01-19 10:00:00,batch_003,workqueue_actions_batch_003.csv
53278,5251,14,2026-01-17,NOTE,0,Y,2026-01-19 10:00:00,batch_003,workqueue_actions_batch_003.csv
53279,3213,9,2026-01-19,NOTE,2,Y,2026-01-19 10:00:00,batch_003,workqueue_actions_batch_003.csv
53280,2230,8,2026-01-19,NOTE,3,N,2026-01-19 10:00:00,batch_003,workqueue_actions_batch_003.csv
53281,2332,11,2026-01-16,CALL,0,N,2026-01-19 10:00:00,batch_003,workqueue_actions_batch_003.csv
53282,4872,15,2026-01-14,CALL,1,Y,2026-01-19 10:00:00,batch_003,workqueue_actions_batch_003.csv
53283,5167,14,2026-01-19,REVIEW,4,N,2026-01-19 10:00:00,batch_003,workqueue_actions_batch_003.csv
53284,3709,20,2026-01-19,CALL,4,N,2026-01-19 10:00:00,batch_003,workqueue_actions_batch_003.csv
53285,1106,10,2026-01-16,ESCALATE,1,Y,2026-01-19 10:00:00,batch_003,workqueue_actions_batch_003.csv
53286,1514,16,2026-01-16,REVIEW,3,Y,2026-01-19 10:00:00,batch_003,workqueue_actions_batch_003.csv
53287,5313,2,2026-01-15,ESCALATE,3,Y,2026-01-19 10:00:00,batch_003,workqueue_actions_batch_003.csv
53288,1639,5,2026-01-14,REVIEW,1,N,2026-01-19 10:00:00,batch_003,workqueue_actions_batch_003.csv
53289,4770,5,2026-01-15,REVIEW,0,Y,2026-01-19 10:00:00,batch_003,workqueue_actions_batch_003.csv
53290,3460,1,2026-01-19,REVIEW,2,Y,2026-01-19 10:00:00,batch_003,workqueue_actions_batch_003.csv
53291,4473,7,2026-01-16,NOTE,4,Y,2026-01-19 10:00:00,batch_003,workqueue_actions_batch_003.csv
53292,1535,13,2026-01-16,ESCALATE,0,N,2026-01-19 10:00:00,batch_003,workqueue_actions_batch_003.csv
53293,2592,4,2026-01-14,NOTE,4,N,2026-01-19 10:00:00,batch_003,workqueue_actions_batch_003.csv
53294,4224,19,2026-01-14,NOTE,3,Y,2026-01-19 10:00:00,batch_003,workqueue_actions_batch_003.csv
53295,3855,11,2026-01-16,REVIEW,2,N,2026-01-19 10:00:00,batch_003,workqueue_actions_batch_003.csv
53296,4144,4,2026-01-19,REVIEW,1,Y,2026-01-19 10:00:00,batch_003,workqueue_actions_batch_003.csv
53297,1927,5,2026-01-19,ESCALATE,2,N,2026-01-19 10:00:00,batch_003,workqueue_actions_batch_003.csv
53298,3097,9,2026-01-17,CALL,3,Y,2026-01-19 10:00:00,batch_003,workqueue_actions_batch_003.csv
53299,4659,5,2026-01-18,REVIEW,3,N,2026-01-19 10:00:00,batch_003,workqueue_actions_batch_003.csv
53300,3591,10,2026-01-16,ESCALATE,4,N,2026-01-19 10:00:00,batch_003,workqueue_actions_batch_003.csv
53301,4828,12,2026-01-16,ESCALATE,2,Y,2026-01-19 10:00:00,batch_003,workqueue_actions_batch_003.csv
53302,4602,20,2026-01-15,CALL,1,N,2026-01-19 10:00:00,batch_003,workqueue_actions_batch_003.csv
53303,2589,4,2026-01-17,REVIEW,0,N,2026-01-19 10:00:00,batch_003,workqueue_actions_batch_003.csv
53304,3791,5,2026-01-19,REVIEW,3,N,2026-01-19 10:00:00,batch_003,workqueue_actions_batch_003.csv
53305,4140,6,2026-01-18,CALL,4,Y,2026-01-19 10:00:00,batch_003,workqueue_actions_batch_003.csv
53306,2309,17,2026-01-16,NOTE,1,Y,2026-01-19 10:00:00,batch_003,workqueue_actions_batch_003.csv
53307,5397,9,2026-01-19,NOTE,2,Y,2026-01-19 10:00:00,batch_003,workqueue_actions_batch_003.csv
53308,2918,12,2026-01-14,ESCALATE,0,N,2026-01-19 10:00:00,batch_003,workqueue_actions_batch_003.csv
53309,2377,6,2026-01-17,CALL,0,Y,2026-01-19 10:00:00,batch_003,workqueue_actions_batch_003.csv
53310,1287,8,2026-01-18,NOTE,1,N,2026-01-19 10:00:00,batch_003,workqueue_actions_batch_003.csv
53311,2427,1,2026-01-16,CALL,3,Y,2026-01-19 10:00:00,batch_003,workqueue_actions_batch_003.csv
53312,4232,18,2026-01-14,NOTE,1,N,2026-01-19 10:00:00,batch_003,workqueue_actions_batch_003.csv
53313,5192,2,2026-01-18,CALL,0,Y,2026-01-19 10:00:00,batch_003,workqueue_actions_batch_003.csv
53314,4551,4,2026-01-16,NOTE,4,N,2026-01-19 10:00:00,batch_003,workqueue_actions_batch_003.csv
53315,5100,10,2026-01-16,NOTE,0,N,2026-01-19 10:00:00,batch_003,workqueue_actions_batch_003.csv
53316,2135,9,2026-01-19,REVIEW,3,N,2026-01-19 10:00:00,batch_003,workqueue_actions_batch_003.csv
53317,3019,8,2026-01-16,ESCALATE,0,N,2026-01-19 10:00:00,batch_003,workqueue_actions_batch_003.csv
53318,2063,16,2026-01-18,REVIEW,1,Y,2026-01-19 10:00:00,batch_003,workqueue_actions_batch_003.csv
53319,2575,16,2026-01-15,ESCALATE,2,N,2026-01-19 10:00:00,batch_003,workqueue_actions_batch_003.csv
53320,3852,6,2026-01-15,ESCALATE,3,Y,2026-01-19 10:00:00,batch_003,workqueue_actions_batch_003.csv
53321,3447,11,2026-01-16,ESCALATE,2,Y,2026-01-19 10:00:00,batch_003,workqueue_actions_batch_003.csv
53322,2919,18,2026-01-18,REVIEW,2,Y,2026-01-19 10:00:00,batch_003,workqueue_actions_batch_003.csv
53323,2198,14,2026-01-15,CALL,4,N,2026-01-19 10:00:00,batch_003,workqueue_actions_batch_003.csv
53324,2062,12,2026-01-18,REVIEW,0,N,2026-01-19 10:00:00,batch_003,workqueue_actions_batch_003.csv
53325,2075,13,2026-01-14,CALL,2,N,2026-01-19 10:00:00,batch_003,workqueue_actions_batch_003.csv
53326,4105,11,2026-01-19,ESCALATE,2,Y,2026-01-19 10:00:00,batch_003,workqueue_actions_batch_003.csv
53327,2385,16,2026-01-18,ESCALATE,4,N,2026-01-19 10:00:00,batch_003,workqueue_actions_batch_003.csv
53328,1276,6,2026-01-14,REVIEW,2,N,2026-01-19 10:00:00,batch_003,workqueue_actions_batch_003.csv
53329,2881,2,2026-01-19,ESCALATE,0,Y,2026-01-19 10:00:00,batch_003,workqueue_actions_batch_003.csv
53330,3972,6,2026-01-18,ESCALATE,4,Y,2026-01-19 10:00:00,batch_003,workqueue_actions_batch_003.csv
53331,4436,2,2026-01-15,CALL,4,Y,2026-01-19 10:00:00,batch_003,workqueue_actions_batch_003.csv
53332,1743,19,2026-01-18,NOTE,4,Y,2026-01-19 10:00:00,batch_003,workqueue_actions_batch_003.csv
53333,3469,20,2026-01-17,ESCALATE,2,N,2026-01-19 10:00:00,batch_003,workqueue_actions_batch_003.csv
53334,1225,6,2026-01-14,NOTE,3,N,2026-01-19 10:00:00,batch_003,workqueue_actions_batch_003.csv
53335,2019,15,2026-01-15,REVIEW,3,N,2026-01-19 10:00:00,batch_003,workqueue_actions_batch_003.csv
53336,5048,18,2026-01-17,CALL,3,Y,2026-01-19 10:00:00,batch_003,workqueue_actions_batch_003.csv
53337,1777,16,2026-01-14,CALL,4,N,2026-01-19 10:00:00,batch_003,workqueue_actions_batch_003.csv
53338,4827,7,2026-01-18,NOTE,3,N,2026-01-19 10:00:00,batch_003,workqueue_actions_batch_003.csv
53339,2763,2,2026-01-16,REVIEW,4,Y,2026-01-19 10:00:00,batch_003,workqueue_actions_batch_003.csv
53340,5044,8,2026-01-15,ESCALATE,4,Y,2026-01-19 10:00:00,batch_003,workqueue_actions_batch_003.csv
53341,2909,13,2026-01-15,REVIEW,0,Y,2026-01-19 10:00:00,batch_003,workqueue_actions_batch_003.csv
53342,4677,18,2026-01-14,CALL,3,Y,2026-01-19 10:00:00,batch_003,workqueue_actions_batch_003.csv
53343,5227,19,2026-01-17,REVIEW,4,N,2026-01-19 10:00:00,batch_003,workqueue_actions_batch_003.csv
53344,3599,8,2026-01-18,CALL,1,N,2026-01-19 10:00:00,batch_003,workqueue_actions_batch_003.csv
53345,1993,10,2026-01-14,CALL,3,N,2026-01-19 10:00:00,batch_003,workqueue_actions_batch_003.csv
53346,5355,18,2026-01-15,ESCALATE,2,N,2026-01-19 10:00:00,batch_003,workqueue_actions_batch_003.csv
53347,4058,10,2026-01-18,REVIEW,2,Y,2026-01-19 10:00:00,batch_003,workqueue_actions_batch_003.csv
53348,5176,16,2026-01-17,CALL,2,N,2026-01-19 10:00:00,batch_003,workqueue_actions_batch_003.csv
53349,1601,3,2026-01-17,REVIEW,2,N,2026-01-19 10:00:00,batch_003,workqueue_actions_batch_003.csv
53350,4607,18,2026-01-17,CALL,4,N,2026-01-19 10:00:00,batch_003,workqueue_actions_batch_003.csv
53351,1452,19,2026-01-16,REVIEW,4,Y,2026-01-19 10:00:00,batch_003,workqueue_actions_batch_003.csv
53352,3061,12,2026-01-17,REVIEW,1,Y,2026-01-19 10:00:00,batch_003,workqueue_actions_batch_003.csv
53353,3475,15,2026-01-14,REVIEW,1,Y,2026-01-19 10:00:00,batch_003,workqueue_actions_batch_003.csv
53354,4182,15,2026-01-14,REVIEW,2,N,2026-01-19 10:00:00,batch_003,workqueue_actions_batch_003.csv
53355,3106,5,2026-01-19,NOTE,2,N,2026-01-19 10:00:00,batch_003,workqueue_actions_batch_003.csv
53356,5253,14,2026-01-19,ESCALATE,4,N,2026-01-19 10:00:00,batch_003,workqueue_actions_batch_003.csv
53357,3644,1,2026-01-16,REVIEW,1,N,2026-01-19 10:00:00,batch_003,workqueue_actions_batch_003.csv
53358,4047,4,2026-01-19,REVIEW,4,Y,2026-01-19 10:00:00,batch_003,workqueue_actions_batch_003.csv
53359,4650,6,2026-01-17,ESCALATE,1,N,2026-01-19 10:00:00,batch_003,workqueue_actions_batch_003.csv
53360,4118,12,2026-01-19,CALL,1,Y,2026-01-19 10:00:00,batch_003,workqueue_actions_batch_003.csv
53361,2762,11,2026-01-18,ESCALATE,1,N,2026-01-19 10:00:00,batch_003,workqueue_actions_batch_003.csv
53362,2874,7,2026-01-17,NOTE,2,N,2026-01-19 10:00:00,batch_003,workqueue_actions_batch_003.csv
53363,1041,11,2026-01-16,CALL,2,Y,2026-01-19 10:00:00,batch_003,workqueue_actions_batch_003.csv
53364,2616,2,2026-01-16,NOTE,0,Y,2026-01-19 10:00:00,batch_003,workqueue_actions_batch_003.csv
53365,1173,15,2026-01-14,ESCALATE,2,Y,2026-01-19 10:00:00,batch_003,workqueue_actions_batch_003.csv
53366,3218,15,2026-01-19,ESCALATE,4,N,2026-01-19 10:00:00,batch_003,workqueue_actions_batch_003.csv
53367,5452,5,2026-01-18,CALL,3,N,2026-01-19 10:00:00,batch_003,workqueue_actions_batch_003.csv
53368,3348,1,2026-01-14,ESCALATE,2,Y,2026-01-19 10:00:00,batch_003,workqueue_actions_batch_003.csv
53369,1383,3,2026-01-17,REVIEW,1,Y,2026-01-19 10:00:00,batch_003,workqueue_actions_batch_003.csv
53370,4843,17,2026-01-19,ESCALATE,1,N,2026-01-19 10:00:00,batch_003,workqueue_actions_batch_003.csv
53371,3753,13,2026-01-19,CALL,3,Y,2026-01-19 10:00:00,batch_003,workqueue_actions_batch_003.csv
53372,3128,15,2026-01-14,ESCALATE,4,Y,2026-01-19 10:00:00,batch_003,workqueue_actions_batch_003.csv
53373,3794,12,2026-01-15,NOTE,2,N,2026-01-19 10:00:00,batch_003,workqueue_actions_batch_003.csv
53374,2608,6,2026-01-15,ESCALATE,3,Y,2026-01-19 10:00:00,batch_003,workqueue_actions_batch_003.csv
53375,1663,4,2026-01-16,NOTE,0,N,2026-01-19 10:00:00,batch_003,workqueue_actions_batch_003.csv
53376,4861,10,2026-01-15,REVIEW,4,Y,2026-01-19 10:00:00,batch_003,workqueue_actions_batch_003.csv
53377,1509,6,2026-01-18,ESCALATE,1,N,2026-01-19 10:00:00,batch_003,workqueue_actions_batch_003.csv
53378,5260,11,2026-01-19,REVIEW,3,Y,2026-01-19 10:00:00,batch_003,workqueue_actions_batch_003.csv
53379,1904,15,2026-01-18,ESCALATE,2,N,2026-01-19 10:00:00,batch_003,workqueue_actions_batch_003.csv
53380,3262,2,2026-01-19,CALL,3,N,2026-01-19 10:00:00,batch_003,workqueue_actions_batch_003.csv
53381,2798,19,2026-01-19,REVIEW,4,N,2026-01-19 10:00:00,batch_003,workqueue_actions_batch_003.csv
53382,2869,6,2026-01-18,CALL,4,Y,2026-01-19 10:00:00,batch_003,workqueue_actions_batch_003.csv
53383,4222,15,2026-01-15,ESCALATE,3,Y,2026-01-19 10:00:00,batch_003,workqueue_actions_batch_003.csv
53384,3886,11,2026-01-17,NOTE,2,Y,2026-01-19 10:00:00,batch_003,workqueue_actions_batch_003.csv
53385,1446,5,2026-01-17,REVIEW,2,N,2026-01-19 10:00:00,batch_003,workqueue_actions_batch_003.csv
53386,4123,20,2026-01-17,REVIEW,3,N,2026-01-19 10:00:00,batch_003,workqueue_actions_batch_003.csv
53387,4129,17,2026-01-18,NOTE,4,N,2026-01-19 10:00:00,batch_003,workqueue_actions_batch_003.csv
53388,3129,18,2026-01-19,NOTE,4,Y,2026-01-19 10:00:00,batch_003,workqueue_actions_batch_003.csv
53389,1753,9,2026-01-19,ESCALATE,2,N,2026-01-19 10:00:00,batch_003,workqueue_actions_batch_003.csv
53390,4919,8,2026-01-14,CALL,0,Y,2026-01-19 10:00:00,batch_003,workqueue_actions_batch_003.csv
53391,4939,19,2026-01-17,REVIEW,1,Y,2026-01-19 10:00:00,batch_003,workqueue_actions_batch_003.csv
53392,3839,20,2026-01-16,ESCALATE,4,N,2026-01-19 10:00:00,batch_003,workqueue_actions_batch_003.csv
53393,4870,8,2026-01-18,NOTE,2,N,2026-01-19 10:00:00,batch_003,workqueue_actions_batch_003.csv
53394,2822,17,2026-01-18,REVIEW,1,N,2026-01-19 10:00:00,batch_003,workqueue_actions_batch_003.csv
53395,1281,1,2026-01-16,NOTE,3,N,2026-01-19 10:00:00,batch_003,workqueue_actions_batch_003.csv
53396,2470,10,2026-01-18,REVIEW,4,N,2026-01-19 10:00:00,batch_003,workqueue_actions_batch_003.csv
53397,1727,4,2026-01-16,NOTE,4,N,2026-01-19 10:00:00,batch_003,workqueue_actions_batch_003.csv
53398,2152,6,2026-01-18,REVIEW,0,Y,2026-01-19 10:00:00,batch_003,workqueue_actions_batch_003.csv
53399,1562,7,2026-01-14,CALL,3,Y,2026-01-19 10:00:00,batch_003,workqueue_actions_batch_003.csv
53400,1998,19,2026-01-19,ESCALATE,3,Y,2026-01-19 10:00:00,batch_003,workqueue_actions_batch_003.csv
53401,1217,5,2026-01-15,CALL,3,Y,2026-01-19 10:00:00,batch_003,workqueue_actions_batch_003.csv
53402,2931,17,2026-01-15,NOTE,1,N,2026-01-19 10:00:00,batch_003,workqueue_actions_batch_003.csv
53403,4861,12,2026-01-19,REVIEW,2,Y,2026-01-19 10:00:00,batch_003,workqueue_actions_batch_003.csv
53404,2666,20,2026-01-15,NOTE,2,Y,2026-01-19 10:00:00,batch_003,workqueue_actions_batch_003.csv
53405,4508,13,2026-01-17,CALL,0,N,2026-01-19 10:00:00,batch_003,workqueue_actions_batch_003.csv
53406,3913,2,2026-01-14,ESCALATE,4,N,2026-01-19 10:00:00,batch_003,workqueue_actions_batch_003.csv
53407,3660,2,2026-01-14,CALL,1,Y,2026-01-19 10:00:00,batch_003,workqueue_actions_batch_003.csv
53408,5042,6,2026-01-14,CALL,3,Y,2026-01-19 10:00:00,batch_003,workqueue_actions_batch_003.csv
53409,4642,9,2026-01-14,ESCALATE,0,N,2026-01-19 10:00:00,batch_003,workqueue_actions_batch_003.csv
53410,4675,20,2026-01-14,NOTE,3,N,2026-01-19 10:00:00,batch_003,workqueue_actions_batch_003.csv
53411,1552,9,2026-01-16,ESCALATE,2,N,2026-01-19 10:00:00,batch_003,workqueue_actions_batch_003.csv
53412,1889,11,2026-01-19,REVIEW,4,Y,2026-01-19 10:00:00,batch_003,workqueue_actions_batch_003.csv
53413,2217,19,2026-01-18,REVIEW,0,N,2026-01-19 10:00:00,batch_003,workqueue_actions_batch_003.csv
53414,4439,12,2026-01-17,CALL,4,Y,2026-01-19 10:00:00,batch_003,workqueue_actions_batch_003.csv
53415,2613,7,2026-01-14,REVIEW,3,N,2026-01-19 10:00:00,batch_003,workqueue_actions_batch_003.csv
53416,1570,17,2026-01-17,NOTE,4,N,2026-01-19 10:00:00,batch_003,workqueue_actions_batch_003.csv
53417,5385,10,2026-01-17,NOTE,3,N,2026-01-19 10:00:00,batch_003,workqueue_actions_batch_003.csv
53418,2818,14,2026-01-15,REVIEW,3,Y,2026-01-19 10:00:00,batch_003,workqueue_actions_batch_003.csv
53419,3788,19,2026-01-18,NOTE,3,N,2026-01-19 10:00:00,batch_003,workqueue_actions_batch_003.csv
53420,1247,6,2026-01-19,REVIEW,0,N,2026-01-19 10:00:00,batch_003,workqueue_actions_batch_003.csv
53421,4963,11,2026-01-15,CALL,0,N,2026-01-19 10:00:00,batch_003,workqueue_actions_batch_003.csv
53422,3497,7,2026-01-18,ESCALATE,1,Y,2026-01-19 10:00:00,batch_003,workqueue_actions_batch_003.csv
53423,2226,19,2026-01-18,NOTE,1,Y,2026-01-19 10:00:00,batch_003,workqueue_actions_batch_003.csv
53424,4431,20,2026-01-19,NOTE,4,Y,2026-01-19 10:00:00,batch_003,workqueue_actions_batch_003.csv
53425,1955,8,2026-01-17,NOTE,0,Y,2026-01-19 10:00:00,batch_003,workqueue_actions_batch_003.csv
53426,4220,13,2026-01-19,NOTE,0,N,2026-01-19 10:00:00,batch_003,workqueue_actions_batch_003.csv
53427,3151,7,2026-01-17,CALL,4,N,2026-01-19 10:00:00,batch_003,workqueue_actions_batch_003.csv
53428,3379,15,2026-01-15,NOTE,3,Y,2026-01-19 10:00:00,batch_003,workqueue_actions_batch_003.csv
53429,3375,8,2026-01-16,ESCALATE,2,Y,2026-01-19 10:00:00,batch_003,workqueue_actions_batch_003.csv
53430,5140,9,2026-01-19,NOTE,1,Y,2026-01-19 10:00:00,batch_003,workqueue_actions_batch_003.csv
53431,5491,20,2026-01-15,REVIEW,1,Y,2026-01-19 10:00:00,batch_003,workqueue_actions_batch_003.csv
53432,3610,11,2026-01-16,CALL,1,N,2026-01-19 10:00:00,batch_003,workqueue_actions_batch_003.csv
53433,4771,1,2026-01-18,NOTE,4,N,2026-01-19 10:00:00,batch_003,workqueue_actions_batch_003.csv
53434,1415,10,2026-01-16,ESCALATE,1,Y,2026-01-19 10:00:00,batch_003,workqueue_actions_batch_003.csv
53435,1380,9,2026-01-17,ESCALATE,0,N,2026-01-19 10:00:00,batch_003,workqueue_actions_batch_003.csv
53436,2130,9,2026-01-18,CALL,0,N,2026-01-19 10:00:00,batch_003,workqueue_actions_batch_003.csv
53437,4808,11,2026-01-19,CALL,2,Y,2026-01-19 10:00:00,batch_003,workqueue_actions_batch_003.csv
53438,1772,11,2026-01-19,NOTE,4,Y,2026-01-19 10:00:00,batch_003,workqueue_actions_batch_003.csv
53439,5153,10,2026-01-19,NOTE,4,Y,2026-01-19 10:00:00,batch_003,workqueue_actions_batch_003.csv
53440,3651,3,2026-01-17,CALL,2,N,2026-01-19 10:00:00,batch_003,workqueue_actions_batch_003.csv
53441,4229,15,2026-01-14,ESCALATE,4,Y,2026-01-19 10:00:00,batch_003,workqueue_actions_batch_003.csv
53442,1560,2,2026-01-14,ESCALATE,2,Y,2026-01-19 10:00:00,batch_003,workqueue_actions_batch_003.csv
53443,1820,13,2026-01-19,ESCALATE,1,Y,2026-01-19 10:00:00,batch_003,workqueue_actions_batch_003.csv
53444,2876,12,2026-01-15,REVIEW,0,Y,2026-01-19 10:00:00,batch_003,workqueue_actions_batch_003.csv
53445,5018,1,2026-01-19,CALL,3,N,2026-01-19 10:00:00,batch_003,workqueue_actions_batch_003.csv
53446,2293,7,2026-01-17,REVIEW,0,N,2026-01-19 10:00:00,batch_003,workqueue_actions_batch_003.csv
53447,1328,10,2026-01-18,CALL,0,Y,2026-01-19 10:00:00,batch_003,workqueue_actions_batch_003.csv
53448,2752,11,2026-01-17,CALL,0,N,2026-01-19 10:00:00,batch_003,workqueue_actions_batch_003.csv
53449,2333,12,2026-01-14,REVIEW,1,N,2026-01-19 10:00:00,batch_003,workqueue_actions_batch_003.csv
53450,1638,8,2026-01-18,NOTE,0,Y,2026-01-19 10:00:00,batch_003,workqueue_actions_batch_003.csv
53451,1824,11,2026-01-19,CALL,3,N,2026-01-19 10:00:00,batch_003,workqueue_actions_batch_003.csv
53452,1464,19,2026-01-18,REVIEW,2,Y,2026-01-19 10:00:00,batch_003,workqueue_actions_batch_003.csv
53453,3627,3,2026-01-17,REVIEW,4,Y,2026-01-19 10:00:00,batch_003,workqueue_actions_batch_003.csv
53454,3138,10,2026-01-17,REVIEW,4,Y,2026-01-19 10:00:00,batch_003,workqueue_actions_batch_003.csv
53455,2948,10,2026-01-16,NOTE,4,Y,2026-01-19 10:00:00,batch_003,workqueue_actions_batch_003.csv
53456,5088,6,2026-01-19,CALL,3,N,2026-01-19 10:00:00,batch_003,workqueue_actions_batch_003.csv
53457,3395,14,2026-01-15,ESCALATE,4,Y,2026-01-19 10:00:00,batch_003,workqueue_actions_batch_003.csv
53458,3505,13,2026-01-15,ESCALATE,3,Y,2026-01-19 10:00:00,batch_003,workqueue_actions_batch_003.csv
53459,4656,16,2026-01-16,NOTE,1,Y,2026-01-19 10:00:00,batch_003,workqueue_actions_batch_003.csv
53460,4247,13,2026-01-15,ESCALATE,2,Y,2026-01-19 10:00:00,batch_003,workqueue_actions_batch_003.csv
53461,4184,11,2026-01-15,CALL,2,Y,2026-01-19 10:00:00,batch_003,workqueue_actions_batch_003.csv
53462,3302,1,2026-01-14,REVIEW,0,N,2026-01-19 10:00:00,batch_003,workqueue_actions_batch_003.csv
53463,2337,5,2026-01-14,NOTE,0,N,2026-01-19 10:00:00,batch_003,workqueue_actions_batch_003.csv
53464,2933,3,2026-01-14,CALL,2,N,2026-01-19 10:00:00,batch_003,workqueue_actions_batch_003.csv
53465,4681,8,2026-01-18,NOTE,0,N,2026-01-19 10:00:00,batch_003,workqueue_actions_batch_003.csv
53466,1579,1,2026-01-19,REVIEW,1,N,2026-01-19 10:00:00,batch_003,workqueue_actions_batch_003.csv
53467,2661,20,2026-01-16,CALL,3,Y,2026-01-19 10:00:00,batch_003,workqueue_actions_batch_003.csv
53468,1615,14,2026-01-19,REVIEW,4,N,2026-01-19 10:00:00,batch_003,workqueue_actions_batch_003.csv
53469,2141,18,2026-01-19,ESCALATE,3,Y,2026-01-19 10:00:00,batch_003,workqueue_actions_batch_003.csv
53470,2517,3,2026-01-19,CALL,3,Y,2026-01-19 10:00:00,batch_003,workqueue_actions_batch_003.csv
53471,2983,12,2026-01-19,CALL,0,Y,2026-01-19 10:00:00,batch_003,workqueue_actions_batch_003.csv
53472,5162,4,2026-01-14,REVIEW,3,Y,2026-01-19 10:00:00,batch_003,workqueue_actions_batch_003.csv
53473,4490,14,2026-01-19,NOTE,2,Y,2026-01-19 10:00:00,batch_003,workqueue_actions_batch_003.csv
53474,5142,2,2026-01-18,REVIEW,4,Y,2026-01-19 10:00:00,batch_003,workqueue_actions_batch_003.csv
53475,2819,13,2026-01-17,NOTE,0,Y,2026-01-19 10:00:00,batch_003,workqueue_actions_batch_003.csv
53476,4551,20,2026-01-19,ESCALATE,4,N,2026-01-19 10:00:00,batch_003,workqueue_actions_batch_003.csv
53477,2930,14,2026-01-19,ESCALATE,4,N,2026-01-19 10:00:00,batch_003,workqueue_actions_batch_003.csv
53478,1552,13,2026-01-17,REVIEW,0,Y,2026-01-19 10:00:00,batch_003,workqueue_actions_batch_003.csv
53479,3267,16,2026-01-15,ESCALATE,4,N,2026-01-19 10:00:00,batch_003,workqueue_actions_batch_003.csv
53480,1627,10,2026-01-19,NOTE,0,Y,2026-01-19 10:00:00,batch_003,workqueue_actions_batch_003.csv
53481,1736,8,2026-01-15,NOTE,2,N,2026-01-19 10:00:00,batch_003,workqueue_actions_batch_003.csv
53482,5068,12,2026-01-14,NOTE,0,Y,2026-01-19 10:00:00,batch_003,workqueue_actions_batch_003.csv
53483,2868,10,2026-01-18,CALL,2,N,2026-01-19 10:00:00,batch_003,workqueue_actions_batch_003.csv
53484,2256,5,2026-01-15,CALL,4,Y,2026-01-19 10:00:00,batch_003,workqueue_actions_batch_003.csv
53485,1366,19,2026-01-17,REVIEW,3,Y,2026-01-19 10:00:00,batch_003,workqueue_actions_batch_003.csv
53486,1038,13,2026-01-16,CALL,3,Y,2026-01-19 10:00:00,batch_003,workqueue_actions_batch_003.csv
53487,3781,9,2026-01-16,NOTE,4,Y,2026-01-19 10:00:00,batch_003,workqueue_actions_batch_003.csv
53488,3558,7,2026-01-19,REVIEW,3,Y,2026-01-19 10:00:00,batch_003,workqueue_actions_batch_003.csv
53489,1791,1,2026-01-14,ESCALATE,2,Y,2026-01-19 10:00:00,batch_003,workqueue_actions_batch_003.csv
53490,5311,20,2026-01-15,REVIEW,1,N,2026-01-19 10:00:00,batch_003,workqueue_actions_batch_003.csv
53491,4597,20,2026-01-15,ESCALATE,1,N,2026-01-19 10:00:00,batch_003,workqueue_actions_batch_003.csv
53492,2919,6,2026-01-15,CALL,4,Y,2026-01-19 10:00:00,batch_003,workqueue_actions_batch_003.csv
53493,2876,1,2026-01-17,ESCALATE,1,N,2026-01-19 10:00:00,batch_003,workqueue_actions_batch_003.csv
53494,5021,18,2026-01-19,REVIEW,2,Y,2026-01-19 10:00:00,batch_003,workqueue_actions_batch_003.csv
53495,5093,15,2026-01-15,CALL,2,N,2026-01-19 10:00:00,batch_003,workqueue_actions_batch_003.csv
53496,3996,2,2026-01-14,CALL,1,Y,2026-01-19 10:00:00,batch_003,workqueue_actions_batch_003.csv
53497,1940,15,2026-01-15,NOTE,2,Y,2026-01-19 10:00:00,batch_003,workqueue_actions_batch_003.csv
53498,3435,7,2026-01-19,REVIEW,0,Y,2026-01-19 10:00:00,batch_003,workqueue_actions_batch_003.csv
53499,1948,3,2026-01-15,ESCALATE,1,N,2026-01-19 10:00:00,batch_003,workqueue_actions_batch_003.csv
53500,3763,1,2026-01-14,ESCALATE,2,Y,2026-01-19 10:00:00,batch_003,workqueue_actions_batch_003.csv
53501,1609,2,2026-01-18,CALL,0,N,2026-01-19 10:00:00,batch_003,workqueue_actions_batch_003.csv
53502,3477,4,2026-01-17,ESCALATE,1,Y,2026-01-19 10:00:00,batch_003,workqueue_actions_batch_003.csv
53503,4844,6,2026-01-17,NOTE,3,N,2026-01-19 10:00:00,batch_003,workqueue_actions_batch_003.csv
53504,4691,3,2026-01-17,NOTE,1,N,2026-01-19 10:00:00,batch_003,workqueue_actions_batch_003.csv
53505,4443,10,2026-01-14,REVIEW,2,Y,2026-01-19 10:00:00,batch_003,workqueue_actions_batch_003.csv
53506,1307,10,2026-01-17,REVIEW,2,N,2026-01-19 10:00:00,batch_003,workqueue_actions_batch_003.csv
53507,4734,12,2026-01-15,ESCALATE,0,Y,2026-01-19 10:00:00,batch_003,workqueue_actions_batch_003.csv
53508,3542,2,2026-01-18,ESCALATE,2,N,2026-01-19 10:00:00,batch_003,workqueue_actions_batch_003.csv
53509,1240,6,2026-01-15,ESCALATE,3,N,2026-01-19 10:00:00,batch_003,workqueue_actions_batch_003.csv
53510,1255,10,2026-01-15,ESCALATE,4,Y,2026-01-19 10:00:00,batch_003,workqueue_actions_batch_003.csv
53511,1912,14,2026-01-16,NOTE,4,N,2026-01-19 10:00:00,batch_003,workqueue_actions_batch_003.csv
53512,1145,20,2026-01-18,REVIEW,3,Y,2026-01-19 10:00:00,batch_003,workqueue_actions_batch_003.csv
53513,2859,16,2026-01-15,ESCALATE,3,N,2026-01-19 10:00:00,batch_003,workqueue_actions_batch_003.csv
53514,4301,1,2026-01-18,ESCALATE,4,Y,2026-01-19 10:00:00,batch_003,workqueue_actions_batch_003.csv
53515,1955,20,2026-01-18,REVIEW,3,Y,2026-01-19 10:00:00,batch_003,workqueue_actions_batch_003.csv
53516,3627,11,2026-01-19,REVIEW,4,Y,2026-01-19 10:00:00,batch_003,workqueue_actions_batch_003.csv
53517,2837,13,2026-01-19,CALL,4,Y,2026-01-19 10:00:00,batch_003,workqueue_actions_batch_003.csv
53518,4057,14,2026-01-16,REVIEW,1,Y,2026-01-19 10:00:00,batch_003,workqueue_actions_batch_003.csv
53519,3348,18,2026-01-19,NOTE,4,Y,2026-01-19 10:00:00,batch_003,workqueue_actions_batch_003.csv
53520,3379,9,2026-01-18,CALL,2,N,2026-01-19 10:00:00,batch_003,workqueue_actions_batch_003.csv
53521,4874,5,2026-01-18,REVIEW,4,N,2026-01-19 10:00:00,batch_003,workqueue_actions_batch_003.csv
53522,5339,20,2026-01-15,ESCALATE,0,Y,2026-01-19 10:00:00,batch_003,workqueue_actions_batch_003.csv
53523,1186,3,2026-01-19,NOTE,3,N,2026-01-19 10:00:00,batch_003,workqueue_actions_batch_003.csv
53524,2663,7,2026-01-17,REVIEW,4,Y,2026-01-19 10:00:00,batch_003,workqueue_actions_batch_003.csv
53525,5030,13,2026-01-14,ESCALATE,0,Y,2026-01-19 10:00:00,batch_003,workqueue_actions_batch_003.csv
53526,5280,19,2026-01-18,NOTE,1,Y,2026-01-19 10:00:00,batch_003,workqueue_actions_batch_003.csv
53527,4072,8,2026-01-17,ESCALATE,0,N,2026-01-19 10:00:00,batch_003,workqueue_actions_batch_003.csv
53528,2418,4,2026-01-16,REVIEW,0,Y,2026-01-19 10:00:00,batch_003,workqueue_actions_batch_003.csv
53529,1314,15,2026-01-19,ESCALATE,2,N,2026-01-19 10:00:00,batch_003,workqueue_actions_batch_003.csv
53530,2627,19,2026-01-15,ESCALATE,0,N,2026-01-19 10:00:00,batch_003,workqueue_actions_batch_003.csv
53531,3445,2,2026-01-14,ESCALATE,0,N,2026-01-19 10:00:00,batch_003,workqueue_actions_batch_003.csv
53532,3268,17,2026-01-14,CALL,4,Y,2026-01-19 10:00:00,batch_003,workqueue_actions_batch_003.csv
53533,4517,5,2026-01-18,ESCALATE,4,Y,2026-01-19 10:00:00,batch_003,workqueue_actions_batch_003.csv
53534,2093,20,2026-01-18,ESCALATE,2,Y,2026-01-19 10:00:00,batch_003,workqueue_actions_batch_003.csv
53535,5166,12,2026-01-15,NOTE,1,N,2026-01-19 10:00:00,batch_003,workqueue_actions_batch_003.csv
53536,1417,11,2026-01-14,REVIEW,3,N,2026-01-19 10:00:00,batch_003,workqueue_actions_batch_003.csv
53537,1946,16,2026-01-15,NOTE,3,Y,2026-01-19 10:00:00,batch_003,workqueue_actions_batch_003.csv
53538,3927,15,2026-01-17,ESCALATE,3,N,2026-01-19 10:00:00,batch_003,workqueue_actions_batch_003.csv
53539,1537,3,2026-01-16,CALL,4,Y,2026-01-19 10:00:00,batch_003,workqueue_actions_batch_003.csv
53540,2162,17,2026-01-17,NOTE,3,Y,2026-01-19 10:00:00,batch_003,workqueue_actions_batch_003.csv
53541,1336,8,2026-01-14,ESCALATE,4,N,2026-01-19 10:00:00,batch_003,workqueue_actions_batch_003.csv
53542,5486,17,2026-01-19,REVIEW,4,N,2026-01-19 10:00:00,batch_003,workqueue_actions_batch_003.csv
53543,1454,12,2026-01-14,REVIEW,3,Y,2026-01-19 10:00:00,batch_003,workqueue_actions_batch_003.csv
53544,3478,7,2026-01-15,REVIEW,2,N,2026-01-19 10:00:00,batch_003,workqueue_actions_batch_003.csv
53545,3740,1,2026-01-18,REVIEW,4,N,2026-01-19 10:00:00,batch_003,workqueue_actions_batch_003.csv
53546,2046,16,2026-01-19,ESCALATE,2,N,2026-01-19 10:00:00,batch_003,workqueue_actions_batch_003.csv
53547,1676,16,2026-01-17,REVIEW,0,N,2026-01-19 10:00:00,batch_003,workqueue_actions_batch_003.csv
53548,5290,17,2026-01-18,REVIEW,1,N,2026-01-19 10:00:00,batch_003,workqueue_actions_batch_003.csv
53549,4098,8,2026-01-19,ESCALATE,0,Y,2026-01-19 10:00:00,batch_003,workqueue_actions_batch_003.csv
53550,3153,3,2026-01-19,NOTE,1,N,2026-01-19 10:00:00,batch_003,workqueue_actions_batch_003.csv
53551,3100,15,2026-01-14,REVIEW,0,Y,2026-01-19 10:00:00,batch_003,workqueue_actions_batch_003.csv
53552,3367,9,2026-01-18,REVIEW,2,Y,2026-01-19 10:00:00,batch_003,workqueue_actions_batch_003.csv
53553,4655,17,2026-01-19,CALL,0,Y,2026-01-19 10:00:00,batch_003,workqueue_actions_batch_003.csv
53554,4216,12,2026-01-14,CALL,2,N,2026-01-19 10:00:00,batch_003,workqueue_actions_batch_003.csv
53555,1545,9,2026-01-14,ESCALATE,2,Y,2026-01-19 10:00:00,batch_003,workqueue_actions_batch_003.csv
53556,1853,19,2026-01-17,ESCALATE,1,Y,2026-01-19 10:00:00,batch_003,workqueue_actions_batch_003.csv
53557,4302,18,2026-01-19,ESCALATE,2,Y,2026-01-19 10:00:00,batch_003,workqueue_actions_batch_003.csv
53558,3586,14,2026-01-16,CALL,4,Y,2026-01-19 10:00:00,batch_003,workqueue_actions_batch_003.csv
53559,2201,16,2026-01-17,REVIEW,4,Y,2026-01-19 10:00:00,batch_003,workqueue_actions_batch_003.csv
53560,1809,17,2026-01-14,NOTE,2,N,2026-01-19 10:00:00,batch_003,workqueue_actions_batch_003.csv
53561,2851,17,2026-01-15,REVIEW,4,N,2026-01-19 10:00:00,batch_003,workqueue_actions_batch_003.csv
53562,3297,5,2026-01-14,CALL,2,Y,2026-01-19 10:00:00,batch_003,workqueue_actions_batch_003.csv
53563,2675,1,2026-01-18,NOTE,4,Y,2026-01-19 10:00:00,batch_003,workqueue_actions_batch_003.csv
53564,2972,9,2026-01-15,ESCALATE,0,N,2026-01-19 10:00:00,batch_003,workqueue_actions_batch_003.csv
53565,5246,5,2026-01-16,REVIEW,4,N,2026-01-19 10:00:00,batch_003,workqueue_actions_batch_003.csv
53566,1922,10,2026-01-18,ESCALATE,4,Y,2026-01-19 10:00:00,batch_003,workqueue_actions_batch_003.csv
53567,2938,8,2026-01-18,REVIEW,1,N,2026-01-19 10:00:00,batch_003,workqueue_actions_batch_003.csv
53568,5254,11,2026-01-17,CALL,2,N,2026-01-19 10:00:00,batch_003,workqueue_actions_batch_003.csv
53569,2500,13,2026-01-17,CALL,3,N,2026-01-19 10:00:00,batch_003,workqueue_actions_batch_003.csv
53570,4309,12,2026-01-18,ESCALATE,3,N,2026-01-19 10:00:00,batch_003,workqueue_actions_batch_003.csv
53571,3232,20,2026-01-16,ESCALATE,4,Y,2026-01-19 10:00:00,batch_003,workqueue_actions_batch_003.csv
53572,5449,1,2026-01-16,NOTE,2,N,2026-01-19 10:00:00,batch_003,workqueue_actions_batch_003.csv
53573,4675,7,2026-01-15,ESCALATE,1,Y,2026-01-19 10:00:00,batch_003,workqueue_actions_batch_003.csv
53574,2648,10,2026-01-18,CALL,0,Y,2026-01-19 10:00:00,batch_003,workqueue_actions_batch_003.csv
53575,4585,2,2026-01-15,ESCALATE,4,N,2026-01-19 10:00:00,batch_003,workqueue_actions_batch_003.csv
53576,3148,15,2026-01-14,ESCALATE,2,Y,2026-01-19 10:00:00,batch_003,workqueue_actions_batch_003.csv
53577,3989,7,2026-01-18,NOTE,0,N,2026-01-19 10:00:00,batch_003,workqueue_actions_batch_003.csv
53578,4368,16,2026-01-17,REVIEW,2,Y,2026-01-19 10:00:00,batch_003,workqueue_actions_batch_003.csv
53579,1971,2,2026-01-19,REVIEW,2,N,2026-01-19 10:00:00,batch_003,workqueue_actions_batch_003.csv
53580,2656,4,2026-01-19,NOTE,2,N,2026-01-19 10:00:00,batch_003,workqueue_actions_batch_003.csv
53581,1624,18,2026-01-14,REVIEW,2,N,2026-01-19 10:00:00,batch_003,workqueue_actions_batch_003.csv
53582,5013,2,2026-01-19,ESCALATE,2,N,2026-01-19 10:00:00,batch_003,workqueue_actions_batch_003.csv
53583,4271,6,2026-01-16,REVIEW,3,N,2026-01-19 10:00:00,batch_003,workqueue_actions_batch_003.csv
53584,2791,2,2026-01-16,REVIEW,4,Y,2026-01-19 10:00:00,batch_003,workqueue_actions_batch_003.csv
53585,3997,9,2026-01-17,ESCALATE,2,Y,2026-01-19 10:00:00,batch_003,workqueue_actions_batch_003.csv
53586,1878,12,2026-01-15,CALL,0,Y,2026-01-19 10:00:00,batch_003,workqueue_actions_batch_003.csv
53587,2978,1,2026-01-14,REVIEW,0,Y,2026-01-19 10:00:00,batch_003,workqueue_actions_batch_003.csv
53588,4070,6,2026-01-15,ESCALATE,1,Y,2026-01-19 10:00:00,batch_003,workqueue_actions_batch_003.csv
53589,3067,9,2026-01-17,REVIEW,0,Y,2026-01-19 10:00:00,batch_003,workqueue_actions_batch_003.csv
53590,3307,17,2026-01-17,ESCALATE,0,Y,2026-01-19 10:00:00,batch_003,workqueue_actions_batch_003.csv
53591,5364,8,2026-01-16,ESCALATE,2,Y,2026-01-19 10:00:00,batch_003,workqueue_actions_batch_003.csv
53592,5329,15,2026-01-17,REVIEW,4,N,2026-01-19 10:00:00,batch_003,workqueue_actions_batch_003.csv
53593,3882,17,2026-01-17,ESCALATE,3,Y,2026-01-19 10:00:00,batch_003,workqueue_actions_batch_003.csv
53594,2683,9,2026-01-16,REVIEW,0,Y,2026-01-19 10:00:00,batch_003,workqueue_actions_batch_003.csv
53595,1772,19,2026-01-14,CALL,1,N,2026-01-19 10:00:00,batch_003,workqueue_actions_batch_003.csv
53596,5326,13,2026-01-14,REVIEW,4,N,2026-01-19 10:00:00,batch_003,workqueue_actions_batch_003.csv
53597,1975,15,2026-01-15,REVIEW,2,N,2026-01-19 10:00:00,batch_003,workqueue_actions_batch_003.csv
53598,1047,6,2026-01-19,ESCALATE,1,N,2026-01-19 10:00:00,batch_003,workqueue_actions_batch_003.csv
53599,1636,20,2026-01-14,NOTE,4,Y,2026-01-19 10:00:00,batch_003,workqueue_actions_batch_003.csv
53600,4948,13,2026-01-18,NOTE,0,Y,2026-01-19 10:00:00,batch_003,workqueue_actions_batch_003.csv
53601,5042,17,2026-01-14,NOTE,4,Y,2026-01-19 10:00:00,batch_003,workqueue_actions_batch_003.csv
53602,4179,19,2026-01-15,REVIEW,2,Y,2026-01-19 10:00:00,batch_003,workqueue_actions_batch_003.csv
53603,3130,15,2026-01-16,REVIEW,0,N,2026-01-19 10:00:00,batch_003,workqueue_actions_batch_003.csv
53604,2358,6,2026-01-17,ESCALATE,0,N,2026-01-19 10:00:00,batch_003,workqueue_actions_batch_003.csv
53605,2398,3,2026-01-17,NOTE,3,N,2026-01-19 10:00:00,batch_003,workqueue_actions_batch_003.csv
53606,2873,2,2026-01-19,ESCALATE,4,Y,2026-01-19 10:00:00,batch_003,workqueue_actions_batch_003.csv
53607,1840,19,2026-01-18,CALL,3,N,2026-01-19 10:00:00,batch_003,workqueue_actions_batch_003.csv
53608,3391,7,2026-01-16,ESCALATE,2,Y,2026-01-19 10:00:00,batch_003,workqueue_actions_batch_003.csv
53609,1335,2,2026-01-15,ESCALATE,3,N,2026-01-19 10:00:00,batch_003,workqueue_actions_batch_003.csv
53610,1691,19,2026-01-16,REVIEW,3,Y,2026-01-19 10:00:00,batch_003,workqueue_actions_batch_003.csv
53611,5287,11,2026-01-18,ESCALATE,0,Y,2026-01-19 10:00:00,batch_003,workqueue_actions_batch_003.csv
53612,4887,17,2026-01-17,ESCALATE,1,Y,2026-01-19 10:00:00,batch_003,workqueue_actions_batch_003.csv
53613,5206,17,2026-01-15,CALL,0,N,2026-01-19 10:00:00,batch_003,workqueue_actions_batch_003.csv
53614,1630,8,2026-01-18,CALL,3,N,2026-01-19 10:00:00,batch_003,workqueue_actions_batch_003.csv
53615,3289,15,2026-01-15,CALL,3,N,2026-01-19 10:00:00,batch_003,workqueue_actions_batch_003.csv
53616,1986,3,2026-01-19,NOTE,2,N,2026-01-19 10:00:00,batch_003,workqueue_actions_batch_003.csv
53617,3599,9,2026-01-19,REVIEW,2,Y,2026-01-19 10:00:00,batch_003,workqueue_actions_batch_003.csv
53618,1643,15,2026-01-18,REVIEW,0,Y,2026-01-19 10:00:00,batch_003,workqueue_actions_batch_003.csv
53619,3741,7,2026-01-17,NOTE,2,N,2026-01-19 10:00:00,batch_003,workqueue_actions_batch_003.csv
53620,2188,7,2026-01-15,ESCALATE,1,Y,2026-01-19 10:00:00,batch_003,workqueue_actions_batch_003.csv
53621,5182,16,2026-01-16,REVIEW,2,N,2026-01-19 10:00:00,batch_003,workqueue_actions_batch_003.csv
53622,3862,4,2026-01-15,ESCALATE,3,Y,2026-01-19 10:00:00,batch_003,workqueue_actions_batch_003.csv
53623,4247,19,2026-01-18,CALL,1,N,2026-01-19 10:00:00,batch_003,workqueue_actions_batch_003.csv
53624,4457,16,2026-01-14,NOTE,4,N,2026-01-19 10:00:00,batch_003,workqueue_actions_batch_003.csv
53625,1427,11,2026-01-19,ESCALATE,1,Y,2026-01-19 10:00:00,batch_003,workqueue_actions_batch_003.csv
53626,4958,9,2026-01-14,REVIEW,1,Y,2026-01-19 10:00:00,batch_003,workqueue_actions_batch_003.csv
53627,5443,11,2026-01-14,CALL,0,Y,2026-01-19 10:00:00,batch_003,workqueue_actions_batch_003.csv
53628,4073,4,2026-01-16,CALL,3,N,2026-01-19 10:00:00,batch_003,workqueue_actions_batch_003.csv
53629,4121,19,2026-01-19,NOTE,0,N,2026-01-19 10:00:00,batch_003,workqueue_actions_batch_003.csv
53630,3221,11,2026-01-19,NOTE,0,N,2026-01-19 10:00:00,batch_003,workqueue_actions_batch_003.csv
53631,4258,1,2026-01-16,ESCALATE,1,Y,2026-01-19 10:00:00,batch_003,workqueue_actions_batch_003.csv
53632,2287,20,2026-01-18,NOTE,0,Y,2026-01-19 10:00:00,batch_003,workqueue_actions_batch_003.csv
53633,2640,14,2026-01-18,ESCALATE,1,Y,2026-01-19 10:00:00,batch_003,workqueue_actions_batch_003.csv
53634,4705,14,2026-01-16,CALL,4,N,2026-01-19 10:00:00,batch_003,workqueue_actions_batch_003.csv
53635,4808,8,2026-01-18,REVIEW,0,Y,2026-01-19 10:00:00,batch_003,workqueue_actions_batch_003.csv
53636,3808,1,2026-01-15,ESCALATE,0,N,2026-01-19 10:00:00,batch_003,workqueue_actions_batch_003.csv
53637,1201,10,2026-01-17,CALL,2,N,2026-01-19 10:00:00,batch_003,workqueue_actions_batch_003.csv
53638,3146,7,2026-01-14,REVIEW,1,N,2026-01-19 10:00:00,batch_003,workqueue_actions_batch_003.csv
53639,1843,9,2026-01-15,ESCALATE,4,Y,2026-01-19 10:00:00,batch_003,workqueue_actions_batch_003.csv
53640,3598,1,2026-01-14,NOTE,2,Y,2026-01-19 10:00:00,batch_003,workqueue_actions_batch_003.csv
53641,3212,18,2026-01-18,REVIEW,1,N,2026-01-19 10:00:00,batch_003,workqueue_actions_batch_003.csv
53642,5020,19,2026-01-19,ESCALATE,0,Y,2026-01-19 10:00:00,batch_003,workqueue_actions_batch_003.csv
53643,4278,12,2026-01-19,NOTE,2,N,2026-01-19 10:00:00,batch_003,workqueue_actions_batch_003.csv
53644,1271,19,2026-01-16,NOTE,1,Y,2026-01-19 10:00:00,batch_003,workqueue_actions_batch_003.csv
53645,3285,17,2026-01-14,REVIEW,3,N,2026-01-19 10:00:00,batch_003,workqueue_actions_batch_003.csv
53646,5126,9,2026-01-18,CALL,0,N,2026-01-19 10:00:00,batch_003,workqueue_actions_batch_003.csv
53647,1038,20,2026-01-15,REVIEW,4,N,2026-01-19 10:00:00,batch_003,workqueue_actions_batch_003.csv
53648,1256,6,2026-01-14,CALL,0,N,2026-01-19 10:00:00,batch_003,workqueue_actions_batch_003.csv
53649,4230,20,2026-01-18,REVIEW,2,N,2026-01-19 10:00:00,batch_003,workqueue_actions_batch_003.csv
53650,2613,14,2026-01-18,NOTE,3,N,2026-01-19 10:00:00,batch_003,workqueue_actions_batch_003.csv
53651,4263,6,2026-01-19,ESCALATE,1,Y,2026-01-19 10:00:00,batch_003,workqueue_actions_batch_003.csv
53652,2597,2,2026-01-15,CALL,2,N,2026-01-19 10:00:00,batch_003,workqueue_actions_batch_003.csv
53653,1122,1,2026-01-15,NOTE,3,Y,2026-01-19 10:00:00,batch_003,workqueue_actions_batch_003.csv
53654,4712,3,2026-01-19,NOTE,3,Y,2026-01-19 10:00:00,batch_003,workqueue_actions_batch_003.csv
53655,5217,16,2026-01-16,REVIEW,4,N,2026-01-19 10:00:00,batch_003,workqueue_actions_batch_003.csv
53656,4318,20,2026-01-17,CALL,3,Y,2026-01-19 10:00:00,batch_003,workqueue_actions_batch_003.csv
53657,1599,18,2026-01-17,ESCALATE,4,N,2026-01-19 10:00:00,batch_003,workqueue_actions_batch_003.csv
53658,2739,1,2026-01-19,CALL,1,N,2026-01-19 10:00:00,batch_003,workqueue_actions_batch_003.csv
53659,1174,14,2026-01-14,ESCALATE,1,Y,2026-01-19 10:00:00,batch_003,workqueue_actions_batch_003.csv
53660,3732,8,2026-01-18,CALL,2,N,2026-01-19 10:00:00,batch_003,workqueue_actions_batch_003.csv
53661,1116,12,2026-01-17,REVIEW,1,Y,2026-01-19 10:00:00,batch_003,workqueue_actions_batch_003.csv
53662,2602,5,2026-01-15,CALL,2,N,2026-01-19 10:00:00,batch_003,workqueue_actions_batch_003.csv
53663,1423,4,2026-01-19,REVIEW,0,N,2026-01-19 10:00:00,batch_003,workqueue_actions_batch_003.csv
53664,4553,15,2026-01-15,NOTE,0,N,2026-01-19 10:00:00,batch_003,workqueue_actions_batch_003.csv
53665,3969,16,2026-01-18,ESCALATE,0,Y,2026-01-19 10:00:00,batch_003,workqueue_actions_batch_003.csv
53666,4998,7,2026-01-19,CALL,0,Y,2026-01-19 10:00:00,batch_003,workqueue_actions_batch_003.csv
53667,2681,17,2026-01-18,NOTE,0,Y,2026-01-19 10:00:00,batch_003,workqueue_actions_batch_003.csv
53668,4506,10,2026-01-16,NOTE,4,Y,2026-01-19 10:00:00,batch_003,workqueue_actions_batch_003.csv
53669,2042,20,2026-01-14,REVIEW,0,N,2026-01-19 10:00:00,batch_003,workqueue_actions_batch_003.csv
53670,5093,1,2026-01-16,ESCALATE,1,Y,2026-01-19 10:00:00,batch_003,workqueue_actions_batch_003.csv
53671,4392,11,2026-01-19,NOTE,2,N,2026-01-19 10:00:00,batch_003,workqueue_actions_batch_003.csv
53672,2511,5,2026-01-16,REVIEW,3,N,2026-01-19 10:00:00,batch_003,workqueue_actions_batch_003.csv
53673,1764,14,2026-01-17,ESCALATE,3,Y,2026-01-19 10:00:00,batch_003,workqueue_actions_batch_003.csv
53674,2399,15,2026-01-15,NOTE,0,Y,2026-01-19 10:00:00,batch_003,workqueue_actions_batch_003.csv
53675,3475,12,2026-01-16,NOTE,1,Y,2026-01-19 10:00:00,batch_003,workqueue_actions_batch_003.csv
53676,5308,18,2026-01-19,NOTE,0,N,2026-01-19 10:00:00,batch_003,workqueue_actions_batch_003.csv
53677,3602,5,2026-01-14,NOTE,1,N,2026-01-19 10:00:00,batch_003,workqueue_actions_batch_003.csv
53678,3731,3,2026-01-19,CALL,2,Y,2026-01-19 10:00:00,batch_003,workqueue_actions_batch_003.csv
53679,2563,5,2026-01-15,REVIEW,3,N,2026-01-19 10:00:00,batch_003,workqueue_actions_batch_003.csv
53680,3315,15,2026-01-15,CALL,1,Y,2026-01-19 10:00:00,batch_003,workqueue_actions_batch_003.csv
53681,4295,11,2026-01-18,CALL,2,Y,2026-01-19 10:00:00,batch_003,workqueue_actions_batch_003.csv
53682,2503,13,2026-01-15,ESCALATE,4,Y,2026-01-19 10:00:00,batch_003,workqueue_actions_batch_003.csv
53683,3033,9,2026-01-14,REVIEW,2,N,2026-01-19 10:00:00,batch_003,workqueue_actions_batch_003.csv
53684,3601,3,2026-01-16,NOTE,2,Y,2026-01-19 10:00:00,batch_003,workqueue_actions_batch_003.csv
53685,1105,17,2026-01-16,CALL,0,N,2026-01-19 10:00:00,batch_003,workqueue_actions_batch_003.csv
53686,4647,12,2026-01-14,ESCALATE,3,N,2026-01-19 10:00:00,batch_003,workqueue_actions_batch_003.csv
53687,3518,20,2026-01-15,NOTE,4,Y,2026-01-19 10:00:00,batch_003,workqueue_actions_batch_003.csv
53688,3654,9,2026-01-15,REVIEW,4,N,2026-01-19 10:00:00,batch_003,workqueue_actions_batch_003.csv
53689,4532,7,2026-01-17,REVIEW,4,N,2026-01-19 10:00:00,batch_003,workqueue_actions_batch_003.csv
53690,2234,19,2026-01-18,NOTE,4,Y,2026-01-19 10:00:00,batch_003,workqueue_actions_batch_003.csv
53691,3402,6,2026-01-15,NOTE,3,N,2026-01-19 10:00:00,batch_003,workqueue_actions_batch_003.csv
53692,3600,8,2026-01-16,NOTE,3,Y,2026-01-19 10:00:00,batch_003,workqueue_actions_batch_003.csv
53693,2329,13,2026-01-14,NOTE,3,Y,2026-01-19 10:00:00,batch_003,workqueue_actions_batch_003.csv
53694,3966,12,2026-01-19,NOTE,4,Y,2026-01-19 10:00:00,batch_003,workqueue_actions_batch_003.csv
53695,3731,3,2026-01-19,REVIEW,0,N,2026-01-19 10:00:00,batch_003,workqueue_actions_batch_003.csv
53696,1857,11,2026-01-18,CALL,2,Y,2026-01-19 10:00:00,batch_003,workqueue_actions_batch_003.csv
53697,2378,12,2026-01-15,NOTE,0,N,2026-01-19 10:00:00,batch_003,workqueue_actions_batch_003.csv
53698,4124,7,2026-01-18,ESCALATE,1,Y,2026-01-19 10:00:00,batch_003,workqueue_actions_batch_003.csv
53699,4101,10,2026-01-17,ESCALATE,4,N,2026-01-19 10:00:00,batch_003,workqueue_actions_batch_003.csv
53700,1837,8,2026-01-16,REVIEW,4,Y,2026-01-19 10:00:00,batch_003,workqueue_actions_batch_003.csv
53701,4909,2,2026-01-17,CALL,0,Y,2026-01-19 10:00:00,batch_003,workqueue_actions_batch_003.csv
53702,2325,5,2026-01-18,ESCALATE,2,Y,2026-01-19 10:00:00,batch_003,workqueue_actions_batch_003.csv
53703,1685,11,2026-01-15,ESCALATE,0,Y,2026-01-19 10:00:00,batch_003,workqueue_actions_batch_003.csv
53704,5087,1,2026-01-17,REVIEW,4,Y,2026-01-19 10:00:00,batch_003,workqueue_actions_batch_003.csv
53705,4552,4,2026-01-14,ESCALATE,2,N,2026-01-19 10:00:00,batch_003,workqueue_actions_batch_003.csv
53706,3849,1,2026-01-18,NOTE,4,N,2026-01-19 10:00:00,batch_003,workqueue_actions_batch_003.csv
53707,4499,8,2026-01-16,CALL,0,Y,2026-01-19 10:00:00,batch_003,workqueue_actions_batch_003.csv
53708,5310,4,2026-01-18,CALL,0,Y,2026-01-19 10:00:00,batch_003,workqueue_actions_batch_003.csv
53709,1870,3,2026-01-17,REVIEW,1,N,2026-01-19 10:00:00,batch_003,workqueue_actions_batch_003.csv
53710,2416,2,2026-01-17,CALL,3,N,2026-01-19 10:00:00,batch_003,workqueue_actions_batch_003.csv
53711,1060,8,2026-01-17,REVIEW,1,Y,2026-01-19 10:00:00,batch_003,workqueue_actions_batch_003.csv
53712,3281,19,2026-01-16,NOTE,3,N,2026-01-19 10:00:00,batch_003,workqueue_actions_batch_003.csv
53713,3294,7,2026-01-18,NOTE,0,N,2026-01-19 10:00:00,batch_003,workqueue_actions_batch_003.csv
53714,2285,4,2026-01-18,ESCALATE,1,N,2026-01-19 10:00:00,batch_003,workqueue_actions_batch_003.csv
53715,4401,1,2026-01-18,REVIEW,2,Y,2026-01-19 10:00:00,batch_003,workqueue_actions_batch_003.csv
53716,4817,7,2026-01-16,NOTE,1,N,2026-01-19 10:00:00,batch_003,workqueue_actions_batch_003.csv
53717,4543,20,2026-01-17,CALL,3,N,2026-01-19 10:00:00,batch_003,workqueue_actions_batch_003.csv
53718,2685,15,2026-01-14,REVIEW,0,N,2026-01-19 10:00:00,batch_003,workqueue_actions_batch_003.csv
53719,4504,19,2026-01-16,REVIEW,0,Y,2026-01-19 10:00:00,batch_003,workqueue_actions_batch_003.csv
53720,4873,1,2026-01-19,REVIEW,4,Y,2026-01-19 10:00:00,batch_003,workqueue_actions_batch_003.csv
53721,4652,14,2026-01-14,ESCALATE,0,Y,2026-01-19 10:00:00,batch_003,workqueue_actions_batch_003.csv
53722,3621,1,2026-01-17,ESCALATE,4,Y,2026-01-19 10:00:00,batch_003,workqueue_actions_batch_003.csv
53723,4930,16,2026-01-17,NOTE,1,N,2026-01-19 10:00:00,batch_003,workqueue_actions_batch_003.csv
53724,4634,5,2026-01-19,ESCALATE,2,N,2026-01-19 10:00:00,batch_003,workqueue_actions_batch_003.csv
53725,4765,3,2026-01-19,NOTE,2,N,2026-01-19 10:00:00,batch_003,workqueue_actions_batch_003.csv
53726,1602,11,2026-01-17,CALL,1,N,2026-01-19 10:00:00,batch_003,workqueue_actions_batch_003.csv
53727,1843,20,2026-01-17,REVIEW,0,N,2026-01-19 10:00:00,batch_003,workqueue_actions_batch_003.csv
53728,3278,19,2026-01-16,CALL,0,N,2026-01-19 10:00:00,batch_003,workqueue_actions_batch_003.csv
53729,5357,6,2026-01-17,CALL,2,N,2026-01-19 10:00:00,batch_003,workqueue_actions_batch_003.csv
53730,4434,19,2026-01-18,CALL,2,Y,2026-01-19 10:00:00,batch_003,workqueue_actions_batch_003.csv
53731,4310,5,2026-01-15,REVIEW,1,N,2026-01-19 10:00:00,batch_003,workqueue_actions_batch_003.csv
53732,5032,8,2026-01-19,REVIEW,1,Y,2026-01-19 10:00:00,batch_003,workqueue_actions_batch_003.csv
53733,2035,20,2026-01-19,NOTE,4,N,2026-01-19 10:00:00,batch_003,workqueue_actions_batch_003.csv
53734,3185,1,2026-01-19,CALL,3,Y,2026-01-19 10:00:00,batch_003,workqueue_actions_batch_003.csv
53735,4802,8,2026-01-16,NOTE,1,Y,2026-01-19 10:00:00,batch_003,workqueue_actions_batch_003.csv
53736,1687,3,2026-01-15,CALL,1,Y,2026-01-19 10:00:00,batch_003,workqueue_actions_batch_003.csv
53737,2071,16,2026-01-16,NOTE,3,N,2026-01-19 10:00:00,batch_003,workqueue_actions_batch_003.csv
53738,4199,13,2026-01-17,CALL,3,N,2026-01-19 10:00:00,batch_003,workqueue_actions_batch_003.csv
53739,3075,2,2026-01-14,CALL,4,N,2026-01-19 10:00:00,batch_003,workqueue_actions_batch_003.csv
53740,5429,11,2026-01-15,CALL,4,Y,2026-01-19 10:00:00,batch_003,workqueue_actions_batch_003.csv
53741,2577,13,2026-01-16,CALL,2,N,2026-01-19 10:00:00,batch_003,workqueue_actions_batch_003.csv
53742,4967,17,2026-01-16,CALL,4,Y,2026-01-19 10:00:00,batch_003,workqueue_actions_batch_003.csv
53743,3900,1,2026-01-18,NOTE,2,N,2026-01-19 10:00:00,batch_003,workqueue_actions_batch_003.csv
53744,1860,14,2026-01-15,REVIEW,0,N,2026-01-19 10:00:00,batch_003,workqueue_actions_batch_003.csv
53745,5158,9,2026-01-19,NOTE,0,N,2026-01-19 10:00:00,batch_003,workqueue_actions_batch_003.csv
53746,1965,5,2026-01-17,REVIEW,1,N,2026-01-19 10:00:00,batch_003,workqueue_actions_batch_003.csv
53747,2194,10,2026-01-17,NOTE,2,Y,2026-01-19 10:00:00,batch_003,workqueue_actions_batch_003.csv
53748,4058,4,2026-01-16,ESCALATE,4,Y,2026-01-19 10:00:00,batch_003,workqueue_actions_batch_003.csv
53749,4133,9,2026-01-18,ESCALATE,2,N,2026-01-19 10:00:00,batch_003,workqueue_actions_batch_003.csv
53750,3976,16,2026-01-19,NOTE,2,Y,2026-01-19 10:00:00,batch_003,workqueue_actions_batch_003.csv
53751,3357,12,2026-01-18,CALL,1,Y,2026-01-19 10:00:00,batch_003,workqueue_actions_batch_003.csv
53752,4454,14,2026-01-16,NOTE,0,Y,2026-01-19 10:00:00,batch_003,workqueue_actions_batch_003.csv
53753,5387,4,2026-01-14,CALL,3,Y,2026-01-19 10:00:00,batch_003,workqueue_actions_batch_003.csv
53754,3467,14,2026-01-15,ESCALATE,2,N,2026-01-19 10:00:00,batch_003,workqueue_actions_batch_003.csv
53755,4835,13,2026-01-19,CALL,3,Y,2026-01-19 10:00:00,batch_003,workqueue_actions_batch_003.csv
53756,2434,17,2026-01-18,ESCALATE,0,N,2026-01-19 10:00:00,batch_003,workqueue_actions_batch_003.csv
53757,1310,13,2026-01-15,REVIEW,0,N,2026-01-19 10:00:00,batch_003,workqueue_actions_batch_003.csv
53758,1929,9,2026-01-19,ESCALATE,4,N,2026-01-19 10:00:00,batch_003,workqueue_actions_batch_003.csv
53759,5472,14,2026-01-15,REVIEW,1,N,2026-01-19 10:00:00,batch_003,workqueue_actions_batch_003.csv
53760,1134,10,2026-01-15,CALL,4,N,2026-01-19 10:00:00,batch_003,workqueue_actions_batch_003.csv
53761,4606,6,2026-01-18,REVIEW,4,Y,2026-01-19 10:00:00,batch_003,workqueue_actions_batch_003.csv
53762,1212,4,2026-01-16,REVIEW,3,N,2026-01-19 10:00:00,batch_003,workqueue_actions_batch_003.csv
53763,2216,19,2026-01-17,CALL,3,Y,2026-01-19 10:00:00,batch_003,workqueue_actions_batch_003.csv
53764,1610,15,2026-01-16,NOTE,0,N,2026-01-19 10:00:00,batch_003,workqueue_actions_batch_003.csv
53765,3926,5,2026-01-14,REVIEW,4,N,2026-01-19 10:00:00,batch_003,workqueue_actions_batch_003.csv
53766,5206,7,2026-01-14,CALL,1,Y,2026-01-19 10:00:00,batch_003,workqueue_actions_batch_003.csv
53767,2410,3,2026-01-19,REVIEW,1,N,2026-01-19 10:00:00,batch_003,workqueue_actions_batch_003.csv
53768,2626,12,2026-01-14,REVIEW,0,Y,2026-01-19 10:00:00,batch_003,workqueue_actions_batch_003.csv
53769,2383,19,2026-01-18,NOTE,2,N,2026-01-19 10:00:00,batch_003,workqueue_actions_batch_003.csv
53770,5113,7,2026-01-18,NOTE,2,N,2026-01-19 10:00:00,batch_003,workqueue_actions_batch_003.csv
53771,5457,10,2026-01-14,CALL,4,Y,2026-01-19 10:00:00,batch_003,workqueue_actions_batch_003.csv
53772,1228,8,2026-01-19,REVIEW,0,N,2026-01-19 10:00:00,batch_003,workqueue_actions_batch_003.csv
53773,3623,12,2026-01-14,NOTE,4,N,2026-01-19 10:00:00,batch_003,workqueue_actions_batch_003.csv
53774,4371,11,2026-01-19,ESCALATE,0,Y,2026-01-19 10:00:00,batch_003,workqueue_actions_batch_003.csv
53775,1672,20,2026-01-14,NOTE,1,Y,2026-01-19 10:00:00,batch_003,workqueue_actions_batch_003.csv
53776,1664,5,2026-01-15,CALL,4,Y,2026-01-19 10:00:00,batch_003,workqueue_actions_batch_003.csv
53777,4848,12,2026-01-16,REVIEW,1,Y,2026-01-19 10:00:00,batch_003,workqueue_actions_batch_003.csv
53778,5297,18,2026-01-19,CALL,4,N,2026-01-19 10:00:00,batch_003,workqueue_actions_batch_003.csv
53779,3932,19,2026-01-14,REVIEW,3,N,2026-01-19 10:00:00,batch_003,workqueue_actions_batch_003.csv
53780,2569,11,2026-01-14,CALL,3,Y,2026-01-19 10:00:00,batch_003,workqueue_actions_batch_003.csv
53781,4113,20,2026-01-15,ESCALATE,1,N,2026-01-19 10:00:00,batch_003,workqueue_actions_batch_003.csv
53782,5296,20,2026-01-16,NOTE,1,N,2026-01-19 10:00:00,batch_003,workqueue_actions_batch_003.csv
53783,2747,17,2026-01-16,ESCALATE,0,N,2026-01-19 10:00:00,batch_003,workqueue_actions_batch_003.csv
53784,4617,4,2026-01-16,REVIEW,4,Y,2026-01-19 10:00:00,batch_003,workqueue_actions_batch_003.csv
53785,3791,5,2026-01-16,ESCALATE,3,Y,2026-01-19 10:00:00,batch_003,workqueue_actions_batch_003.csv
53786,3363,19,2026-01-19,REVIEW,0,Y,2026-01-19 10:00:00,batch_003,workqueue_actions_batch_003.csv
53787,4191,11,2026-01-18,CALL,3,N,2026-01-19 10:00:00,batch_003,workqueue_actions_batch_003.csv
53788,3783,15,2026-01-18,CALL,1,Y,2026-01-19 10:00:00,batch_003,workqueue_actions_batch_003.csv
53789,2287,20,2026-01-19,NOTE,2,N,2026-01-19 10:00:00,batch_003,workqueue_actions_batch_003.csv
53790,4056,11,2026-01-18,REVIEW,0,Y,2026-01-19 10:00:00,batch_003,workqueue_actions_batch_003.csv
53791,4609,5,2026-01-17,CALL,3,Y,2026-01-19 10:00:00,batch_003,workqueue_actions_batch_003.csv
53792,4173,3,2026-01-19,NOTE,2,Y,2026-01-19 10:00:00,batch_003,workqueue_actions_batch_003.csv
53793,4189,8,2026-01-17,CALL,2,Y,2026-01-19 10:00:00,batch_003,workqueue_actions_batch_003.csv
53794,2955,4,2026-01-16,ESCALATE,1,Y,2026-01-19 10:00:00,batch_003,workqueue_actions_batch_003.csv
53795,1058,9,2026-01-14,CALL,0,Y,2026-01-19 10:00:00,batch_003,workqueue_actions_batch_003.csv
53796,1311,3,2026-01-15,ESCALATE,1,N,2026-01-19 10:00:00,batch_003,workqueue_actions_batch_003.csv
53797,3468,12,2026-01-18,NOTE,3,Y,2026-01-19 10:00:00,batch_003,workqueue_actions_batch_003.csv
53798,3842,16,2026-01-19,NOTE,1,Y,2026-01-19 10:00:00,batch_003,workqueue_actions_batch_003.csv
53799,4913,16,2026-01-19,ESCALATE,4,Y,2026-01-19 10:00:00,batch_003,workqueue_actions_batch_003.csv
53800,1590,8,2026-01-16,NOTE,0,N,2026-01-19 10:00:00,batch_003,workqueue_actions_batch_003.csv
53801,2875,18,2026-01-18,NOTE,4,Y,2026-01-19 10:00:00,batch_003,workqueue_actions_batch_003.csv
53802,2051,19,2026-01-15,REVIEW,3,N,2026-01-19 10:00:00,batch_003,workqueue_actions_batch_003.csv
53803,3782,3,2026-01-15,REVIEW,3,Y,2026-01-19 10:00:00,batch_003,workqueue_actions_batch_003.csv
53804,5031,16,2026-01-17,REVIEW,4,Y,2026-01-19 10:00:00,batch_003,workqueue_actions_batch_003.csv
53805,1003,7,2026-01-15,REVIEW,2,N,2026-01-19 10:00:00,batch_003,workqueue_actions_batch_003.csv
53806,2954,4,2026-01-17,NOTE,1,Y,2026-01-19 10:00:00,batch_003,workqueue_actions_batch_003.csv
53807,4358,10,2026-01-19,REVIEW,1,Y,2026-01-19 10:00:00,batch_003,workqueue_actions_batch_003.csv
53808,4502,3,2026-01-19,REVIEW,2,N,2026-01-19 10:00:00,batch_003,workqueue_actions_batch_003.csv
53809,5292,16,2026-01-16,ESCALATE,1,N,2026-01-19 10:00:00,batch_003,workqueue_actions_batch_003.csv
53810,2730,1,2026-01-17,CALL,4,Y,2026-01-19 10:00:00,batch_003,workqueue_actions_batch_003.csv
53811,3775,14,2026-01-17,ESCALATE,2,N,2026-01-19 10:00:00,batch_003,workqueue_actions_batch_003.csv
53812,2429,19,2026-01-19,CALL,2,Y,2026-01-19 10:00:00,batch_003,workqueue_actions_batch_003.csv
53813,1211,1,2026-01-19,ESCALATE,3,N,2026-01-19 10:00:00,batch_003,workqueue_actions_batch_003.csv
53814,5337,6,2026-01-17,CALL,3,N,2026-01-19 10:00:00,batch_003,workqueue_actions_batch_003.csv
53815,4930,6,2026-01-15,NOTE,0,N,2026-01-19 10:00:00,batch_003,workqueue_actions_batch_003.csv
53816,2697,15,2026-01-18,REVIEW,3,N,2026-01-19 10:00:00,batch_003,workqueue_actions_batch_003.csv
53817,4199,4,2026-01-17,REVIEW,1,Y,2026-01-19 10:00:00,batch_003,workqueue_actions_batch_003.csv
53818,2374,7,2026-01-19,CALL,4,N,2026-01-19 10:00:00,batch_003,workqueue_actions_batch_003.csv
53819,3174,3,2026-01-16,ESCALATE,0,Y,2026-01-19 10:00:00,batch_003,workqueue_actions_batch_003.csv
53820,4098,1,2026-01-17,ESCALATE,3,Y,2026-01-19 10:00:00,batch_003,workqueue_actions_batch_003.csv
53821,2536,3,2026-01-19,REVIEW,1,Y,2026-01-19 10:00:00,batch_003,workqueue_actions_batch_003.csv
53822,4513,3,2026-01-18,ESCALATE,1,N,2026-01-19 10:00:00,batch_003,workqueue_actions_batch_003.csv
53823,3704,20,2026-01-18,CALL,0,Y,2026-01-19 10:00:00,batch_003,workqueue_actions_batch_003.csv
53824,3488,17,2026-01-16,REVIEW,4,N,2026-01-19 10:00:00,batch_003,workqueue_actions_batch_003.csv
53825,1217,15,2026-01-19,NOTE,4,Y,2026-01-19 10:00:00,batch_003,workqueue_actions_batch_003.csv
53826,1064,16,2026-01-15,CALL,2,Y,2026-01-19 10:00:00,batch_003,workqueue_actions_batch_003.csv
53827,4266,12,2026-01-19,CALL,3,Y,2026-01-19 10:00:00,batch_003,workqueue_actions_batch_003.csv
53828,3874,9,2026-01-16,NOTE,4,Y,2026-01-19 10:00:00,batch_003,workqueue_actions_batch_003.csv
53829,4905,13,2026-01-14,CALL,4,N,2026-01-19 10:00:00,batch_003,workqueue_actions_batch_003.csv
53830,5114,8,2026-01-15,REVIEW,0,Y,2026-01-19 10:00:00,batch_003,workqueue_actions_batch_003.csv
53831,2323,15,2026-01-15,ESCALATE,3,Y,2026-01-19 10:00:00,batch_003,workqueue_actions_batch_003.csv
53832,4280,14,2026-01-18,REVIEW,0,N,2026-01-19 10:00:00,batch_003,workqueue_actions_batch_003.csv
53833,1072,6,2026-01-18,ESCALATE,3,N,2026-01-19 10:00:00,batch_003,workqueue_actions_batch_003.csv
53834,5150,18,2026-01-15,ESCALATE,3,N,2026-01-19 10:00:00,batch_003,workqueue_actions_batch_003.csv
53835,1013,4,2026-01-16,NOTE,1,Y,2026-01-19 10:00:00,batch_003,workqueue_actions_batch_003.csv
53836,5434,6,2026-01-17,NOTE,3,N,2026-01-19 10:00:00,batch_003,workqueue_actions_batch_003.csv
53837,4966,16,2026-01-16,REVIEW,0,Y,2026-01-19 10:00:00,batch_003,workqueue_actions_batch_003.csv
53838,4556,7,2026-01-15,CALL,4,N,2026-01-19 10:00:00,batch_003,workqueue_actions_batch_003.csv
53839,2845,6,2026-01-16,CALL,1,Y,2026-01-19 10:00:00,batch_003,workqueue_actions_batch_003.csv
53840,5357,8,2026-01-14,NOTE,1,Y,2026-01-19 10:00:00,batch_003,workqueue_actions_batch_003.csv
53841,1059,10,2026-01-15,NOTE,3,Y,2026-01-19 10:00:00,batch_003,workqueue_actions_batch_003.csv
53842,5415,9,2026-01-15,NOTE,4,N,2026-01-19 10:00:00,batch_003,workqueue_actions_batch_003.csv
53843,1821,13,2026-01-19,NOTE,2,N,2026-01-19 10:00:00,batch_003,workqueue_actions_batch_003.csv
53844,2613,18,2026-01-15,REVIEW,1,N,2026-01-19 10:00:00,batch_003,workqueue_actions_batch_003.csv
53845,4078,13,2026-01-17,ESCALATE,3,Y,2026-01-19 10:00:00,batch_003,workqueue_actions_batch_003.csv
53846,4734,16,2026-01-18,REVIEW,1,Y,2026-01-19 10:00:00,batch_003,workqueue_actions_batch_003.csv
53847,4208,5,2026-01-19,NOTE,1,Y,2026-01-19 10:00:00,batch_003,workqueue_actions_batch_003.csv
53848,2870,20,2026-01-18,NOTE,2,N,2026-01-19 10:00:00,batch_003,workqueue_actions_batch_003.csv
53849,5317,18,2026-01-17,ESCALATE,4,N,2026-01-19 10:00:00,batch_003,workqueue_actions_batch_003.csv
53850,3168,13,2026-01-18,NOTE,1,Y,2026-01-19 10:00:00,batch_003,workqueue_actions_batch_003.csv
53851,2150,13,2026-01-16,REVIEW,4,Y,2026-01-19 10:00:00,batch_003,workqueue_actions_batch_003.csv
53852,3002,13,2026-01-15,NOTE,3,Y,2026-01-19 10:00:00,batch_003,workqueue_actions_batch_003.csv
53853,3948,11,2026-01-14,NOTE,1,N,2026-01-19 10:00:00,batch_003,workqueue_actions_batch_003.csv
53854,5322,18,2026-01-14,NOTE,4,Y,2026-01-19 10:00:00,batch_003,workqueue_actions_batch_003.csv
53855,2295,14,2026-01-14,ESCALATE,4,Y,2026-01-19 10:00:00,batch_003,workqueue_actions_batch_003.csv
53856,1966,18,2026-01-19,REVIEW,1,N,2026-01-19 10:00:00,batch_003,workqueue_actions_batch_003.csv
53857,1129,7,2026-01-14,ESCALATE,4,Y,2026-01-19 10:00:00,batch_003,workqueue_actions_batch_003.csv
53858,5184,2,2026-01-16,ESCALATE,1,N,2026-01-19 10:00:00,batch_003,workqueue_actions_batch_003.csv
53859,2143,8,2026-01-18,REVIEW,3,Y,2026-01-19 10:00:00,batch_003,workqueue_actions_batch_003.csv
53860,2515,8,2026-01-19,REVIEW,1,Y,2026-01-19 10:00:00,batch_003,workqueue_actions_batch_003.csv
53861,4847,11,2026-01-15,NOTE,3,N,2026-01-19 10:00:00,batch_003,workqueue_actions_batch_003.csv
53862,2503,19,2026-01-16,CALL,4,N,2026-01-19 10:00:00,batch_003,workqueue_actions_batch_003.csv
53863,3444,5,2026-01-18,ESCALATE,0,N,2026-01-19 10:00:00,batch_003,workqueue_actions_batch_003.csv
53864,2792,8,2026-01-19,CALL,4,N,2026-01-19 10:00:00,batch_003,workqueue_actions_batch_003.csv
53865,2725,17,2026-01-15,NOTE,2,Y,2026-01-19 10:00:00,batch_003,workqueue_actions_batch_003.csv
53866,3892,14,2026-01-14,NOTE,2,N,2026-01-19 10:00:00,batch_003,workqueue_actions_batch_003.csv
53867,5413,4,2026-01-15,ESCALATE,2,N,2026-01-19 10:00:00,batch_003,workqueue_actions_batch_003.csv
53868,2635,6,2026-01-19,REVIEW,1,Y,2026-01-19 10:00:00,batch_003,workqueue_actions_batch_003.csv
53869,5191,15,2026-01-19,REVIEW,2,N,2026-01-19 10:00:00,batch_003,workqueue_actions_batch_003.csv
53870,5278,16,2026-01-16,ESCALATE,1,N,2026-01-19 10:00:00,batch_003,workqueue_actions_batch_003.csv
53871,3544,17,2026-01-16,NOTE,0,Y,2026-01-19 10:00:00,batch_003,workqueue_actions_batch_003.csv
53872,4557,10,2026-01-15,CALL,2,N,2026-01-19 10:00:00,batch_003,workqueue_actions_batch_003.csv
53873,2458,17,2026-01-14,CALL,0,N,2026-01-19 10:00:00,batch_003,workqueue_actions_batch_003.csv
53874,3759,18,2026-01-16,REVIEW,4,Y,2026-01-19 10:00:00,batch_003,workqueue_actions_batch_003.csv
53875,3479,18,2026-01-17,ESCALATE,2,N,2026-01-19 10:00:00,batch_003,workqueue_actions_batch_003.csv
53876,1229,2,2026-01-14,CALL,4,Y,2026-01-19 10:00:00,batch_003,workqueue_actions_batch_003.csv
53877,5083,15,2026-01-16,NOTE,3,Y,2026-01-19 10:00:00,batch_003,workqueue_actions_batch_003.csv
53878,4183,12,2026-01-16,ESCALATE,2,N,2026-01-19 10:00:00,batch_003,workqueue_actions_batch_003.csv
53879,1320,6,2026-01-14,NOTE,2,Y,2026-01-19 10:00:00,batch_003,workqueue_actions_batch_003.csv
53880,4234,9,2026-01-19,ESCALATE,1,N,2026-01-19 10:00:00,batch_003,workqueue_actions_batch_003.csv
53881,1650,2,2026-01-17,ESCALATE,3,N,2026-01-19 10:00:00,batch_003,workqueue_actions_batch_003.csv
53882,1743,5,2026-01-17,CALL,0,Y,2026-01-19 10:00:00,batch_003,workqueue_actions_batch_003.csv
53883,2095,2,2026-01-18,REVIEW,2,Y,2026-01-19 10:00:00,batch_003,workqueue_actions_batch_003.csv
53884,4937,19,2026-01-16,ESCALATE,0,N,2026-01-19 10:00:00,batch_003,workqueue_actions_batch_003.csv
53885,2007,9,2026-01-19,NOTE,0,Y,2026-01-19 10:00:00,batch_003,workqueue_actions_batch_003.csv
53886,3492,13,2026-01-19,ESCALATE,1,N,2026-01-19 10:00:00,batch_003,workqueue_actions_batch_003.csv
53887,1658,13,2026-01-16,REVIEW,2,N,2026-01-19 10:00:00,batch_003,workqueue_actions_batch_003.csv
53888,3535,12,2026-01-15,ESCALATE,0,N,2026-01-19 10:00:00,batch_003,workqueue_actions_batch_003.csv
53889,4863,14,2026-01-19,ESCALATE,0,N,2026-01-19 10:00:00,batch_003,workqueue_actions_batch_003.csv
53890,1394,7,2026-01-19,ESCALATE,2,Y,2026-01-19 10:00:00,batch_003,workqueue_actions_batch_003.csv
53891,2809,17,2026-01-18,REVIEW,1,N,2026-01-19 10:00:00,batch_003,workqueue_actions_batch_003.csv
53892,4701,13,2026-01-14,NOTE,3,N,2026-01-19 10:00:00,batch_003,workqueue_actions_batch_003.csv
53893,3933,11,2026-01-17,NOTE,0,Y,2026-01-19 10:00:00,batch_003,workqueue_actions_batch_003.csv
53894,5394,19,2026-01-19,ESCALATE,3,Y,2026-01-19 10:00:00,batch_003,workqueue_actions_batch_003.csv
53895,2769,14,2026-01-14,REVIEW,3,N,2026-01-19 10:00:00,batch_003,workqueue_actions_batch_003.csv
53896,2672,12,2026-01-14,CALL,0,Y,2026-01-19 10:00:00,batch_003,workqueue_actions_batch_003.csv
53897,1723,2,2026-01-16,CALL,3,N,2026-01-19 10:00:00,batch_003,workqueue_actions_batch_003.csv
53898,2818,11,2026-01-17,REVIEW,3,N,2026-01-19 10:00:00,batch_003,workqueue_actions_batch_003.csv
53899,3523,18,2026-01-19,CALL,3,Y,2026-01-19 10:00:00,batch_003,workqueue_actions_batch_003.csv
53900,4320,3,2026-01-16,ESCALATE,3,N,2026-01-19 10:00:00,batch_003,workqueue_actions_batch_003.csv
53901,2932,20,2026-01-18,REVIEW,2,N,2026-01-19 10:00:00,batch_003,workqueue_actions_batch_003.csv
53902,3257,5,2026-01-18,NOTE,3,N,2026-01-19 10:00:00,batch_003,workqueue_actions_batch_003.csv
53903,2493,11,2026-01-16,NOTE,0,Y,2026-01-19 10:00:00,batch_003,workqueue_actions_batch_003.csv
53904,3803,6,2026-01-17,CALL,0,Y,2026-01-19 10:00:00,batch_003,workqueue_actions_batch_003.csv
53905,3141,3,2026-01-16,REVIEW,0,N,2026-01-19 10:00:00,batch_003,workqueue_actions_batch_003.csv
53906,1453,14,2026-01-14,REVIEW,0,Y,2026-01-19 10:00:00,batch_003,workqueue_actions_batch_003.csv
53907,4321,18,2026-01-15,CALL,3,Y,2026-01-19 10:00:00,batch_003,workqueue_actions_batch_003.csv
53908,5056,4,2026-01-15,REVIEW,0,N,2026-01-19 10:00:00,batch_003,workqueue_actions_batch_003.csv
53909,4149,14,2026-01-16,NOTE,1,Y,2026-01-19 10:00:00,batch_003,workqueue_actions_batch_003.csv
53910,2199,3,2026-01-15,NOTE,2,Y,2026-01-19 10:00:00,batch_003,workqueue_actions_batch_003.csv
53911,2131,8,2026-01-19,REVIEW,3,N,2026-01-19 10:00:00,batch_003,workqueue_actions_batch_003.csv
53912,1924,6,2026-01-14,ESCALATE,0,N,2026-01-19 10:00:00,batch_003,workqueue_actions_batch_003.csv
53913,2268,12,2026-01-19,NOTE,1,N,2026-01-19 10:00:00,batch_003,workqueue_actions_batch_003.csv
53914,3508,2,2026-01-16,REVIEW,4,Y,2026-01-19 10:00:00,batch_003,workqueue_actions_batch_003.csv
53915,1046,2,2026-01-16,ESCALATE,2,Y,2026-01-19 10:00:00,batch_003,workqueue_actions_batch_003.csv
53916,1036,3,2026-01-14,CALL,2,N,2026-01-19 10:00:00,batch_003,workqueue_actions_batch_003.csv
53917,1920,3,2026-01-19,ESCALATE,1,N,2026-01-19 10:00:00,batch_003,workqueue_actions_batch_003.csv
53918,4229,15,2026-01-16,NOTE,3,N,2026-01-19 10:00:00,batch_003,workqueue_actions_batch_003.csv
53919,5467,8,2026-01-19,CALL,1,Y,2026-01-19 10:00:00,batch_003,workqueue_actions_batch_003.csv
53920,3149,18,2026-01-19,NOTE,2,N,2026-01-19 10:00:00,batch_003,workqueue_actions_batch_003.csv
53921,1588,6,2026-01-14,NOTE,0,N,2026-01-19 10:00:00,batch_003,workqueue_actions_batch_003.csv
53922,2600,3,2026-01-17,REVIEW,2,N,2026-01-19 10:00:00,batch_003,workqueue_actions_batch_003.csv
53923,1991,12,2026-01-15,ESCALATE,4,N,2026-01-19 10:00:00,batch_003,workqueue_actions_batch_003.csv
53924,4103,11,2026-01-19,NOTE,0,Y,2026-01-19 10:00:00,batch_003,workqueue_actions_batch_003.csv
53925,4594,13,2026-01-16,CALL,2,Y,2026-01-19 10:00:00,batch_003,workqueue_actions_batch_003.csv
53926,3491,3,2026-01-16,REVIEW,0,Y,2026-01-19 10:00:00,batch_003,workqueue_actions_batch_003.csv
53927,1826,7,2026-01-17,CALL,2,N,2026-01-19 10:00:00,batch_003,workqueue_actions_batch_003.csv
53928,2652,17,2026-01-19,ESCALATE,2,N,2026-01-19 10:00:00,batch_003,workqueue_actions_batch_003.csv
53929,2365,11,2026-01-16,CALL,1,N,2026-01-19 10:00:00,batch_003,workqueue_actions_batch_003.csv
53930,4210,12,2026-01-17,NOTE,1,N,2026-01-19 10:00:00,batch_003,workqueue_actions_batch_003.csv
53931,2683,9,2026-01-14,ESCALATE,0,N,2026-01-19 10:00:00,batch_003,workqueue_actions_batch_003.csv
53932,4484,10,2026-01-17,ESCALATE,4,Y,2026-01-19 10:00:00,batch_003,workqueue_actions_batch_003.csv
53933,2646,17,2026-01-19,CALL,2,N,2026-01-19 10:00:00,batch_003,workqueue_actions_batch_003.csv
53934,4778,8,2026-01-14,ESCALATE,1,N,2026-01-19 10:00:00,batch_003,workqueue_actions_batch_003.csv
53935,2197,16,2026-01-19,NOTE,4,N,2026-01-19 10:00:00,batch_003,workqueue_actions_batch_003.csv
53936,1958,7,2026-01-16,ESCALATE,0,N,2026-01-19 10:00:00,batch_003,workqueue_actions_batch_003.csv
53937,4453,20,2026-01-14,ESCALATE,0,N,2026-01-19 10:00:00,batch_003,workqueue_actions_batch_003.csv
53938,3704,15,2026-01-15,CALL,4,Y,2026-01-19 10:00:00,batch_003,workqueue_actions_batch_003.csv
53939,3380,9,2026-01-19,REVIEW,0,N,2026-01-19 10:00:00,batch_003,workqueue_actions_batch_003.csv
53940,2448,19,2026-01-18,REVIEW,1,N,2026-01-19 10:00:00,batch_003,workqueue_actions_batch_003.csv
53941,3574,17,2026-01-18,ESCALATE,2,N,2026-01-19 10:00:00,batch_003,workqueue_actions_batch_003.csv
53942,2021,1,2026-01-14,CALL,1,Y,2026-01-19 10:00:00,batch_003,workqueue_actions_batch_003.csv
53943,2974,17,2026-01-19,NOTE,0,Y,2026-01-19 10:00:00,batch_003,workqueue_actions_batch_003.csv
53944,4908,18,2026-01-15,ESCALATE,0,Y,2026-01-19 10:00:00,batch_003,workqueue_actions_batch_003.csv
53945,3386,18,2026-01-15,CALL,3,Y,2026-01-19 10:00:00,batch_003,workqueue_actions_batch_003.csv
53946,5014,1,2026-01-14,CALL,3,N,2026-01-19 10:00:00,batch_003,workqueue_actions_batch_003.csv
53947,4117,11,2026-01-18,CALL,2,N,2026-01-19 10:00:00,batch_003,workqueue_actions_batch_003.csv
53948,4078,16,2026-01-19,REVIEW,2,N,2026-01-19 10:00:00,batch_003,workqueue_actions_batch_003.csv
53949,4533,20,2026-01-16,NOTE,1,N,2026-01-19 10:00:00,batch_003,workqueue_actions_batch_003.csv
53950,1884,1,2026-01-17,REVIEW,2,Y,2026-01-19 10:00:00,batch_003,workqueue_actions_batch_003.csv
53951,1945,4,2026-01-17,REVIEW,4,Y,2026-01-19 10:00:00,batch_003,workqueue_actions_batch_003.csv
53952,1498,13,2026-01-16,NOTE,3,N,2026-01-19 10:00:00,batch_003,workqueue_actions_batch_003.csv
53953,1605,5,2026-01-18,ESCALATE,2,N,2026-01-19 10:00:00,batch_003,workqueue_actions_batch_003.csv
53954,3766,14,2026-01-17,CALL,4,Y,2026-01-19 10:00:00,batch_003,workqueue_actions_batch_003.csv
53955,2376,7,2026-01-16,NOTE,2,N,2026-01-19 10:00:00,batch_003,workqueue_actions_batch_003.csv
53956,4267,12,2026-01-15,REVIEW,0,Y,2026-01-19 10:00:00,batch_003,workqueue_actions_batch_003.csv
53957,5222,4,2026-01-18,NOTE,0,N,2026-01-19 10:00:00,batch_003,workqueue_actions_batch_003.csv
53958,3013,10,2026-01-19,NOTE,3,Y,2026-01-19 10:00:00,batch_003,workqueue_actions_batch_003.csv
53959,4741,19,2026-01-16,NOTE,3,N,2026-01-19 10:00:00,batch_003,workqueue_actions_batch_003.csv
53960,5042,13,2026-01-15,NOTE,0,Y,2026-01-19 10:00:00,batch_003,workqueue_actions_batch_003.csv
53961,5313,13,2026-01-18,REVIEW,1,Y,2026-01-19 10:00:00,batch_003,workqueue_actions_batch_003.csv
53962,1297,3,2026-01-19,ESCALATE,4,N,2026-01-19 10:00:00,batch_003,workqueue_actions_batch_003.csv
53963,4469,6,2026-01-14,REVIEW,2,Y,2026-01-19 10:00:00,batch_003,workqueue_actions_batch_003.csv
53964,3670,3,2026-01-16,CALL,4,N,2026-01-19 10:00:00,batch_003,workqueue_actions_batch_003.csv
53965,3486,1,2026-01-19,NOTE,3,Y,2026-01-19 10:00:00,batch_003,workqueue_actions_batch_003.csv
53966,1444,13,2026-01-19,NOTE,2,Y,2026-01-19 10:00:00,batch_003,workqueue_actions_batch_003.csv
53967,1540,2,2026-01-17,REVIEW,0,Y,2026-01-19 10:00:00,batch_003,workqueue_actions_batch_003.csv
53968,2527,12,2026-01-18,ESCALATE,4,N,2026-01-19 10:00:00,batch_003,workqueue_actions_batch_003.csv
53969,4726,18,2026-01-17,REVIEW,1,N,2026-01-19 10:00:00,batch_003,workqueue_actions_batch_003.csv
53970,1883,12,2026-01-16,ESCALATE,0,N,2026-01-19 10:00:00,batch_003,workqueue_actions_batch_003.csv
53971,4289,3,2026-01-16,NOTE,3,N,2026-01-19 10:00:00,batch_003,workqueue_actions_batch_003.csv
53972,3393,4,2026-01-14,REVIEW,3,Y,2026-01-19 10:00:00,batch_003,workqueue_actions_batch_003.csv
53973,3817,1,2026-01-17,REVIEW,4,Y,2026-01-19 10:00:00,batch_003,workqueue_actions_batch_003.csv
53974,4115,4,2026-01-14,ESCALATE,0,Y,2026-01-19 10:00:00,batch_003,workqueue_actions_batch_003.csv
53975,3193,1,2026-01-18,ESCALATE,4,N,2026-01-19 10:00:00,batch_003,workqueue_actions_batch_003.csv
53976,2034,6,2026-01-16,NOTE,4,N,2026-01-19 10:00:00,batch_003,workqueue_actions_batch_003.csv
53977,3767,6,2026-01-16,ESCALATE,0,N,2026-01-19 10:00:00,batch_003,workqueue_actions_batch_003.csv
53978,2821,12,2026-01-14,ESCALATE,4,Y,2026-01-19 10:00:00,batch_003,workqueue_actions_batch_003.csv
53979,1234,12,2026-01-17,NOTE,3,N,2026-01-19 10:00:00,batch_003,workqueue_actions_batch_003.csv
53980,1235,15,2026-01-19,CALL,1,N,2026-01-19 10:00:00,batch_003,workqueue_actions_batch_003.csv
53981,1607,9,2026-01-14,NOTE,0,N,2026-01-19 10:00:00,batch_003,workqueue_actions_batch_003.csv
53982,3221,2,2026-01-16,NOTE,1,Y,2026-01-19 10:00:00,batch_003,workqueue_actions_batch_003.csv
53983,2085,10,2026-01-14,NOTE,0,N,2026-01-19 10:00:00,batch_003,workqueue_actions_batch_003.csv
53984,4158,19,2026-01-15,REVIEW,3,N,2026-01-19 10:00:00,batch_003,workqueue_actions_batch_003.csv
53985,2189,17,2026-01-14,CALL,4,N,2026-01-19 10:00:00,batch_003,workqueue_actions_batch_003.csv
53986,3880,7,2026-01-19,REVIEW,4,Y,2026-01-19 10:00:00,batch_003,workqueue_actions_batch_003.csv
53987,2539,10,2026-01-17,NOTE,3,N,2026-01-19 10:00:00,batch_003,workqueue_actions_batch_003.csv
53988,3562,8,2026-01-19,CALL,0,Y,2026-01-19 10:00:00,batch_003,workqueue_actions_batch_003.csv
53989,2480,1,2026-01-15,REVIEW,4,N,2026-01-19 10:00:00,batch_003,workqueue_actions_batch_003.csv
53990,2306,20,2026-01-16,REVIEW,4,N,2026-01-19 10:00:00,batch_003,workqueue_actions_batch_003.csv
53991,4852,17,2026-01-17,CALL,3,Y,2026-01-19 10:00:00,batch_003,workqueue_actions_batch_003.csv
53992,3937,2,2026-01-16,CALL,3,N,2026-01-19 10:00:00,batch_003,workqueue_actions_batch_003.csv
53993,2402,2,2026-01-19,REVIEW,4,Y,2026-01-19 10:00:00,batch_003,workqueue_actions_batch_003.csv
53994,4290,13,2026-01-16,REVIEW,3,Y,2026-01-19 10:00:00,batch_003,workqueue_actions_batch_003.csv
53995,4520,11,2026-01-18,REVIEW,0,N,2026-01-19 10:00:00,batch_003,workqueue_actions_batch_003.csv
53996,3897,19,2026-01-17,ESCALATE,3,N,2026-01-19 10:00:00,batch_003,workqueue_actions_batch_003.csv
53997,3955,11,2026-01-15,REVIEW,0,N,2026-01-19 10:00:00,batch_003,workqueue_actions_batch_003.csv
53998,3131,12,2026-01-17,NOTE,1,Y,2026-01-19 10:00:00,batch_003,workqueue_actions_batch_003.csv
53999,4029,2,2026-01-18,REVIEW,0,N,2026-01-19 10:00:00,batch_003,workqueue_actions_batch_003.csv
54000,1207,8,2026-01-17,ESCALATE,3,Y,2026-01-19 10:00:00,batch_003,workqueue_actions_batch_003.csv
