action_id,account_id,collector_id,action_date,action_type,note_count,worked_flag,load_ts,batch_id,src_file_name
45001,2465,6,2026-01-09,CALL,0,N,2026-01-12 10:00:00,batch_002,workqueue_actions_batch_002.csv
45002,4637,12,2026-01-12,REVIEW,3,N,2026-01-12 10:00:00,batch_002,workqueue_actions_batch_002.csv
45003,1489,17,2026-01-06,CALL,0,N,2026-01-12 10:00:00,batch_002,workqueue_actions_batch_002.csv
45004,2754,11,2026-01-10,NOTE,1,N,2026-01-12 10:00:00,batch_002,workqueue_actions_batch_002.csv
45005,1294,12,2026-01-08,ESCALATE,4,N,2026-01-12 10:00:00,batch_002,workqueue_actions_batch_002.csv
45006,2435,3,2026-01-12,REVIEW,0,N,2026-01-12 10:00:00,batch_002,workqueue_actions_batch_002.csv
45007,3305,5,2026-01-06,NOTE,0,Y,2026-01-12 10:00:00,batch_002,workqueue_actions_batch_002.csv
45008,1271,6,2026-01-07,NOTE,2,Y,2026-01-12 10:00:00,batch_002,workqueue_actions_batch_002.csv
45009,2888,13,2026-01-06,CALL,2,Y,2026-01-12 10:00:00,batch_002,workqueue_actions_batch_002.csv
45010,2760,12,2026-01-08,CALL,1,N,2026-01-12 10:00:00,batch_002,workqueue_actions_batch_002.csv
45011,1203,1,2026-01-08,NOTE,4,N,2026-01-12 10:00:00,batch_002,workqueue_actions_batch_002.csv
45012,2217,3,2026-01-11,ESCALATE,4,Y,2026-01-12 10:00:00,batch_002,workqueue_actions_batch_002.csv
45013,1563,17,2026-01-12,CALL,1,N,2026-01-12 10:00:00,batch_002,workqueue_actions_batch_002.csv
45014,4091,14,2026-01-09,NOTE,2,N,2026-01-12 10:00:00,batch_002,workqueue_actions_batch_002.csv
45015,2331,14,2026-01-11,ESCALATE,0,Y,2026-01-12 10:00:00,batch_002,workqueue_actions_batch_002.csv
45016,4215,15,2026-01-12,NOTE,1,Y,2026-01-12 10:00:00,batch_002,workqueue_actions_batch_002.csv
45017,1867,9,2026-01-06,REVIEW,1,N,2026-01-12 10:00:00,batch_002,workqueue_actions_batch_002.csv
45018,2437,5,2026-01-11,CALL,0,Y,2026-01-12 10:00:00,batch_002,workqueue_actions_batch_002.csv
45019,1773,14,2026-01-10,CALL,4,N,2026-01-12 10:00:00,batch_002,workqueue_actions_batch_002.csv
45020,2357,1,2026-01-06,ESCALATE,4,N,2026-01-12 10:00:00,batch_002,workqueue_actions_batch_002.csv
45021,3401,6,2026-01-07,ESCALATE,0,N,2026-01-12 10:00:00,batch_002,workqueue_actions_batch_002.csv
45022,3376,8,2026-01-10,ESCALATE,3,Y,2026-01-12 10:00:00,batch_002,workqueue_actions_batch_002.csv
45023,3461,13,2026-01-12,CALL,1,N,2026-01-12 10:00:00,batch_002,workqueue_actions_batch_002.csv
45024,4064,19,2026-01-09,NOTE,0,N,2026-01-12 10:00:00,batch_002,workqueue_actions_batch_002.csv
45025,4143,13,2026-01-06,NOTE,1,Y,2026-01-12 10:00:00,batch_002,workqueue_actions_batch_002.csv
45026,4419,5,2026-01-09,ESCALATE,3,N,2026-01-12 10:00:00,batch_002,workqueue_actions_batch_002.csv
45027,3845,14,2026-01-07,REVIEW,4,Y,2026-01-12 10:00:00,batch_002,workqueue_actions_batch_002.csv
45028,1807,13,2026-01-10,CALL,3,N,2026-01-12 10:00:00,batch_002,workqueue_actions_batch_002.csv
45029,5040,1,2026-01-11,REVIEW,4,Y,2026-01-12 10:00:00,batch_002,workqueue_actions_batch_002.csv
45030,3726,4,2026-01-07,REVIEW,3,Y,2026-01-12 10:00:00,batch_002,workqueue_actions_batch_002.csv
45031,2663,7,2026-01-05,CALL,2,N,2026-01-12 10:00:00,batch_002,workqueue_actions_batch_002.csv
45032,3029,16,2026-01-06,CALL,1,Y,2026-01-12 10:00:00,batch_002,workqueue_actions_batch_002.csv
45033,1408,16,2026-01-12,NOTE,2,Y,2026-01-12 10:00:00,batch_002,workqueue_actions_batch_002.csv
45034,4378,4,2026-01-07,ESCALATE,2,N,2026-01-12 10:00:00,batch_002,workqueue_actions_batch_002.csv
45035,2711,8,2026-01-12,NOTE,4,Y,2026-01-12 10:00:00,batch_002,workqueue_actions_batch_002.csv
45036,3404,14,2026-01-12,REVIEW,2,Y,2026-01-12 10:00:00,batch_002,workqueue_actions_batch_002.csv
45037,2421,6,2026-01-12,CALL,2,Y,2026-01-12 10:00:00,batch_002,workqueue_actions_batch_002.csv
45038,1372,11,2026-01-05,CALL,0,N,2026-01-12 10:00:00,batch_002,workqueue_actions_batch_002.csv
45039,2655,7,2026-01-09,REVIEW,4,Y,2026-01-12 10:00:00,batch_002,workqueue_actions_batch_002.csv
45040,3941,19,2026-01-12,ESCALATE,1,Y,2026-01-12 10:00:00,batch_002,workqueue_actions_batch_002.csv
45041,1711,19,2026-01-12,REVIEW,2,N,2026-01-12 10:00:00,batch_002,workqueue_actions_batch_002.csv
45042,4906,6,2026-01-07,REVIEW,3,Y,2026-01-12 10:00:00,batch_002,workqueue_actions_batch_002.csv
45043,3648,5,2026-01-11,ESCALATE,3,Y,2026-01-12 10:00:00,batch_002,workqueue_actions_batch_002.csv
45044,4136,12,2026-01-08,NOTE,0,Y,2026-01-12 10:00:00,batch_002,workqueue_actions_batch_002.csv
45045,3259,6,2026-01-09,CALL,0,Y,2026-01-12 10:00:00,batch_002,workqueue_actions_batch_002.csv
45046,2203,8,2026-01-12,NOTE,4,N,2026-01-12 10:00:00,batch_002,workqueue_actions_batch_002.csv
45047,1137,14,2026-01-09,REVIEW,2,Y,2026-01-12 10:00:00,batch_002,workqueue_actions_batch_002.csv
45048,5147,11,2026-01-07,ESCALATE,2,Y,2026-01-12 10:00:00,batch_002,workqueue_actions_batch_002.csv
45049,4994,4,2026-01-09,REVIEW,0,N,2026-01-12 10:00:00,batch_002,workqueue_actions_batch_002.csv
45050,2597,6,2026-01-09,REVIEW,1,N,2026-01-12 10:00:00,batch_002,workqueue_actions_batch_002.csv
45051,4846,16,2026-01-12,NOTE,4,N,2026-01-12 10:00:00,batch_002,workqueue_actions_batch_002.csv
45052,1120,16,2026-01-06,CALL,4,Y,2026-01-12 10:00:00,batch_002,workqueue_actions_batch_002.csv
45053,1319,19,2026-01-11,REVIEW,2,Y,2026-01-12 10:00:00,batch_002,workqueue_actions_batch_002.csv
45054,3235,16,2026-01-10,NOTE,3,Y,2026-01-12 10:00:00,batch_002,workqueue_actions_batch_002.csv
45055,1742,12,2026-01-10,CALL,2,Y,2026-01-12 10:00:00,batch_002,workqueue_actions_batch_002.csv
45056,1462,10,2026-01-09,CALL,4,N,2026-01-12 10:00:00,batch_002,workqueue_actions_batch_002.csv
45057,3547,17,2026-01-08,NOTE,2,N,2026-01-12 10:00:00,batch_002,workqueue_actions_batch_002.csv
45058,2215,20,2026-01-09,ESCALATE,0,Y,2026-01-12 10:00:00,batch_002,workqueue_actions_batch_002.csv
45059,1702,17,2026-01-07,CALL,3,N,2026-01-12 10:00:00,batch_002,workqueue_actions_batch_002.csv
45060,5144,1,2026-01-10,REVIEW,3,Y,2026-01-12 10:00:00,batch_002,workqueue_actions_batch_002.csv
45061,1108,12,2026-01-12,ESCALATE,1,N,2026-01-12 10:00:00,batch_002,workqueue_actions_batch_002.csv
45062,1566,3,2026-01-08,ESCALATE,1,N,2026-01-12 10:00:00,batch_002,workqueue_actions_batch_002.csv
45063,3497,7,2026-01-08,ESCALATE,3,N,2026-01-12 10:00:00,batch_002,workqueue_actions_batch_002.csv
45064,1356,16,2026-01-11,ESCALATE,1,Y,2026-01-12 10:00:00,batch_002,workqueue_actions_batch_002.csv
45065,3609,14,2026-01-12,ESCALATE,1,N,2026-01-12 10:00:00,batch_002,workqueue_actions_batch_002.csv
45066,1947,13,2026-01-09,ESCALATE,2,Y,2026-01-12 10:00:00,batch_002,workqueue_actions_batch_002.csv
45067,5146,15,2026-01-10,CALL,1,N,2026-01-12 10:00:00,batch_002,workqueue_actions_batch_002.csv
45068,3287,12,2026-01-12,REVIEW,1,Y,2026-01-12 10:00:00,batch_002,workqueue_actions_batch_002.csv
45069,2432,18,2026-01-09,REVIEW,1,Y,2026-01-12 10:00:00,batch_002,workqueue_actions_batch_002.csv
45070,3201,2,2026-01-12,REVIEW,0,Y,2026-01-12 10:00:00,batch_002,workqueue_actions_batch_002.csv
45071,2874,1,2026-01-05,NOTE,2,N,2026-01-12 10:00:00,batch_002,workqueue_actions_batch_002.csv
45072,1875,17,2026-01-08,NOTE,2,Y,2026-01-12 10:00:00,batch_002,workqueue_actions_batch_002.csv
45073,2061,4,2026-01-12,CALL,0,N,2026-01-12 10:00:00,batch_002,workqueue_actions_batch_002.csv
45074,1013,19,2026-01-05,CALL,3,N,2026-01-12 10:00:00,batch_002,workqueue_actions_batch_002.csv
45075,2823,5,2026-01-09,ESCALATE,3,Y,2026-01-12 10:00:00,batch_002,workqueue_actions_batch_002.csv
45076,2425,2,2026-01-11,CALL,4,N,2026-01-12 10:00:00,batch_002,workqueue_actions_batch_002.csv
45077,3229,7,2026-01-11,ESCALATE,3,N,2026-01-12 10:00:00,batch_002,workqueue_actions_batch_002.csv
45078,2106,17,2026-01-12,CALL,1,N,2026-01-12 10:00:00,batch_002,workqueue_actions_batch_002.csv
45079,3555,18,2026-01-10,ESCALATE,3,N,2026-01-12 10:00:00,batch_002,workqueue_actions_batch_002.csv
45080,2937,8,2026-01-08,ESCALATE,4,N,2026-01-12 10:00:00,batch_002,workqueue_actions_batch_002.csv
45081,3378,13,2026-01-10,CALL,3,Y,2026-01-12 10:00:00,batch_002,workqueue_actions_batch_002.csv
45082,4387,13,2026-01-12,CALL,0,Y,2026-01-12 10:00:00,batch_002,workqueue_actions_batch_002.csv
45083,2056,6,2026-01-05,REVIEW,3,N,2026-01-12 10:00:00,batch_002,workqueue_actions_batch_002.csv
45084,1243,17,2026-01-07,ESCALATE,2,Y,2026-01-12 10:00:00,batch_002,workqueue_actions_batch_002.csv
45085,5290,4,2026-01-11,CALL,3,N,2026-01-12 10:00:00,batch_002,workqueue_actions_batch_002.csv
45086,4998,5,2026-01-09,CALL,2,Y,2026-01-12 10:00:00,batch_002,workqueue_actions_batch_002.csv
45087,4111,10,2026-01-11,CALL,0,Y,2026-01-12 10:00:00,batch_002,workqueue_actions_batch_002.csv
45088,3842,20,2026-01-09,NOTE,1,N,2026-01-12 10:00:00,batch_002,workqueue_actions_batch_002.csv
45089,2053,1,2026-01-12,CALL,1,N,2026-01-12 10:00:00,batch_002,workqueue_actions_batch_002.csv
45090,2660,15,2026-01-05,CALL,3,Y,2026-01-12 10:00:00,batch_002,workqueue_actions_batch_002.csv
45091,4641,9,2026-01-09,REVIEW,2,N,2026-01-12 10:00:00,batch_002,workqueue_actions_batch_002.csv
45092,2856,20,2026-01-05,REVIEW,3,Y,2026-01-12 10:00:00,batch_002,workqueue_actions_batch_002.csv
45093,4654,8,2026-01-08,ESCALATE,2,Y,2026-01-12 10:00:00,batch_002,workqueue_actions_batch_002.csv
45094,5075,11,2026-01-07,CALL,2,N,2026-01-12 10:00:00,batch_002,workqueue_actions_batch_002.csv
45095,5132,18,2026-01-12,CALL,1,N,2026-01-12 10:00:00,batch_002,workqueue_actions_batch_002.csv
45096,1465,1,2026-01-12,NOTE,1,N,2026-01-12 10:00:00,batch_002,workqueue_actions_batch_002.csv
45097,3366,9,2026-01-09,ESCALATE,0,N,2026-01-12 10:00:00,batch_002,workqueue_actions_batch_002.csv
45098,5062,5,2026-01-05,REVIEW,0,N,2026-01-12 10:00:00,batch_002,workqueue_actions_batch_002.csv
45099,1231,2,2026-01-07,NOTE,4,Y,2026-01-12 10:00:00,batch_002,workqueue_actions_batch_002.csv
45100,4301,16,2026-01-11,ESCALATE,4,N,2026-01-12 10:00:00,batch_002,workqueue_actions_batch_002.csv
45101,2389,1,2026-01-11,CALL,2,N,2026-01-12 10:00:00,batch_002,workqueue_actions_batch_002.csv
45102,1771,4,2026-01-12,REVIEW,2,Y,2026-01-12 10:00:00,batch_002,workqueue_actions_batch_002.csv
45103,4339,1,2026-01-09,CALL,1,Y,2026-01-12 10:00:00,batch_002,workqueue_actions_batch_002.csv
45104,3147,6,2026-01-07,ESCALATE,0,Y,2026-01-12 10:00:00,batch_002,workqueue_actions_batch_002.csv
45105,4226,11,2026-01-07,NOTE,0,N,2026-01-12 10:00:00,batch_002,workqueue_actions_batch_002.csv
45106,4732,11,2026-01-06,CALL,2,Y,2026-01-12 10:00:00,batch_002,workqueue_actions_batch_002.csv
45107,5184,11,2026-01-12,ESCALATE,2,Y,2026-01-12 10:00:00,batch_002,workqueue_actions_batch_002.csv
45108,1038,9,2026-01-12,REVIEW,4,Y,2026-01-12 10:00:00,batch_002,workqueue_actions_batch_002.csv
45109,2986,1,2026-01-09,NOTE,3,N,2026-01-12 10:00:00,batch_002,workqueue_actions_batch_002.csv
45110,3417,13,2026-01-09,ESCALATE,1,N,2026-01-12 10:00:00,batch_002,workqueue_actions_batch_002.csv
45111,1691,18,2026-01-11,ESCALATE,1,N,2026-01-12 10:00:00,batch_002,workqueue_actions_batch_002.csv
45112,1535,4,2026-01-10,NOTE,2,Y,2026-01-12 10:00:00,batch_002,workqueue_actions_batch_002.csv
45113,2546,7,2026-01-10,ESCALATE,0,N,2026-01-12 10:00:00,batch_002,workqueue_actions_batch_002.csv
45114,4922,2,2026-01-09,ESCALATE,1,N,2026-01-12 10:00:00,batch_002,workqueue_actions_batch_002.csv
45115,4553,1,2026-01-12,REVIEW,3,N,2026-01-12 10:00:00,batch_002,workqueue_actions_batch_002.csv
45116,3990,5,2026-01-09,ESCALATE,4,N,2026-01-12 10:00:00,batch_002,workqueue_actions_batch_002.csv
45117,3547,5,2026-01-08,CALL,2,Y,2026-01-12 10:00:00,batch_002,workqueue_actions_batch_002.csv
45118,3041,16,2026-01-05,NOTE,4,Y,2026-01-12 10:00:00,batch_002,workqueue_actions_batch_002.csv
45119,1404,5,2026-01-12,REVIEW,3,Y,2026-01-12 10:00:00,batch_002,workqueue_actions_batch_002.csv
45120,5228,3,2026-01-08,CALL,2,Y,2026-01-12 10:00:00,batch_002,workqueue_actions_batch_002.csv
45121,1162,16,2026-01-09,ESCALATE,3,N,2026-01-12 10:00:00,batch_002,workqueue_actions_batch_002.csv
45122,4506,3,2026-01-10,REVIEW,3,N,2026-01-12 10:00:00,batch_002,workqueue_actions_batch_002.csv
45123,1825,5,2026-01-08,CALL,4,N,2026-01-12 10:00:00,batch_002,workqueue_actions_batch_002.csv
45124,3036,3,2026-01-12,CALL,4,N,2026-01-12 10:00:00,batch_002,workqueue_actions_batch_002.csv
45125,3732,17,2026-01-07,ESCALATE,0,N,2026-01-12 10:00:00,batch_002,workqueue_actions_batch_002.csv
45126,4875,2,2026-01-07,NOTE,2,N,2026-01-12 10:00:00,batch_002,workqueue_actions_batch_002.csv
45127,4544,13,2026-01-07,NOTE,0,N,2026-01-12 10:00:00,batch_002,workqueue_actions_batch_002.csv
45128,1529,13,2026-01-08,NOTE,3,Y,2026-01-12 10:00:00,batch_002,workqueue_actions_batch_002.csv
45129,1886,3,2026-01-08,NOTE,2,N,2026-01-12 10:00:00,batch_002,workqueue_actions_batch_002.csv
45130,1651,16,2026-01-12,CALL,4,N,2026-01-12 10:00:00,batch_002,workqueue_actions_batch_002.csv
45131,2231,5,2026-01-05,NOTE,2,N,2026-01-12 10:00:00,batch_002,workqueue_actions_batch_002.csv
45132,1879,4,2026-01-08,REVIEW,0,N,2026-01-12 10:00:00,batch_002,workqueue_actions_batch_002.csv
45133,2472,16,2026-01-11,CALL,3,Y,2026-01-12 10:00:00,batch_002,workqueue_actions_batch_002.csv
45134,3110,15,2026-01-05,CALL,2,N,2026-01-12 10:00:00,batch_002,workqueue_actions_batch_002.csv
45135,4397,6,2026-01-12,REVIEW,2,Y,2026-01-12 10:00:00,batch_002,workqueue_actions_batch_002.csv
45136,2599,7,2026-01-10,ESCALATE,3,Y,2026-01-12 10:00:00,batch_002,workqueue_actions_batch_002.csv
45137,4236,3,2026-01-06,CALL,0,N,2026-01-12 10:00:00,batch_002,workqueue_actions_batch_002.csv
45138,3917,14,2026-01-09,REVIEW,3,N,2026-01-12 10:00:00,batch_002,workqueue_actions_batch_002.csv
45139,3411,13,2026-01-06,ESCALATE,1,Y,2026-01-12 10:00:00,batch_002,workqueue_actions_batch_002.csv
45140,4341,14,2026-01-12,NOTE,2,N,2026-01-12 10:00:00,batch_002,workqueue_actions_batch_002.csv
45141,4597,14,2026-01-06,NOTE,0,N,2026-01-12 10:00:00,batch_002,workqueue_actions_batch_002.csv
45142,3475,6,2026-01-08,REVIEW,2,Y,2026-01-12 10:00:00,batch_002,workqueue_actions_batch_002.csv
45143,3299,18,2026-01-11,NOTE,1,N,2026-01-12 10:00:00,batch_002,workqueue_actions_batch_002.csv
45144,3642,5,2026-01-07,NOTE,2,Y,2026-01-12 10:00:00,batch_002,workqueue_actions_batch_002.csv
45145,3396,3,2026-01-09,CALL,2,Y,2026-01-12 10:00:00,batch_002,workqueue_actions_batch_002.csv
45146,4059,16,2026-01-06,REVIEW,2,Y,2026-01-12 10:00:00,batch_002,workqueue_actions_batch_002.csv
45147,1944,18,2026-01-09,REVIEW,3,N,2026-01-12 10:00:00,batch_002,workqueue_actions_batch_002.csv
45148,1307,10,2026-01-08,REVIEW,2,Y,2026-01-12 10:00:00,batch_002,workqueue_actions_batch_002.csv
45149,3891,17,2026-01-06,ESCALATE,1,Y,2026-01-12 10:00:00,batch_002,workqueue_actions_batch_002.csv
45150,1740,14,2026-01-07,REVIEW,3,N,2026-01-12 10:00:00,batch_002,workqueue_actions_batch_002.csv
45151,4981,12,2026-01-06,ESCALATE,1,N,2026-01-12 10:00:00,batch_002,workqueue_actions_batch_002.csv
45152,3027,20,2026-01-05,NOTE,2,Y,2026-01-12 10:00:00,batch_002,workqueue_actions_batch_002.csv
45153,4634,3,2026-01-06,CALL,0,Y,2026-01-12 10:00:00,batch_002,workqueue_actions_batch_002.csv
45154,2801,20,2026-01-07,NOTE,3,Y,2026-01-12 10:00:00,batch_002,workqueue_actions_batch_002.csv
45155,3068,13,2026-01-10,REVIEW,0,N,2026-01-12 10:00:00,batch_002,workqueue_actions_batch_002.csv
45156,4565,13,2026-01-05,NOTE,3,N,2026-01-12 10:00:00,batch_002,workqueue_actions_batch_002.csv
45157,1758,2,2026-01-05,REVIEW,1,N,2026-01-12 10:00:00,batch_002,workqueue_actions_batch_002.csv
45158,1798,12,2026-01-12,ESCALATE,1,Y,2026-01-12 10:00:00,batch_002,workqueue_actions_batch_002.csv
45159,2106,18,2026-01-07,ESCALATE,0,N,2026-01-12 10:00:00,batch_002,workqueue_actions_batch_002.csv
45160,4248,20,2026-01-09,NOTE,3,Y,2026-01-12 10:00:00,batch_002,workqueue_actions_batch_002.csv
45161,4835,13,2026-01-06,ESCALATE,4,Y,2026-01-12 10:00:00,batch_002,workqueue_actions_batch_002.csv
45162,4947,6,2026-01-11,NOTE,0,Y,2026-01-12 10:00:00,batch_002,workqueue_actions_batch_002.csv
45163,4878,16,2026-01-07,REVIEW,0,N,2026-01-12 10:00:00,batch_002,workqueue_actions_batch_002.csv
45164,3972,11,2026-01-10,ESCALATE,4,N,2026-01-12 10:00:00,batch_002,workqueue_actions_batch_002.csv
45165,2516,14,2026-01-08,CALL,2,Y,2026-01-12 10:00:00,batch_002,workqueue_actions_batch_002.csv
45166,4566,18,2026-01-12,ESCALATE,4,N,2026-01-12 10:00:00,batch_002,workqueue_actions_batch_002.csv
45167,3185,18,2026-01-12,NOTE,3,Y,2026-01-12 10:00:00,batch_002,workqueue_actions_batch_002.csv
45168,2448,4,2026-01-12,CALL,3,N,2026-01-12 10:00:00,batch_002,workqueue_actions_batch_002.csv
45169,5019,11,2026-01-05,NOTE,1,N,2026-01-12 10:00:00,batch_002,workqueue_actions_batch_002.csv
45170,1522,14,2026-01-12,NOTE,3,N,2026-01-12 10:00:00,batch_002,workqueue_actions_batch_002.csv
45171,3556,4,2026-01-06,NOTE,0,N,2026-01-12 10:00:00,batch_002,workqueue_actions_batch_002.csv
45172,1884,20,2026-01-06,CALL,0,Y,2026-01-12 10:00:00,batch_002,workqueue_actions_batch_002.csv
45173,4482,5,2026-01-09,REVIEW,2,N,2026-01-12 10:00:00,batch_002,workqueue_actions_batch_002.csv
45174,2108,10,2026-01-11,ESCALATE,0,N,2026-01-12 10:00:00,batch_002,workqueue_actions_batch_002.csv
45175,4436,20,2026-01-08,ESCALATE,2,Y,2026-01-12 10:00:00,batch_002,workqueue_actions_batch_002.csv
45176,5063,2,2026-01-12,NOTE,1,Y,2026-01-12 10:00:00,batch_002,workqueue_actions_batch_002.csv
45177,1257,4,2026-01-10,CALL,1,N,2026-01-12 10:00:00,batch_002,workqueue_actions_batch_002.csv
45178,2721,6,2026-01-09,NOTE,4,N,2026-01-12 10:00:00,batch_002,workqueue_actions_batch_002.csv
45179,5049,19,2026-01-09,CALL,2,Y,2026-01-12 10:00:00,batch_002,workqueue_actions_batch_002.csv
45180,4586,3,2026-01-09,CALL,4,N,2026-01-12 10:00:00,batch_002,workqueue_actions_batch_002.csv
45181,3106,7,2026-01-09,ESCALATE,3,N,2026-01-12 10:00:00,batch_002,workqueue_actions_batch_002.csv
45182,2928,20,2026-01-12,NOTE,1,N,2026-01-12 10:00:00,batch_002,workqueue_actions_batch_002.csv
45183,2282,3,2026-01-06,ESCALATE,1,N,2026-01-12 10:00:00,batch_002,workqueue_actions_batch_002.csv
45184,1786,20,2026-01-08,NOTE,1,Y,2026-01-12 10:00:00,batch_002,workqueue_actions_batch_002.csv
45185,3190,16,2026-01-09,ESCALATE,3,Y,2026-01-12 10:00:00,batch_002,workqueue_actions_batch_002.csv
45186,2229,4,2026-01-12,ESCALATE,3,N,2026-01-12 10:00:00,batch_002,workqueue_actions_batch_002.csv
45187,1676,1,2026-01-07,ESCALATE,0,Y,2026-01-12 10:00:00,batch_002,workqueue_actions_batch_002.csv
45188,2958,19,2026-01-08,CALL,2,Y,2026-01-12 10:00:00,batch_002,workqueue_actions_batch_002.csv
45189,3538,4,2026-01-11,REVIEW,4,Y,2026-01-12 10:00:00,batch_002,workqueue_actions_batch_002.csv
45190,2757,2,2026-01-06,REVIEW,3,N,2026-01-12 10:00:00,batch_002,workqueue_actions_batch_002.csv
45191,2706,15,2026-01-12,REVIEW,1,N,2026-01-12 10:00:00,batch_002,workqueue_actions_batch_002.csv
45192,3096,9,2026-01-11,CALL,4,Y,2026-01-12 10:00:00,batch_002,workqueue_actions_batch_002.csv
45193,4979,10,2026-01-10,NOTE,4,N,2026-01-12 10:00:00,batch_002,workqueue_actions_batch_002.csv
45194,2076,5,2026-01-08,NOTE,4,N,2026-01-12 10:00:00,batch_002,workqueue_actions_batch_002.csv
45195,1387,10,2026-01-07,ESCALATE,2,N,2026-01-12 10:00:00,batch_002,workqueue_actions_batch_002.csv
45196,1680,13,2026-01-12,REVIEW,0,Y,2026-01-12 10:00:00,batch_002,workqueue_actions_batch_002.csv
45197,2349,1,2026-01-10,CALL,1,N,2026-01-12 10:00:00,batch_002,workqueue_actions_batch_002.csv
45198,3694,4,2026-01-06,CALL,3,Y,2026-01-12 10:00:00,batch_002,workqueue_actions_batch_002.csv
45199,1587,10,2026-01-07,NOTE,4,Y,2026-01-12 10:00:00,batch_002,workqueue_actions_batch_002.csv
45200,2710,7,2026-01-09,NOTE,4,N,2026-01-12 10:00:00,batch_002,workqueue_actions_batch_002.csv
45201,2813,17,2026-01-07,CALL,1,Y,2026-01-12 10:00:00,batch_002,workqueue_actions_batch_002.csv
45202,1335,8,2026-01-12,NOTE,2,Y,2026-01-12 10:00:00,batch_002,workqueue_actions_batch_002.csv
45203,2561,18,2026-01-12,CALL,3,N,2026-01-12 10:00:00,batch_002,workqueue_actions_batch_002.csv
45204,4236,8,2026-01-11,ESCALATE,2,Y,2026-01-12 10:00:00,batch_002,workqueue_actions_batch_002.csv
45205,3243,16,2026-01-06,NOTE,0,Y,2026-01-12 10:00:00,batch_002,workqueue_actions_batch_002.csv
45206,4924,15,2026-01-12,ESCALATE,3,Y,2026-01-12 10:00:00,batch_002,workqueue_actions_batch_002.csv
45207,5108,18,2026-01-08,NOTE,1,Y,2026-01-12 10:00:00,batch_002,workqueue_actions_batch_002.csv
45208,1145,14,2026-01-09,CALL,0,Y,2026-01-12 10:00:00,batch_002,workqueue_actions_batch_002.csv
45209,2849,9,2026-01-08,NOTE,1,N,2026-01-12 10:00:00,batch_002,workqueue_actions_batch_002.csv
45210,5141,14,2026-01-07,ESCALATE,1,Y,2026-01-12 10:00:00,batch_002,workqueue_actions_batch_002.csv
45211,1822,17,2026-01-07,NOTE,2,N,2026-01-12 10:00:00,batch_002,workqueue_actions_batch_002.csv
45212,2807,11,2026-01-11,ESCALATE,4,Y,2026-01-12 10:00:00,batch_002,workqueue_actions_batch_002.csv
45213,4208,14,2026-01-08,CALL,1,Y,2026-01-12 10:00:00,batch_002,workqueue_actions_batch_002.csv
45214,1070,19,2026-01-08,NOTE,1,Y,2026-01-12 10:00:00,batch_002,workqueue_actions_batch_002.csv
45215,2552,8,2026-01-07,REVIEW,4,N,2026-01-12 10:00:00,batch_002,workqueue_actions_batch_002.csv
45216,4704,8,2026-01-09,ESCALATE,2,N,2026-01-12 10:00:00,batch_002,workqueue_actions_batch_002.csv
45217,5110,6,2026-01-07,ESCALATE,2,Y,2026-01-12 10:00:00,batch_002,workqueue_actions_batch_002.csv
45218,2307,16,2026-01-06,REVIEW,2,N,2026-01-12 10:00:00,batch_002,workqueue_actions_batch_002.csv
45219,1553,10,2026-01-12,CALL,0,N,2026-01-12 10:00:00,batch_002,workqueue_actions_batch_002.csv
45220,3995,7,2026-01-08,ESCALATE,1,Y,2026-01-12 10:00:00,batch_002,workqueue_actions_batch_002.csv
45221,3557,4,2026-01-06,CALL,3,Y,2026-01-12 10:00:00,batch_002,workqueue_actions_batch_002.csv
45222,1879,14,2026-01-10,ESCALATE,1,Y,2026-01-12 10:00:00,batch_002,workqueue_actions_batch_002.csv
45223,5167,6,2026-01-05,CALL,0,N,2026-01-12 10:00:00,batch_002,workqueue_actions_batch_002.csv
45224,5002,4,2026-01-05,REVIEW,2,Y,2026-01-12 10:00:00,batch_002,workqueue_actions_batch_002.csv
45225,2853,15,2026-01-10,NOTE,0,Y,2026-01-12 10:00:00,batch_002,workqueue_actions_batch_002.csv
45226,2459,1,2026-01-09,ESCALATE,2,N,2026-01-12 10:00:00,batch_002,workqueue_actions_batch_002.csv
45227,2778,7,2026-01-07,ESCALATE,2,Y,2026-01-12 10:00:00,batch_002,workqueue_actions_batch_002.csv
45228,5210,11,2026-01-09,ESCALATE,3,N,2026-01-12 10:00:00,batch_002,workqueue_actions_batch_002.csv
45229,4724,11,2026-01-09,CALL,0,N,2026-01-12 10:00:00,batch_002,workqueue_actions_batch_002.csv
45230,2547,3,2026-01-11,REVIEW,1,Y,2026-01-12 10:00:00,batch_002,workqueue_actions_batch_002.csv
45231,5207,5,2026-01-09,NOTE,3,Y,2026-01-12 10:00:00,batch_002,workqueue_actions_batch_002.csv
45232,4846,14,2026-01-10,REVIEW,3,N,2026-01-12 10:00:00,batch_002,workqueue_actions_batch_002.csv
45233,4566,3,2026-01-06,NOTE,2,Y,2026-01-12 10:00:00,batch_002,workqueue_actions_batch_002.csv
45234,1040,6,2026-01-05,REVIEW,3,N,2026-01-12 10:00:00,batch_002,workqueue_actions_batch_002.csv
45235,3843,4,2026-01-05,NOTE,1,Y,2026-01-12 10:00:00,batch_002,workqueue_actions_batch_002.csv
45236,3377,7,2026-01-10,ESCALATE,4,N,2026-01-12 10:00:00,batch_002,workqueue_actions_batch_002.csv
45237,4425,18,2026-01-12,ESCALATE,3,N,2026-01-12 10:00:00,batch_002,workqueue_actions_batch_002.csv
45238,3104,14,2026-01-11,ESCALATE,2,N,2026-01-12 10:00:00,batch_002,workqueue_actions_batch_002.csv
45239,4968,12,2026-01-12,REVIEW,4,Y,2026-01-12 10:00:00,batch_002,workqueue_actions_batch_002.csv
45240,1695,2,2026-01-09,CALL,3,Y,2026-01-12 10:00:00,batch_002,workqueue_actions_batch_002.csv
45241,1001,13,2026-01-05,ESCALATE,2,N,2026-01-12 10:00:00,batch_002,workqueue_actions_batch_002.csv
45242,1898,5,2026-01-07,CALL,3,N,2026-01-12 10:00:00,batch_002,workqueue_actions_batch_002.csv
45243,2909,13,2026-01-10,ESCALATE,4,Y,2026-01-12 10:00:00,batch_002,workqueue_actions_batch_002.csv
45244,5221,16,2026-01-06,REVIEW,0,Y,2026-01-12 10:00:00,batch_002,workqueue_actions_batch_002.csv
45245,3902,16,2026-01-09,CALL,3,Y,2026-01-12 10:00:00,batch_002,workqueue_actions_batch_002.csv
45246,4425,20,2026-01-10,ESCALATE,4,Y,2026-01-12 10:00:00,batch_002,workqueue_actions_batch_002.csv
45247,3271,1,2026-01-07,ESCALATE,1,Y,2026-01-12 10:00:00,batch_002,workqueue_actions_batch_002.csv
45248,2795,5,2026-01-10,CALL,2,N,2026-01-12 10:00:00,batch_002,workqueue_actions_batch_002.csv
45249,2457,19,2026-01-09,REVIEW,1,N,2026-01-12 10:00:00,batch_002,workqueue_actions_batch_002.csv
45250,4334,4,2026-01-12,REVIEW,3,Y,2026-01-12 10:00:00,batch_002,workqueue_actions_batch_002.csv
45251,2037,11,2026-01-06,NOTE,4,N,2026-01-12 10:00:00,batch_002,workqueue_actions_batch_002.csv
45252,4700,15,2026-01-06,ESCALATE,3,N,2026-01-12 10:00:00,batch_002,workqueue_actions_batch_002.csv
45253,2764,11,2026-01-10,ESCALATE,1,Y,2026-01-12 10:00:00,batch_002,workqueue_actions_batch_002.csv
45254,1316,16,2026-01-10,ESCALATE,0,N,2026-01-12 10:00:00,batch_002,workqueue_actions_batch_002.csv
45255,2523,10,2026-01-08,CALL,4,Y,2026-01-12 10:00:00,batch_002,workqueue_actions_batch_002.csv
45256,3427,16,2026-01-12,ESCALATE,0,Y,2026-01-12 10:00:00,batch_002,workqueue_actions_batch_002.csv
45257,2965,17,2026-01-11,CALL,0,N,2026-01-12 10:00:00,batch_002,workqueue_actions_batch_002.csv
45258,2710,6,2026-01-12,NOTE,2,Y,2026-01-12 10:00:00,batch_002,workqueue_actions_batch_002.csv
45259,2704,19,2026-01-12,ESCALATE,1,Y,2026-01-12 10:00:00,batch_002,workqueue_actions_batch_002.csv
45260,5128,5,2026-01-08,REVIEW,2,N,2026-01-12 10:00:00,batch_002,workqueue_actions_batch_002.csv
45261,2133,5,2026-01-07,REVIEW,1,N,2026-01-12 10:00:00,batch_002,workqueue_actions_batch_002.csv
45262,3812,13,2026-01-05,ESCALATE,0,N,2026-01-12 10:00:00,batch_002,workqueue_actions_batch_002.csv
45263,3658,10,2026-01-05,NOTE,1,Y,2026-01-12 10:00:00,batch_002,workqueue_actions_batch_002.csv
45264,1841,9,2026-01-05,NOTE,4,Y,2026-01-12 10:00:00,batch_002,workqueue_actions_batch_002.csv
45265,1550,14,2026-01-11,CALL,2,Y,2026-01-12 10:00:00,batch_002,workqueue_actions_batch_002.csv
45266,3253,1,2026-01-11,CALL,1,Y,2026-01-12 10:00:00,batch_002,workqueue_actions_batch_002.csv
45267,1678,18,2026-01-11,ESCALATE,3,N,2026-01-12 10:00:00,batch_002,workqueue_actions_batch_002.csv
45268,3855,4,2026-01-12,NOTE,0,N,2026-01-12 10:00:00,batch_002,workqueue_actions_batch_002.csv
45269,4351,12,2026-01-05,NOTE,0,N,2026-01-12 10:00:00,batch_002,workqueue_actions_batch_002.csv
45270,2727,16,2026-01-06,CALL,4,N,2026-01-12 10:00:00,batch_002,workqueue_actions_batch_002.csv
45271,2168,17,2026-01-10,NOTE,2,N,2026-01-12 10:00:00,batch_002,workqueue_actions_batch_002.csv
45272,1670,19,2026-01-07,CALL,0,N,2026-01-12 10:00:00,batch_002,workqueue_actions_batch_002.csv
45273,3111,20,2026-01-06,REVIEW,0,N,2026-01-12 10:00:00,batch_002,workqueue_actions_batch_002.csv
45274,4519,11,2026-01-11,CALL,4,N,2026-01-12 10:00:00,batch_002,workqueue_actions_batch_002.csv
45275,2065,16,2026-01-07,NOTE,4,N,2026-01-12 10:00:00,batch_002,workqueue_actions_batch_002.csv
45276,2991,20,2026-01-10,NOTE,2,Y,2026-01-12 10:00:00,batch_002,workqueue_actions_batch_002.csv
45277,3675,5,2026-01-06,NOTE,1,N,2026-01-12 10:00:00,batch_002,workqueue_actions_batch_002.csv
45278,2113,14,2026-01-05,ESCALATE,0,Y,2026-01-12 10:00:00,batch_002,workqueue_actions_batch_002.csv
45279,3385,16,2026-01-05,NOTE,4,Y,2026-01-12 10:00:00,batch_002,workqueue_actions_batch_002.csv
45280,2964,3,2026-01-12,REVIEW,0,N,2026-01-12 10:00:00,batch_002,workqueue_actions_batch_002.csv
45281,1947,8,2026-01-06,CALL,3,Y,2026-01-12 10:00:00,batch_002,workqueue_actions_batch_002.csv
45282,3222,7,2026-01-10,CALL,4,Y,2026-01-12 10:00:00,batch_002,workqueue_actions_batch_002.csv
45283,1350,1,2026-01-05,CALL,4,Y,2026-01-12 10:00:00,batch_002,workqueue_actions_batch_002.csv
45284,1990,19,2026-01-09,REVIEW,0,N,2026-01-12 10:00:00,batch_002,workqueue_actions_batch_002.csv
45285,2225,19,2026-01-08,REVIEW,0,N,2026-01-12 10:00:00,batch_002,workqueue_actions_batch_002.csv
45286,1326,9,2026-01-09,NOTE,0,Y,2026-01-12 10:00:00,batch_002,workqueue_actions_batch_002.csv
45287,4023,1,2026-01-05,ESCALATE,0,N,2026-01-12 10:00:00,batch_002,workqueue_actions_batch_002.csv
45288,5224,15,2026-01-11,CALL,2,N,2026-01-12 10:00:00,batch_002,workqueue_actions_batch_002.csv
45289,3485,18,2026-01-05,CALL,0,Y,2026-01-12 10:00:00,batch_002,workqueue_actions_batch_002.csv
45290,1096,12,2026-01-07,NOTE,3,Y,2026-01-12 10:00:00,batch_002,workqueue_actions_batch_002.csv
45291,2822,13,2026-01-06,ESCALATE,1,Y,2026-01-12 10:00:00,batch_002,workqueue_actions_batch_002.csv
45292,4130,3,2026-01-10,NOTE,4,Y,2026-01-12 10:00:00,batch_002,workqueue_actions_batch_002.csv
45293,1544,4,2026-01-06,ESCALATE,1,N,2026-01-12 10:00:00,batch_002,workqueue_actions_batch_002.csv
45294,5073,17,2026-01-11,REVIEW,4,N,2026-01-12 10:00:00,batch_002,workqueue_actions_batch_002.csv
45295,3697,18,2026-01-06,NOTE,0,Y,2026-01-12 10:00:00,batch_002,workqueue_actions_batch_002.csv
45296,1665,19,2026-01-12,CALL,0,Y,2026-01-12 10:00:00,batch_002,workqueue_actions_batch_002.csv
45297,3308,18,2026-01-10,NOTE,3,Y,2026-01-12 10:00:00,batch_002,workqueue_actions_batch_002.csv
45298,4051,19,2026-01-10,CALL,1,Y,2026-01-12 10:00:00,batch_002,workqueue_actions_batch_002.csv
45299,5289,1,2026-01-11,ESCALATE,2,Y,2026-01-12 10:00:00,batch_002,workqueue_actions_batch_002.csv
45300,4921,8,2026-01-11,ESCALATE,0,N,2026-01-12 10:00:00,batch_002,workqueue_actions_batch_002.csv
45301,1880,9,2026-01-07,ESCALATE,3,N,2026-01-12 10:00:00,batch_002,workqueue_actions_batch_002.csv
45302,3167,14,2026-01-09,ESCALATE,3,Y,2026-01-12 10:00:00,batch_002,workqueue_actions_batch_002.csv
45303,1958,17,2026-01-08,NOTE,0,Y,2026-01-12 10:00:00,batch_002,workqueue_actions_batch_002.csv
45304,1446,6,2026-01-12,REVIEW,1,Y,2026-01-12 10:00:00,batch_002,workqueue_actions_batch_002.csv
45305,1906,9,2026-01-12,ESCALATE,3,N,2026-01-12 10:00:00,batch_002,workqueue_actions_batch_002.csv
45306,4013,18,2026-01-10,NOTE,2,N,2026-01-12 10:00:00,batch_002,workqueue_actions_batch_002.csv
45307,4549,4,2026-01-06,ESCALATE,0,N,2026-01-12 10:00:00,batch_002,workqueue_actions_batch_002.csv
45308,3506,12,2026-01-08,ESCALATE,2,N,2026-01-12 10:00:00,batch_002,workqueue_actions_batch_002.csv
45309,5003,17,2026-01-07,NOTE,1,N,2026-01-12 10:00:00,batch_002,workqueue_actions_batch_002.csv
45310,4560,10,2026-01-11,REVIEW,1,Y,2026-01-12 10:00:00,batch_002,workqueue_actions_batch_002.csv
45311,1629,20,2026-01-10,CALL,2,N,2026-01-12 10:00:00,batch_002,workqueue_actions_batch_002.csv
45312,4453,2,2026-01-09,CALL,2,Y,2026-01-12 10:00:00,batch_002,workqueue_actions_batch_002.csv
45313,4688,14,2026-01-05,NOTE,1,Y,2026-01-12 10:00:00,batch_002,workqueue_actions_batch_002.csv
45314,5104,7,2026-01-05,NOTE,3,Y,2026-01-12 10:00:00,batch_002,workqueue_actions_batch_002.csv
45315,4206,20,2026-01-09,REVIEW,2,Y,2026-01-12 10:00:00,batch_002,workqueue_actions_batch_002.csv
45316,3341,7,2026-01-11,REVIEW,1,Y,2026-01-12 10:00:00,batch_002,workqueue_actions_batch_002.csv
45317,1118,15,2026-01-06,REVIEW,1,N,2026-01-12 10:00:00,batch_002,workqueue_actions_batch_002.csv
45318,2107,11,2026-01-10,NOTE,1,N,2026-01-12 10:00:00,batch_002,workqueue_actions_batch_002.csv
45319,2733,11,2026-01-09,CALL,0,Y,2026-01-12 10:00:00,batch_002,workqueue_actions_batch_002.csv
45320,4920,11,2026-01-10,REVIEW,4,N,2026-01-12 10:00:00,batch_002,workqueue_actions_batch_002.csv
45321,3631,8,2026-01-10,ESCALATE,2,N,2026-01-12 10:00:00,batch_002,workqueue_actions_batch_002.csv
45322,2975,4,2026-01-12,NOTE,3,Y,2026-01-12 10:00:00,batch_002,workqueue_actions_batch_002.csv
45323,4274,19,2026-01-12,ESCALATE,0,Y,2026-01-12 10:00:00,batch_002,workqueue_actions_batch_002.csv
45324,1332,9,2026-01-08,NOTE,2,N,2026-01-12 10:00:00,batch_002,workqueue_actions_batch_002.csv
45325,3476,15,2026-01-10,REVIEW,1,N,2026-01-12 10:00:00,batch_002,workqueue_actions_batch_002.csv
45326,4702,11,2026-01-07,NOTE,4,Y,2026-01-12 10:00:00,batch_002,workqueue_actions_batch_002.csv
45327,3670,20,2026-01-08,NOTE,1,Y,2026-01-12 10:00:00,batch_002,workqueue_actions_batch_002.csv
45328,4080,4,2026-01-10,REVIEW,1,Y,2026-01-12 10:00:00,batch_002,workqueue_actions_batch_002.csv
45329,4720,15,2026-01-06,REVIEW,3,N,2026-01-12 10:00:00,batch_002,workqueue_actions_batch_002.csv
45330,3762,19,2026-01-10,CALL,4,N,2026-01-12 10:00:00,batch_002,workqueue_actions_batch_002.csv
45331,2675,8,2026-01-08,NOTE,4,N,2026-01-12 10:00:00,batch_002,workqueue_actions_batch_002.csv
45332,2453,14,2026-01-05,REVIEW,0,N,2026-01-12 10:00:00,batch_002,workqueue_actions_batch_002.csv
45333,5114,15,2026-01-12,REVIEW,1,Y,2026-01-12 10:00:00,batch_002,workqueue_actions_batch_002.csv
45334,3159,4,2026-01-08,NOTE,4,N,2026-01-12 10:00:00,batch_002,workqueue_actions_batch_002.csv
45335,2636,17,2026-01-09,REVIEW,0,N,2026-01-12 10:00:00,batch_002,workqueue_actions_batch_002.csv
45336,4556,10,2026-01-09,ESCALATE,2,N,2026-01-12 10:00:00,batch_002,workqueue_actions_batch_002.csv
45337,2832,9,2026-01-08,REVIEW,0,Y,2026-01-12 10:00:00,batch_002,workqueue_actions_batch_002.csv
45338,4328,15,2026-01-07,REVIEW,2,N,2026-01-12 10:00:00,batch_002,workqueue_actions_batch_002.csv
45339,2507,3,2026-01-07,CALL,4,N,2026-01-12 10:00:00,batch_002,workqueue_actions_batch_002.csv
45340,4360,10,2026-01-11,NOTE,0,N,2026-01-12 10:00:00,batch_002,workqueue_actions_batch_002.csv
45341,3019,6,2026-01-06,REVIEW,2,Y,2026-01-12 10:00:00,batch_002,workqueue_actions_batch_002.csv
45342,3283,1,2026-01-08,ESCALATE,4,N,2026-01-12 10:00:00,batch_002,workqueue_actions_batch_002.csv
45343,3791,13,2026-01-05,NOTE,1,Y,2026-01-12 10:00:00,batch_002,workqueue_actions_batch_002.csv
45344,1261,20,2026-01-12,ESCALATE,1,Y,2026-01-12 10:00:00,batch_002,workqueue_actions_batch_002.csv
45345,4723,7,2026-01-12,CALL,2,N,2026-01-12 10:00:00,batch_002,workqueue_actions_batch_002.csv
45346,3310,15,2026-01-07,REVIEW,2,Y,2026-01-12 10:00:00,batch_002,workqueue_actions_batch_002.csv
45347,3770,20,2026-01-07,REVIEW,1,Y,2026-01-12 10:00:00,batch_002,workqueue_actions_batch_002.csv
45348,2351,16,2026-01-06,NOTE,2,N,2026-01-12 10:00:00,batch_002,workqueue_actions_batch_002.csv
45349,1828,2,2026-01-09,CALL,2,Y,2026-01-12 10:00:00,batch_002,workqueue_actions_batch_002.csv
45350,2159,1,2026-01-12,CALL,4,N,2026-01-12 10:00:00,batch_002,workqueue_actions_batch_002.csv
45351,1341,3,2026-01-07,NOTE,1,Y,2026-01-12 10:00:00,batch_002,workqueue_actions_batch_002.csv
45352,4748,19,2026-01-09,ESCALATE,4,Y,2026-01-12 10:00:00,batch_002,workqueue_actions_batch_002.csv
45353,1600,8,2026-01-05,NOTE,0,N,2026-01-12 10:00:00,batch_002,workqueue_actions_batch_002.csv
45354,2925,2,2026-01-05,CALL,3,Y,2026-01-12 10:00:00,batch_002,workqueue_actions_batch_002.csv
45355,1790,5,2026-01-10,ESCALATE,4,Y,2026-01-12 10:00:00,batch_002,workqueue_actions_batch_002.csv
45356,1493,3,2026-01-12,REVIEW,1,N,2026-01-12 10:00:00,batch_002,workqueue_actions_batch_002.csv
45357,5100,7,2026-01-09,REVIEW,2,Y,2026-01-12 10:00:00,batch_002,workqueue_actions_batch_002.csv
45358,3043,18,2026-01-11,REVIEW,3,Y,2026-01-12 10:00:00,batch_002,workqueue_actions_batch_002.csv
45359,1942,6,2026-01-06,NOTE,1,Y,2026-01-12 10:00:00,batch_002,workqueue_actions_batch_002.csv
45360,2960,14,2026-01-06,CALL,4,Y,2026-01-12 10:00:00,batch_002,workqueue_actions_batch_002.csv
45361,4987,16,2026-01-12,NOTE,3,Y,2026-01-12 10:00:00,batch_002,workqueue_actions_batch_002.csv
45362,1005,18,2026-01-06,ESCALATE,0,Y,2026-01-12 10:00:00,batch_002,workqueue_actions_batch_002.csv
45363,5190,4,2026-01-12,REVIEW,1,N,2026-01-12 10:00:00,batch_002,workqueue_actions_batch_002.csv
45364,4337,14,2026-01-05,NOTE,2,Y,2026-01-12 10:00:00,batch_002,workqueue_actions_batch_002.csv
45365,5131,13,2026-01-07,CALL,1,Y,2026-01-12 10:00:00,batch_002,workqueue_actions_batch_002.csv
45366,4851,5,2026-01-12,CALL,1,N,2026-01-12 10:00:00,batch_002,workqueue_actions_batch_002.csv
45367,3325,7,2026-01-10,ESCALATE,1,Y,2026-01-12 10:00:00,batch_002,workqueue_actions_batch_002.csv
45368,2528,19,2026-01-07,NOTE,3,N,2026-01-12 10:00:00,batch_002,workqueue_actions_batch_002.csv
45369,1245,12,2026-01-12,REVIEW,0,Y,2026-01-12 10:00:00,batch_002,workqueue_actions_batch_002.csv
45370,4735,18,2026-01-09,ESCALATE,3,Y,2026-01-12 10:00:00,batch_002,workqueue_actions_batch_002.csv
45371,1525,4,2026-01-10,CALL,1,Y,2026-01-12 10:00:00,batch_002,workqueue_actions_batch_002.csv
45372,3645,20,2026-01-06,NOTE,2,Y,2026-01-12 10:00:00,batch_002,workqueue_actions_batch_002.csv
45373,1610,5,2026-01-07,REVIEW,3,Y,2026-01-12 10:00:00,batch_002,workqueue_actions_batch_002.csv
45374,5022,3,2026-01-07,REVIEW,4,N,2026-01-12 10:00:00,batch_002,workqueue_actions_batch_002.csv
45375,2633,18,2026-01-06,ESCALATE,1,N,2026-01-12 10:00:00,batch_002,workqueue_actions_batch_002.csv
45376,3369,17,2026-01-08,CALL,3,Y,2026-01-12 10:00:00,batch_002,workqueue_actions_batch_002.csv
45377,1482,16,2026-01-05,ESCALATE,0,Y,2026-01-12 10:00:00,batch_002,workqueue_actions_batch_002.csv
45378,4583,13,2026-01-06,NOTE,2,Y,2026-01-12 10:00:00,batch_002,workqueue_actions_batch_002.csv
45379,4695,2,2026-01-05,CALL,4,N,2026-01-12 10:00:00,batch_002,workqueue_actions_batch_002.csv
45380,3376,15,2026-01-12,ESCALATE,4,N,2026-01-12 10:00:00,batch_002,workqueue_actions_batch_002.csv
45381,4554,8,2026-01-09,CALL,2,Y,2026-01-12 10:00:00,batch_002,workqueue_actions_batch_002.csv
45382,4658,2,2026-01-12,REVIEW,1,N,2026-01-12 10:00:00,batch_002,workqueue_actions_batch_002.csv
45383,1407,9,2026-01-11,ESCALATE,0,N,2026-01-12 10:00:00,batch_002,workqueue_actions_batch_002.csv
45384,2810,14,2026-01-10,CALL,0,N,2026-01-12 10:00:00,batch_002,workqueue_actions_batch_002.csv
45385,3272,16,2026-01-07,ESCALATE,0,Y,2026-01-12 10:00:00,batch_002,workqueue_actions_batch_002.csv
45386,3677,12,2026-01-05,NOTE,4,Y,2026-01-12 10:00:00,batch_002,workqueue_actions_batch_002.csv
45387,3478,3,2026-01-10,REVIEW,1,N,2026-01-12 10:00:00,batch_002,workqueue_actions_batch_002.csv
45388,3836,14,2026-01-12,NOTE,1,Y,2026-01-12 10:00:00,batch_002,workqueue_actions_batch_002.csv
45389,4270,18,2026-01-05,REVIEW,0,Y,2026-01-12 10:00:00,batch_002,workqueue_actions_batch_002.csv
45390,2976,5,2026-01-07,NOTE,0,Y,2026-01-12 10:00:00,batch_002,workqueue_actions_batch_002.csv
45391,4920,7,2026-01-07,NOTE,1,Y,2026-01-12 10:00:00,batch_002,workqueue_actions_batch_002.csv
45392,1502,2,2026-01-09,ESCALATE,4,N,2026-01-12 10:00:00,batch_002,workqueue_actions_batch_002.csv
45393,2465,18,2026-01-12,ESCALATE,1,N,2026-01-12 10:00:00,batch_002,workqueue_actions_batch_002.csv
45394,2652,11,2026-01-10,CALL,0,N,2026-01-12 10:00:00,batch_002,workqueue_actions_batch_002.csv
45395,4813,14,2026-01-08,CALL,4,N,2026-01-12 10:00:00,batch_002,workqueue_actions_batch_002.csv
45396,2368,16,2026-01-06,CALL,0,N,2026-01-12 10:00:00,batch_002,workqueue_actions_batch_002.csv
45397,4705,3,2026-01-07,NOTE,2,Y,2026-01-12 10:00:00,batch_002,workqueue_actions_batch_002.csv
45398,2583,11,2026-01-12,CALL,1,Y,2026-01-12 10:00:00,batch_002,workqueue_actions_batch_002.csv
45399,1337,15,2026-01-09,CALL,2,N,2026-01-12 10:00:00,batch_002,workqueue_actions_batch_002.csv
45400,4713,8,2026-01-05,NOTE,3,N,2026-01-12 10:00:00,batch_002,workqueue_actions_batch_002.csv
45401,1315,15,2026-01-11,NOTE,1,N,2026-01-12 10:00:00,batch_002,workqueue_actions_batch_002.csv
45402,4460,16,2026-01-07,REVIEW,0,Y,2026-01-12 10:00:00,batch_002,workqueue_actions_batch_002.csv
45403,4044,7,2026-01-08,CALL,4,Y,2026-01-12 10:00:00,batch_002,workqueue_actions_batch_002.csv
45404,3169,12,2026-01-11,REVIEW,0,N,2026-01-12 10:00:00,batch_002,workqueue_actions_batch_002.csv
45405,1182,16,2026-01-07,CALL,1,Y,2026-01-12 10:00:00,batch_002,workqueue_actions_batch_002.csv
45406,3657,16,2026-01-06,REVIEW,2,N,2026-01-12 10:00:00,batch_002,workqueue_actions_batch_002.csv
45407,3946,3,2026-01-06,NOTE,4,Y,2026-01-12 10:00:00,batch_002,workqueue_actions_batch_002.csv
45408,2121,18,2026-01-08,ESCALATE,2,N,2026-01-12 10:00:00,batch_002,workqueue_actions_batch_002.csv
45409,3306,6,2026-01-09,NOTE,4,N,2026-01-12 10:00:00,batch_002,workqueue_actions_batch_002.csv
45410,2833,15,2026-01-10,NOTE,2,Y,2026-01-12 10:00:00,batch_002,workqueue_actions_batch_002.csv
45411,4837,10,2026-01-12,REVIEW,1,Y,2026-01-12 10:00:00,batch_002,workqueue_actions_batch_002.csv
45412,3954,3,2026-01-11,CALL,2,N,2026-01-12 10:00:00,batch_002,workqueue_actions_batch_002.csv
45413,5223,9,2026-01-06,CALL,1,Y,2026-01-12 10:00:00,batch_002,workqueue_actions_batch_002.csv
45414,1162,1,2026-01-08,NOTE,3,N,2026-01-12 10:00:00,batch_002,workqueue_actions_batch_002.csv
45415,3647,20,2026-01-07,NOTE,2,Y,2026-01-12 10:00:00,batch_002,workqueue_actions_batch_002.csv
45416,3624,2,2026-01-07,ESCALATE,4,N,2026-01-12 10:00:00,batch_002,workqueue_actions_batch_002.csv
45417,2221,19,2026-01-05,NOTE,4,Y,2026-01-12 10:00:00,batch_002,workqueue_actions_batch_002.csv
45418,2044,12,2026-01-08,NOTE,3,N,2026-01-12 10:00:00,batch_002,workqueue_actions_batch_002.csv
45419,4553,16,2026-01-09,ESCALATE,4,Y,2026-01-12 10:00:00,batch_002,workqueue_actions_batch_002.csv
45420,4813,1,2026-01-07,ESCALATE,1,N,2026-01-12 10:00:00,batch_002,workqueue_actions_batch_002.csv
45421,5176,6,2026-01-10,ESCALATE,2,N,2026-01-12 10:00:00,batch_002,workqueue_actions_batch_002.csv
45422,1255,9,2026-01-05,REVIEW,4,Y,2026-01-12 10:00:00,batch_002,workqueue_actions_batch_002.csv
45423,4823,19,2026-01-09,REVIEW,3,Y,2026-01-12 10:00:00,batch_002,workqueue_actions_batch_002.csv
45424,3633,18,2026-01-06,ESCALATE,0,Y,2026-01-12 10:00:00,batch_002,workqueue_actions_batch_002.csv
45425,1194,10,2026-01-09,CALL,1,N,2026-01-12 10:00:00,batch_002,workqueue_actions_batch_002.csv
45426,4271,18,2026-01-07,ESCALATE,2,N,2026-01-12 10:00:00,batch_002,workqueue_actions_batch_002.csv
45427,4855,14,2026-01-12,REVIEW,2,N,2026-01-12 10:00:00,batch_002,workqueue_actions_batch_002.csv
45428,2418,19,2026-01-09,ESCALATE,3,N,2026-01-12 10:00:00,batch_002,workqueue_actions_batch_002.csv
45429,4504,5,2026-01-07,ESCALATE,2,Y,2026-01-12 10:00:00,batch_002,workqueue_actions_batch_002.csv
45430,2899,11,2026-01-08,CALL,0,Y,2026-01-12 10:00:00,batch_002,workqueue_actions_batch_002.csv
45431,2729,9,2026-01-05,REVIEW,0,N,2026-01-12 10:00:00,batch_002,workqueue_actions_batch_002.csv
45432,2099,5,2026-01-05,CALL,4,Y,2026-01-12 10:00:00,batch_002,workqueue_actions_batch_002.csv
45433,1588,16,2026-01-08,REVIEW,1,Y,2026-01-12 10:00:00,batch_002,workqueue_actions_batch_002.csv
45434,3213,20,2026-01-08,REVIEW,3,Y,2026-01-12 10:00:00,batch_002,workqueue_actions_batch_002.csv
45435,3181,14,2026-01-06,REVIEW,3,N,2026-01-12 10:00:00,batch_002,workqueue_actions_batch_002.csv
45436,3366,2,2026-01-07,CALL,0,N,2026-01-12 10:00:00,batch_002,workqueue_actions_batch_002.csv
45437,1456,1,2026-01-12,REVIEW,0,N,2026-01-12 10:00:00,batch_002,workqueue_actions_batch_002.csv
45438,4788,6,2026-01-06,CALL,1,N,2026-01-12 10:00:00,batch_002,workqueue_actions_batch_002.csv
45439,4989,15,2026-01-06,NOTE,1,N,2026-01-12 10:00:00,batch_002,workqueue_actions_batch_002.csv
45440,4506,14,2026-01-07,CALL,2,N,2026-01-12 10:00:00,batch_002,workqueue_actions_batch_002.csv
45441,1796,18,2026-01-10,CALL,2,N,2026-01-12 10:00:00,batch_002,workqueue_actions_batch_002.csv
45442,2557,14,2026-01-11,ESCALATE,1,Y,2026-01-12 10:00:00,batch_002,workqueue_actions_batch_002.csv
45443,3995,19,2026-01-07,CALL,3,Y,2026-01-12 10:00:00,batch_002,workqueue_actions_batch_002.csv
45444,3511,15,2026-01-11,REVIEW,4,N,2026-01-12 10:00:00,batch_002,workqueue_actions_batch_002.csv
45445,2582,19,2026-01-11,NOTE,1,Y,2026-01-12 10:00:00,batch_002,workqueue_actions_batch_002.csv
45446,3627,2,2026-01-10,CALL,3,Y,2026-01-12 10:00:00,batch_002,workqueue_actions_batch_002.csv
45447,1706,8,2026-01-08,CALL,1,N,2026-01-12 10:00:00,batch_002,workqueue_actions_batch_002.csv
45448,2643,18,2026-01-06,REVIEW,3,Y,2026-01-12 10:00:00,batch_002,workqueue_actions_batch_002.csv
45449,1113,10,2026-01-08,REVIEW,1,Y,2026-01-12 10:00:00,batch_002,workqueue_actions_batch_002.csv
45450,1712,17,2026-01-09,NOTE,1,N,2026-01-12 10:00:00,batch_002,workqueue_actions_batch_002.csv
45451,3196,4,2026-01-08,NOTE,1,N,2026-01-12 10:00:00,batch_002,workqueue_actions_batch_002.csv
45452,5136,10,2026-01-05,NOTE,1,N,2026-01-12 10:00:00,batch_002,workqueue_actions_batch_002.csv
45453,1221,20,2026-01-05,REVIEW,2,Y,2026-01-12 10:00:00,batch_002,workqueue_actions_batch_002.csv
45454,4344,16,2026-01-08,NOTE,0,N,2026-01-12 10:00:00,batch_002,workqueue_actions_batch_002.csv
45455,2881,14,2026-01-06,NOTE,4,N,2026-01-12 10:00:00,batch_002,workqueue_actions_batch_002.csv
45456,3846,18,2026-01-10,NOTE,2,Y,2026-01-12 10:00:00,batch_002,workqueue_actions_batch_002.csv
45457,2673,18,2026-01-08,CALL,0,Y,2026-01-12 10:00:00,batch_002,workqueue_actions_batch_002.csv
45458,1212,13,2026-01-12,NOTE,4,Y,2026-01-12 10:00:00,batch_002,workqueue_actions_batch_002.csv
45459,3609,7,2026-01-05,REVIEW,0,Y,2026-01-12 10:00:00,batch_002,workqueue_actions_batch_002.csv
45460,1792,8,2026-01-12,REVIEW,0,N,2026-01-12 10:00:00,batch_002,workqueue_actions_batch_002.csv
45461,2689,16,2026-01-05,ESCALATE,4,N,2026-01-12 10:00:00,batch_002,workqueue_actions_batch_002.csv
45462,1132,20,2026-01-11,REVIEW,4,Y,2026-01-12 10:00:00,batch_002,workqueue_actions_batch_002.csv
45463,2196,13,2026-01-05,NOTE,4,N,2026-01-12 10:00:00,batch_002,workqueue_actions_batch_002.csv
45464,3219,2,2026-01-09,NOTE,1,Y,2026-01-12 10:00:00,batch_002,workqueue_actions_batch_002.csv
45465,4133,6,2026-01-10,ESCALATE,1,N,2026-01-12 10:00:00,batch_002,workqueue_actions_batch_002.csv
45466,3746,9,2026-01-10,ESCALATE,2,Y,2026-01-12 10:00:00,batch_002,workqueue_actions_batch_002.csv
45467,4552,14,2026-01-11,NOTE,0,Y,2026-01-12 10:00:00,batch_002,workqueue_actions_batch_002.csv
45468,1780,5,2026-01-06,NOTE,4,Y,2026-01-12 10:00:00,batch_002,workqueue_actions_batch_002.csv
45469,2476,13,2026-01-05,NOTE,1,N,2026-01-12 10:00:00,batch_002,workqueue_actions_batch_002.csv
45470,2468,17,2026-01-08,NOTE,1,Y,2026-01-12 10:00:00,batch_002,workqueue_actions_batch_002.csv
45471,3114,9,2026-01-09,ESCALATE,1,Y,2026-01-12 10:00:00,batch_002,workqueue_actions_batch_002.csv
45472,4245,1,2026-01-08,CALL,0,Y,2026-01-12 10:00:00,batch_002,workqueue_actions_batch_002.csv
45473,4746,15,2026-01-11,ESCALATE,1,N,2026-01-12 10:00:00,batch_002,workqueue_actions_batch_002.csv
45474,2560,7,2026-01-09,NOTE,2,Y,2026-01-12 10:00:00,batch_002,workqueue_actions_batch_002.csv
45475,3524,20,2026-01-12,ESCALATE,1,Y,2026-01-12 10:00:00,batch_002,workqueue_actions_batch_002.csv
45476,2768,14,2026-01-12,CALL,1,Y,2026-01-12 10:00:00,batch_002,workqueue_actions_batch_002.csv
45477,4516,7,2026-01-11,REVIEW,3,N,2026-01-12 10:00:00,batch_002,workqueue_actions_batch_002.csv
45478,2382,2,2026-01-10,NOTE,1,Y,2026-01-12 10:00:00,batch_002,workqueue_actions_batch_002.csv
45479,4605,20,2026-01-08,REVIEW,0,Y,2026-01-12 10:00:00,batch_002,workqueue_actions_batch_002.csv
45480,3320,2,2026-01-12,REVIEW,1,Y,2026-01-12 10:00:00,batch_002,workqueue_actions_batch_002.csv
45481,3755,7,2026-01-07,ESCALATE,3,N,2026-01-12 10:00:00,batch_002,workqueue_actions_batch_002.csv
45482,3600,3,2026-01-08,CALL,2,N,2026-01-12 10:00:00,batch_002,workqueue_actions_batch_002.csv
45483,5205,12,2026-01-08,REVIEW,3,Y,2026-01-12 10:00:00,batch_002,workqueue_actions_batch_002.csv
45484,1602,13,2026-01-12,CALL,3,N,2026-01-12 10:00:00,batch_002,workqueue_actions_batch_002.csv
45485,5295,14,2026-01-07,ESCALATE,2,Y,2026-01-12 10:00:00,batch_002,workqueue_actions_batch_002.csv
45486,4941,15,2026-01-10,CALL,1,N,2026-01-12 10:00:00,batch_002,workqueue_actions_batch_002.csv
45487,3166,2,2026-01-11,ESCALATE,3,N,2026-01-12 10:00:00,batch_002,workqueue_actions_batch_002.csv
45488,2111,13,2026-01-07,ESCALATE,0,Y,2026-01-12 10:00:00,batch_002,workqueue_actions_batch_002.csv
45489,2125,5,2026-01-05,CALL,4,Y,2026-01-12 10:00:00,batch_002,workqueue_actions_batch_002.csv
45490,2493,16,2026-01-07,CALL,3,N,2026-01-12 10:00:00,batch_002,workqueue_actions_batch_002.csv
45491,2052,18,2026-01-09,CALL,0,Y,2026-01-12 10:00:00,batch_002,workqueue_actions_batch_002.csv
45492,2884,2,2026-01-09,NOTE,3,Y,2026-01-12 10:00:00,batch_002,workqueue_actions_batch_002.csv
45493,2251,12,2026-01-09,ESCALATE,1,Y,2026-01-12 10:00:00,batch_002,workqueue_actions_batch_002.csv
45494,2398,12,2026-01-11,CALL,1,N,2026-01-12 10:00:00,batch_002,workqueue_actions_batch_002.csv
45495,4581,17,2026-01-12,ESCALATE,4,Y,2026-01-12 10:00:00,batch_002,workqueue_actions_batch_002.csv
45496,4969,2,2026-01-12,CALL,0,Y,2026-01-12 10:00:00,batch_002,workqueue_actions_batch_002.csv
45497,3799,13,2026-01-05,CALL,2,Y,2026-01-12 10:00:00,batch_002,workqueue_actions_batch_002.csv
45498,1445,9,2026-01-12,CALL,4,N,2026-01-12 10:00:00,batch_002,workqueue_actions_batch_002.csv
45499,3686,9,2026-01-11,CALL,1,Y,2026-01-12 10:00:00,batch_002,workqueue_actions_batch_002.csv
45500,1468,2,2026-01-07,REVIEW,0,Y,2026-01-12 10:00:00,batch_002,workqueue_actions_batch_002.csv
45501,2079,7,2026-01-12,CALL,2,N,2026-01-12 10:00:00,batch_002,workqueue_actions_batch_002.csv
45502,1520,2,2026-01-10,CALL,3,Y,2026-01-12 10:00:00,batch_002,workqueue_actions_batch_002.csv
45503,4017,14,2026-01-09,NOTE,3,N,2026-01-12 10:00:00,batch_002,workqueue_actions_batch_002.csv
45504,4238,10,2026-01-06,CALL,4,Y,2026-01-12 10:00:00,batch_002,workqueue_actions_batch_002.csv
45505,2187,10,2026-01-09,REVIEW,2,N,2026-01-12 10:00:00,batch_002,workqueue_actions_batch_002.csv
45506,2997,4,2026-01-06,NOTE,0,Y,2026-01-12 10:00:00,batch_002,workqueue_actions_batch_002.csv
45507,2421,7,2026-01-05,ESCALATE,0,Y,2026-01-12 10:00:00,batch_002,workqueue_actions_batch_002.csv
45508,1041,3,2026-01-06,NOTE,0,N,2026-01-12 10:00:00,batch_002,workqueue_actions_batch_002.csv
45509,1760,10,2026-01-10,REVIEW,1,Y,2026-01-12 10:00:00,batch_002,workqueue_actions_batch_002.csv
45510,4319,17,2026-01-12,REVIEW,1,N,2026-01-12 10:00:00,batch_002,workqueue_actions_batch_002.csv
45511,3861,9,2026-01-05,CALL,0,N,2026-01-12 10:00:00,batch_002,workqueue_actions_batch_002.csv
45512,4887,9,2026-01-09,ESCALATE,4,N,2026-01-12 10:00:00,batch_002,workqueue_actions_batch_002.csv
45513,1846,13,2026-01-12,NOTE,3,Y,2026-01-12 10:00:00,batch_002,workqueue_actions_batch_002.csv
45514,3763,4,2026-01-10,CALL,4,N,2026-01-12 10:00:00,batch_002,workqueue_actions_batch_002.csv
45515,1199,13,2026-01-11,ESCALATE,2,N,2026-01-12 10:00:00,batch_002,workqueue_actions_batch_002.csv
45516,4640,9,2026-01-10,REVIEW,2,N,2026-01-12 10:00:00,batch_002,workqueue_actions_batch_002.csv
45517,2809,3,2026-01-12,REVIEW,2,Y,2026-01-12 10:00:00,batch_002,workqueue_actions_batch_002.csv
45518,4096,6,2026-01-10,CALL,0,N,2026-01-12 10:00:00,batch_002,workqueue_actions_batch_002.csv
45519,4540,1,2026-01-12,REVIEW,1,Y,2026-01-12 10:00:00,batch_002,workqueue_actions_batch_002.csv
45520,1632,1,2026-01-09,ESCALATE,4,Y,2026-01-12 10:00:00,batch_002,workqueue_actions_batch_002.csv
45521,1381,20,2026-01-09,REVIEW,4,Y,2026-01-12 10:00:00,batch_002,workqueue_actions_batch_002.csv
45522,1707,13,2026-01-10,CALL,2,N,2026-01-12 10:00:00,batch_002,workqueue_actions_batch_002.csv
45523,1268,3,2026-01-08,REVIEW,4,N,2026-01-12 10:00:00,batch_002,workqueue_actions_batch_002.csv
45524,3612,16,2026-01-11,NOTE,2,Y,2026-01-12 10:00:00,batch_002,workqueue_actions_batch_002.csv
45525,3986,16,2026-01-12,CALL,4,N,2026-01-12 10:00:00,batch_002,workqueue_actions_batch_002.csv
45526,1940,4,2026-01-08,NOTE,1,N,2026-01-12 10:00:00,batch_002,workqueue_actions_batch_002.csv
45527,3011,17,2026-01-11,NOTE,2,N,2026-01-12 10:00:00,batch_002,workqueue_actions_batch_002.csv
45528,3406,14,2026-01-07,ESCALATE,1,Y,2026-01-12 10:00:00,batch_002,workqueue_actions_batch_002.csv
45529,2394,8,2026-01-11,CALL,3,N,2026-01-12 10:00:00,batch_002,workqueue_actions_batch_002.csv
45530,4571,15,2026-01-09,NOTE,2,N,2026-01-12 10:00:00,batch_002,workqueue_actions_batch_002.csv
45531,3228,19,2026-01-12,CALL,2,Y,2026-01-12 10:00:00,batch_002,workqueue_actions_batch_002.csv
45532,2602,10,2026-01-06,ESCALATE,0,N,2026-01-12 10:00:00,batch_002,workqueue_actions_batch_002.csv
45533,4363,20,2026-01-08,CALL,4,Y,2026-01-12 10:00:00,batch_002,workqueue_actions_batch_002.csv
45534,3651,19,2026-01-06,REVIEW,1,N,2026-01-12 10:00:00,batch_002,workqueue_actions_batch_002.csv
45535,2190,4,2026-01-12,NOTE,0,N,2026-01-12 10:00:00,batch_002,workqueue_actions_batch_002.csv
45536,3242,13,2026-01-05,REVIEW,3,N,2026-01-12 10:00:00,batch_002,workqueue_actions_batch_002.csv
45537,3099,20,2026-01-06,CALL,3,Y,2026-01-12 10:00:00,batch_002,workqueue_actions_batch_002.csv
45538,3175,5,2026-01-06,CALL,4,N,2026-01-12 10:00:00,batch_002,workqueue_actions_batch_002.csv
45539,4748,11,2026-01-10,NOTE,0,Y,2026-01-12 10:00:00,batch_002,workqueue_actions_batch_002.csv
45540,3538,11,2026-01-12,CALL,0,Y,2026-01-12 10:00:00,batch_002,workqueue_actions_batch_002.csv
45541,1036,9,2026-01-08,CALL,3,Y,2026-01-12 10:00:00,batch_002,workqueue_actions_batch_002.csv
45542,3508,20,2026-01-11,REVIEW,3,Y,2026-01-12 10:00:00,batch_002,workqueue_actions_batch_002.csv
45543,1445,16,2026-01-06,ESCALATE,4,N,2026-01-12 10:00:00,batch_002,workqueue_actions_batch_002.csv
45544,2522,8,2026-01-12,NOTE,3,Y,2026-01-12 10:00:00,batch_002,workqueue_actions_batch_002.csv
45545,5241,14,2026-01-06,ESCALATE,1,N,2026-01-12 10:00:00,batch_002,workqueue_actions_batch_002.csv
45546,4502,6,2026-01-09,ESCALATE,4,Y,2026-01-12 10:00:00,batch_002,workqueue_actions_batch_002.csv
45547,2242,12,2026-01-09,CALL,4,Y,2026-01-12 10:00:00,batch_002,workqueue_actions_batch_002.csv
45548,5232,2,2026-01-09,REVIEW,2,Y,2026-01-12 10:00:00,batch_002,workqueue_actions_batch_002.csv
45549,2980,2,2026-01-07,NOTE,3,Y,2026-01-12 10:00:00,batch_002,workqueue_actions_batch_002.csv
45550,3097,12,2026-01-12,CALL,0,Y,2026-01-12 10:00:00,batch_002,workqueue_actions_batch_002.csv
45551,4572,4,2026-01-09,NOTE,3,Y,2026-01-12 10:00:00,batch_002,workqueue_actions_batch_002.csv
45552,3930,12,2026-01-06,NOTE,3,N,2026-01-12 10:00:00,batch_002,workqueue_actions_batch_002.csv
45553,3945,16,2026-01-10,NOTE,2,N,2026-01-12 10:00:00,batch_002,workqueue_actions_batch_002.csv
45554,2355,19,2026-01-07,NOTE,4,Y,2026-01-12 10:00:00,batch_002,workqueue_actions_batch_002.csv
45555,4837,19,2026-01-07,CALL,0,N,2026-01-12 10:00:00,batch_002,workqueue_actions_batch_002.csv
45556,4727,6,2026-01-06,ESCALATE,1,Y,2026-01-12 10:00:00,batch_002,workqueue_actions_batch_002.csv
45557,1786,3,2026-01-06,NOTE,3,Y,2026-01-12 10:00:00,batch_002,workqueue_actions_batch_002.csv
45558,1141,16,2026-01-12,ESCALATE,4,Y,2026-01-12 10:00:00,batch_002,workqueue_actions_batch_002.csv
45559,3125,11,2026-01-06,ESCALATE,1,Y,2026-01-12 10:00:00,batch_002,workqueue_actions_batch_002.csv
45560,2021,17,2026-01-12,CALL,0,Y,2026-01-12 10:00:00,batch_002,workqueue_actions_batch_002.csv
45561,3112,1,2026-01-11,NOTE,4,Y,2026-01-12 10:00:00,batch_002,workqueue_actions_batch_002.csv
45562,4310,9,2026-01-11,NOTE,1,N,2026-01-12 10:00:00,batch_002,workqueue_actions_batch_002.csv
45563,5091,4,2026-01-12,ESCALATE,4,N,2026-01-12 10:00:00,batch_002,workqueue_actions_batch_002.csv
45564,2842,16,2026-01-07,ESCALATE,3,N,2026-01-12 10:00:00,batch_002,workqueue_actions_batch_002.csv
45565,3069,10,2026-01-09,REVIEW,4,N,2026-01-12 10:00:00,batch_002,workqueue_actions_batch_002.csv
45566,2576,12,2026-01-09,REVIEW,0,Y,2026-01-12 10:00:00,batch_002,workqueue_actions_batch_002.csv
45567,1910,2,2026-01-10,NOTE,3,N,2026-01-12 10:00:00,batch_002,workqueue_actions_batch_002.csv
45568,1034,19,2026-01-09,REVIEW,4,Y,2026-01-12 10:00:00,batch_002,workqueue_actions_batch_002.csv
45569,3557,12,2026-01-08,CALL,0,N,2026-01-12 10:00:00,batch_002,workqueue_actions_batch_002.csv
45570,4450,9,2026-01-05,ESCALATE,1,Y,2026-01-12 10:00:00,batch_002,workqueue_actions_batch_002.csv
45571,4346,14,2026-01-08,REVIEW,3,Y,2026-01-12 10:00:00,batch_002,workqueue_actions_batch_002.csv
45572,1352,11,2026-01-10,NOTE,2,Y,2026-01-12 10:00:00,batch_002,workqueue_actions_batch_002.csv
45573,5002,2,2026-01-12,CALL,1,N,2026-01-12 10:00:00,batch_002,workqueue_actions_batch_002.csv
45574,2400,14,2026-01-08,CALL,0,Y,2026-01-12 10:00:00,batch_002,workqueue_actions_batch_002.csv
45575,2944,13,2026-01-05,ESCALATE,3,N,2026-01-12 10:00:00,batch_002,workqueue_actions_batch_002.csv
45576,4768,7,2026-01-06,REVIEW,1,N,2026-01-12 10:00:00,batch_002,workqueue_actions_batch_002.csv
45577,2432,16,2026-01-12,CALL,1,N,2026-01-12 10:00:00,batch_002,workqueue_actions_batch_002.csv
45578,3620,14,2026-01-11,ESCALATE,0,Y,2026-01-12 10:00:00,batch_002,workqueue_actions_batch_002.csv
45579,4382,6,2026-01-09,REVIEW,1,Y,2026-01-12 10:00:00,batch_002,workqueue_actions_batch_002.csv
45580,2403,3,2026-01-10,CALL,3,Y,2026-01-12 10:00:00,batch_002,workqueue_actions_batch_002.csv
45581,3469,15,2026-01-06,REVIEW,3,Y,2026-01-12 10:00:00,batch_002,workqueue_actions_batch_002.csv
45582,1952,3,2026-01-07,REVIEW,1,N,2026-01-12 10:00:00,batch_002,workqueue_actions_batch_002.csv
45583,1146,3,2026-01-10,REVIEW,0,Y,2026-01-12 10:00:00,batch_002,workqueue_actions_batch_002.csv
45584,4514,7,2026-01-08,NOTE,1,N,2026-01-12 10:00:00,batch_002,workqueue_actions_batch_002.csv
45585,5152,15,2026-01-09,ESCALATE,4,Y,2026-01-12 10:00:00,batch_002,workqueue_actions_batch_002.csv
45586,2411,2,2026-01-06,ESCALATE,4,N,2026-01-12 10:00:00,batch_002,workqueue_actions_batch_002.csv
45587,4492,1,2026-01-08,CALL,4,Y,2026-01-12 10:00:00,batch_002,workqueue_actions_batch_002.csv
45588,2852,8,2026-01-09,NOTE,2,Y,2026-01-12 10:00:00,batch_002,workqueue_actions_batch_002.csv
45589,2766,1,2026-01-08,CALL,0,N,2026-01-12 10:00:00,batch_002,workqueue_actions_batch_002.csv
45590,1779,11,2026-01-12,REVIEW,0,N,2026-01-12 10:00:00,batch_002,workqueue_actions_batch_002.csv
45591,2327,9,2026-01-12,NOTE,1,N,2026-01-12 10:00:00,batch_002,workqueue_actions_batch_002.csv
45592,3337,13,2026-01-10,ESCALATE,0,N,2026-01-12 10:00:00,batch_002,workqueue_actions_batch_002.csv
45593,4039,7,2026-01-11,NOTE,3,N,2026-01-12 10:00:00,batch_002,workqueue_actions_batch_002.csv
45594,1475,11,2026-01-12,ESCALATE,0,N,2026-01-12 10:00:00,batch_002,workqueue_actions_batch_002.csv
45595,1663,10,2026-01-12,REVIEW,2,Y,2026-01-12 10:00:00,batch_002,workqueue_actions_batch_002.csv
45596,5100,13,2026-01-07,ESCALATE,3,Y,2026-01-12 10:00:00,batch_002,workqueue_actions_batch_002.csv
45597,3935,14,2026-01-11,ESCALATE,2,Y,2026-01-12 10:00:00,batch_002,workqueue_actions_batch_002.csv
45598,3257,13,2026-01-09,REVIEW,2,Y,2026-01-12 10:00:00,batch_002,workqueue_actions_batch_002.csv
45599,5167,11,2026-01-09,REVIEW,4,Y,2026-01-12 10:00:00,batch_002,workqueue_actions_batch_002.csv
45600,3199,12,2026-01-05,ESCALATE,0,Y,2026-01-12 10:00:00,batch_002,workqueue_actions_batch_002.csv
45601,1122,3,2026-01-10,NOTE,3,N,2026-01-12 10:00:00,batch_002,workqueue_actions_batch_002.csv
45602,2853,16,2026-01-06,ESCALATE,3,Y,2026-01-12 10:00:00,batch_002,workqueue_actions_batch_002.csv
45603,4893,15,2026-01-11,ESCALATE,3,Y,2026-01-12 10:00:00,batch_002,workqueue_actions_batch_002.csv
45604,4216,16,2026-01-05,NOTE,1,N,2026-01-12 10:00:00,batch_002,workqueue_actions_batch_002.csv
45605,4215,18,2026-01-11,ESCALATE,2,N,2026-01-12 10:00:00,batch_002,workqueue_actions_batch_002.csv
45606,1180,10,2026-01-08,ESCALATE,2,N,2026-01-12 10:00:00,batch_002,workqueue_actions_batch_002.csv
45607,4228,5,2026-01-10,NOTE,2,Y,2026-01-12 10:00:00,batch_002,workqueue_actions_batch_002.csv
45608,4668,16,2026-01-06,CALL,1,Y,2026-01-12 10:00:00,batch_002,workqueue_actions_batch_002.csv
45609,3357,16,2026-01-09,REVIEW,4,N,2026-01-12 10:00:00,batch_002,workqueue_actions_batch_002.csv
45610,4826,14,2026-01-09,NOTE,0,Y,2026-01-12 10:00:00,batch_002,workqueue_actions_batch_002.csv
45611,2024,3,2026-01-05,NOTE,4,N,2026-01-12 10:00:00,batch_002,workqueue_actions_batch_002.csv
45612,2726,9,2026-01-06,REVIEW,3,Y,2026-01-12 10:00:00,batch_002,workqueue_actions_batch_002.csv
45613,2945,5,2026-01-09,ESCALATE,2,Y,2026-01-12 10:00:00,batch_002,workqueue_actions_batch_002.csv
45614,1875,15,2026-01-11,CALL,3,Y,2026-01-12 10:00:00,batch_002,workqueue_actions_batch_002.csv
45615,4739,10,2026-01-08,ESCALATE,4,Y,2026-01-12 10:00:00,batch_002,workqueue_actions_batch_002.csv
45616,4510,17,2026-01-10,REVIEW,1,Y,2026-01-12 10:00:00,batch_002,workqueue_actions_batch_002.csv
45617,2126,13,2026-01-08,ESCALATE,4,N,2026-01-12 10:00:00,batch_002,workqueue_actions_batch_002.csv
45618,1725,6,2026-01-05,CALL,4,N,2026-01-12 10:00:00,batch_002,workqueue_actions_batch_002.csv
45619,2334,17,2026-01-05,REVIEW,1,Y,2026-01-12 10:00:00,batch_002,workqueue_actions_batch_002.csv
45620,1497,10,2026-01-10,REVIEW,4,N,2026-01-12 10:00:00,batch_002,workqueue_actions_batch_002.csv
45621,1582,16,2026-01-09,NOTE,0,N,2026-01-12 10:00:00,batch_002,workqueue_actions_batch_002.csv
45622,2721,9,2026-01-05,CALL,4,N,2026-01-12 10:00:00,batch_002,workqueue_actions_batch_002.csv
45623,2305,5,2026-01-09,NOTE,0,Y,2026-01-12 10:00:00,batch_002,workqueue_actions_batch_002.csv
45624,4024,15,2026-01-05,NOTE,1,Y,2026-01-12 10:00:00,batch_002,workqueue_actions_batch_002.csv
45625,1645,11,2026-01-09,REVIEW,3,Y,2026-01-12 10:00:00,batch_002,workqueue_actions_batch_002.csv
45626,1236,15,2026-01-08,ESCALATE,3,N,2026-01-12 10:00:00,batch_002,workqueue_actions_batch_002.csv
45627,4991,1,2026-01-12,NOTE,1,Y,2026-01-12 10:00:00,batch_002,workqueue_actions_batch_002.csv
45628,1623,20,2026-01-07,NOTE,2,Y,2026-01-12 10:00:00,batch_002,workqueue_actions_batch_002.csv
45629,4640,1,2026-01-10,CALL,1,N,2026-01-12 10:00:00,batch_002,workqueue_actions_batch_002.csv
45630,4823,20,2026-01-12,NOTE,0,N,2026-01-12 10:00:00,batch_002,workqueue_actions_batch_002.csv
45631,1238,17,2026-01-08,REVIEW,0,Y,2026-01-12 10:00:00,batch_002,workqueue_actions_batch_002.csv
45632,4713,14,2026-01-09,CALL,0,N,2026-01-12 10:00:00,batch_002,workqueue_actions_batch_002.csv
45633,2267,17,2026-01-11,ESCALATE,1,N,2026-01-12 10:00:00,batch_002,workqueue_actions_batch_002.csv
45634,4411,3,2026-01-06,REVIEW,2,Y,2026-01-12 10:00:00,batch_002,workqueue_actions_batch_002.csv
45635,3063,8,2026-01-10,REVIEW,0,N,2026-01-12 10:00:00,batch_002,workqueue_actions_batch_002.csv
45636,4650,12,2026-01-12,ESCALATE,0,Y,2026-01-12 10:00:00,batch_002,workqueue_actions_batch_002.csv
45637,3472,3,2026-01-08,ESCALATE,3,Y,2026-01-12 10:00:00,batch_002,workqueue_actions_batch_002.csv
45638,3545,17,2026-01-05,REVIEW,1,Y,2026-01-12 10:00:00,batch_002,workqueue_actions_batch_002.csv
45639,2096,15,2026-01-05,CALL,2,Y,2026-01-12 10:00:00,batch_002,workqueue_actions_batch_002.csv
45640,3364,18,2026-01-11,CALL,3,Y,2026-01-12 10:00:00,batch_002,workqueue_actions_batch_002.csv
45641,3717,20,2026-01-09,CALL,3,N,2026-01-12 10:00:00,batch_002,workqueue_actions_batch_002.csv
45642,5253,6,2026-01-12,REVIEW,2,N,2026-01-12 10:00:00,batch_002,workqueue_actions_batch_002.csv
45643,1915,17,2026-01-07,NOTE,0,Y,2026-01-12 10:00:00,batch_002,workqueue_actions_batch_002.csv
45644,4499,18,2026-01-09,NOTE,3,N,2026-01-12 10:00:00,batch_002,workqueue_actions_batch_002.csv
45645,1007,2,2026-01-10,REVIEW,1,Y,2026-01-12 10:00:00,batch_002,workqueue_actions_batch_002.csv
45646,2985,2,2026-01-07,REVIEW,0,N,2026-01-12 10:00:00,batch_002,workqueue_actions_batch_002.csv
45647,2461,1,2026-01-08,REVIEW,1,Y,2026-01-12 10:00:00,batch_002,workqueue_actions_batch_002.csv
45648,3560,5,2026-01-10,REVIEW,2,N,2026-01-12 10:00:00,batch_002,workqueue_actions_batch_002.csv
45649,4166,12,2026-01-09,CALL,1,Y,2026-01-12 10:00:00,batch_002,workqueue_actions_batch_002.csv
45650,1506,11,2026-01-08,REVIEW,0,N,2026-01-12 10:00:00,batch_002,workqueue_actions_batch_002.csv
45651,1648,11,2026-01-09,ESCALATE,4,N,2026-01-12 10:00:00,batch_002,workqueue_actions_batch_002.csv
45652,2778,9,2026-01-06,CALL,2,N,2026-01-12 10:00:00,batch_002,workqueue_actions_batch_002.csv
45653,2191,14,2026-01-09,NOTE,3,N,2026-01-12 10:00:00,batch_002,workqueue_actions_batch_002.csv
45654,2869,14,2026-01-06,NOTE,0,N,2026-01-12 10:00:00,batch_002,workqueue_actions_batch_002.csv
45655,3052,20,2026-01-08,NOTE,3,Y,2026-01-12 10:00:00,batch_002,workqueue_actions_batch_002.csv
45656,2123,17,2026-01-10,NOTE,0,Y,2026-01-12 10:00:00,batch_002,workqueue_actions_batch_002.csv
45657,4607,10,2026-01-11,CALL,3,Y,2026-01-12 10:00:00,batch_002,workqueue_actions_batch_002.csv
45658,4699,13,2026-01-11,CALL,4,N,2026-01-12 10:00:00,batch_002,workqueue_actions_batch_002.csv
45659,1957,6,2026-01-11,REVIEW,0,N,2026-01-12 10:00:00,batch_002,workqueue_actions_batch_002.csv
45660,2545,16,2026-01-09,ESCALATE,1,Y,2026-01-12 10:00:00,batch_002,workqueue_actions_batch_002.csv
45661,2574,1,2026-01-12,CALL,2,Y,2026-01-12 10:00:00,batch_002,workqueue_actions_batch_002.csv
45662,3236,2,2026-01-08,CALL,3,N,2026-01-12 10:00:00,batch_002,workqueue_actions_batch_002.csv
45663,3387,13,2026-01-07,REVIEW,4,N,2026-01-12 10:00:00,batch_002,workqueue_actions_batch_002.csv
45664,1430,9,2026-01-11,CALL,0,Y,2026-01-12 10:00:00,batch_002,workqueue_actions_batch_002.csv
45665,4177,1,2026-01-09,REVIEW,1,Y,2026-01-12 10:00:00,batch_002,workqueue_actions_batch_002.csv
45666,4744,4,2026-01-12,NOTE,0,Y,2026-01-12 10:00:00,batch_002,workqueue_actions_batch_002.csv
45667,1155,17,2026-01-10,NOTE,4,Y,2026-01-12 10:00:00,batch_002,workqueue_actions_batch_002.csv
45668,4631,7,2026-01-06,ESCALATE,0,N,2026-01-12 10:00:00,batch_002,workqueue_actions_batch_002.csv
45669,4700,2,2026-01-12,NOTE,0,N,2026-01-12 10:00:00,batch_002,workqueue_actions_batch_002.csv
45670,5300,8,2026-01-05,NOTE,1,N,2026-01-12 10:00:00,batch_002,workqueue_actions_batch_002.csv
45671,3422,2,2026-01-08,NOTE,4,N,2026-01-12 10:00:00,batch_002,workqueue_actions_batch_002.csv
45672,2187,6,2026-01-11,ESCALATE,4,Y,2026-01-12 10:00:00,batch_002,workqueue_actions_batch_002.csv
45673,5070,9,2026-01-10,REVIEW,1,N,2026-01-12 10:00:00,batch_002,workqueue_actions_batch_002.csv
45674,2341,8,2026-01-09,REVIEW,1,N,2026-01-12 10:00:00,batch_002,workqueue_actions_batch_002.csv
45675,4907,2,2026-01-10,CALL,0,Y,2026-01-12 10:00:00,batch_002,workqueue_actions_batch_002.csv
45676,3398,15,2026-01-09,NOTE,4,N,2026-01-12 10:00:00,batch_002,workqueue_actions_batch_002.csv
45677,4126,7,2026-01-08,NOTE,1,N,2026-01-12 10:00:00,batch_002,workqueue_actions_batch_002.csv
45678,4866,13,2026-01-10,CALL,4,Y,2026-01-12 10:00:00,batch_002,workqueue_actions_batch_002.csv
45679,2720,13,2026-01-07,REVIEW,4,N,2026-01-12 10:00:00,batch_002,workqueue_actions_batch_002.csv
45680,5104,16,2026-01-08,NOTE,3,Y,2026-01-12 10:00:00,batch_002,workqueue_actions_batch_002.csv
45681,3526,18,2026-01-11,ESCALATE,4,Y,2026-01-12 10:00:00,batch_002,workqueue_actions_batch_002.csv
45682,4210,5,2026-01-11,NOTE,3,Y,2026-01-12 10:00:00,batch_002,workqueue_actions_batch_002.csv
45683,4993,18,2026-01-11,NOTE,0,Y,2026-01-12 10:00:00,batch_002,workqueue_actions_batch_002.csv
45684,1707,16,2026-01-05,CALL,2,N,2026-01-12 10:00:00,batch_002,workqueue_actions_batch_002.csv
45685,4369,16,2026-01-06,NOTE,4,N,2026-01-12 10:00:00,batch_002,workqueue_actions_batch_002.csv
45686,3481,3,2026-01-08,CALL,3,Y,2026-01-12 10:00:00,batch_002,workqueue_actions_batch_002.csv
45687,3010,20,2026-01-10,ESCALATE,2,Y,2026-01-12 10:00:00,batch_002,workqueue_actions_batch_002.csv
45688,4706,4,2026-01-08,CALL,3,Y,2026-01-12 10:00:00,batch_002,workqueue_actions_batch_002.csv
45689,4403,9,2026-01-11,CALL,0,N,2026-01-12 10:00:00,batch_002,workqueue_actions_batch_002.csv
45690,2042,10,2026-01-12,ESCALATE,4,Y,2026-01-12 10:00:00,batch_002,workqueue_actions_batch_002.csv
45691,2776,7,2026-01-07,NOTE,2,Y,2026-01-12 10:00:00,batch_002,workqueue_actions_batch_002.csv
45692,2176,10,2026-01-09,REVIEW,0,Y,2026-01-12 10:00:00,batch_002,workqueue_actions_batch_002.csv
45693,3332,1,2026-01-12,ESCALATE,3,Y,2026-01-12 10:00:00,batch_002,workqueue_actions_batch_002.csv
45694,1651,12,2026-01-07,NOTE,4,N,2026-01-12 10:00:00,batch_002,workqueue_actions_batch_002.csv
45695,4512,5,2026-01-10,ESCALATE,3,Y,2026-01-12 10:00:00,batch_002,workqueue_actions_batch_002.csv
45696,3821,7,2026-01-05,NOTE,0,N,2026-01-12 10:00:00,batch_002,workqueue_actions_batch_002.csv
45697,5194,16,2026-01-05,CALL,3,Y,2026-01-12 10:00:00,batch_002,workqueue_actions_batch_002.csv
45698,3425,8,2026-01-11,REVIEW,1,N,2026-01-12 10:00:00,batch_002,workqueue_actions_batch_002.csv
45699,5249,7,2026-01-05,NOTE,1,N,2026-01-12 10:00:00,batch_002,workqueue_actions_batch_002.csv
45700,5244,16,2026-01-07,REVIEW,3,N,2026-01-12 10:00:00,batch_002,workqueue_actions_batch_002.csv
45701,2520,19,2026-01-05,ESCALATE,2,N,2026-01-12 10:00:00,batch_002,workqueue_actions_batch_002.csv
45702,4977,10,2026-01-05,CALL,4,Y,2026-01-12 10:00:00,batch_002,workqueue_actions_batch_002.csv
45703,4853,1,2026-01-10,CALL,4,N,2026-01-12 10:00:00,batch_002,workqueue_actions_batch_002.csv
45704,1559,12,2026-01-09,CALL,2,N,2026-01-12 10:00:00,batch_002,workqueue_actions_batch_002.csv
45705,4938,11,2026-01-10,ESCALATE,1,Y,2026-01-12 10:00:00,batch_002,workqueue_actions_batch_002.csv
45706,2447,19,2026-01-07,CALL,2,N,2026-01-12 10:00:00,batch_002,workqueue_actions_batch_002.csv
45707,3502,2,2026-01-09,ESCALATE,3,Y,2026-01-12 10:00:00,batch_002,workqueue_actions_batch_002.csv
45708,1693,9,2026-01-10,CALL,0,Y,2026-01-12 10:00:00,batch_002,workqueue_actions_batch_002.csv
45709,2660,7,2026-01-12,NOTE,2,Y,2026-01-12 10:00:00,batch_002,workqueue_actions_batch_002.csv
45710,3043,1,2026-01-05,CALL,4,N,2026-01-12 10:00:00,batch_002,workqueue_actions_batch_002.csv
45711,1512,16,2026-01-07,REVIEW,3,Y,2026-01-12 10:00:00,batch_002,workqueue_actions_batch_002.csv
45712,1451,7,2026-01-12,REVIEW,4,N,2026-01-12 10:00:00,batch_002,workqueue_actions_batch_002.csv
45713,3196,8,2026-01-05,REVIEW,2,Y,2026-01-12 10:00:00,batch_002,workqueue_actions_batch_002.csv
45714,4789,8,2026-01-06,CALL,2,Y,2026-01-12 10:00:00,batch_002,workqueue_actions_batch_002.csv
45715,3499,4,2026-01-07,CALL,2,Y,2026-01-12 10:00:00,batch_002,workqueue_actions_batch_002.csv
45716,4700,16,2026-01-09,NOTE,0,N,2026-01-12 10:00:00,batch_002,workqueue_actions_batch_002.csv
45717,4937,11,2026-01-09,ESCALATE,1,Y,2026-01-12 10:00:00,batch_002,workqueue_actions_batch_002.csv
45718,2364,13,2026-01-05,CALL,4,N,2026-01-12 10:00:00,batch_002,workqueue_actions_batch_002.csv
45719,5030,1,2026-01-06,ESCALATE,2,N,2026-01-12 10:00:00,batch_002,workqueue_actions_batch_002.csv
45720,4534,16,2026-01-10,NOTE,1,Y,2026-01-12 10:00:00,batch_002,workqueue_actions_batch_002.csv
45721,2919,11,2026-01-09,NOTE,1,Y,2026-01-12 10:00:00,batch_002,workqueue_actions_batch_002.csv
45722,1101,15,2026-01-09,CALL,0,N,2026-01-12 10:00:00,batch_002,workqueue_actions_batch_002.csv
45723,4006,15,2026-01-06,NOTE,4,N,2026-01-12 10:00:00,batch_002,workqueue_actions_batch_002.csv
45724,2007,4,2026-01-10,NOTE,3,N,2026-01-12 10:00:00,batch_002,workqueue_actions_batch_002.csv
45725,1673,4,2026-01-07,NOTE,2,N,2026-01-12 10:00:00,batch_002,workqueue_actions_batch_002.csv
45726,1658,20,2026-01-09,REVIEW,4,Y,2026-01-12 10:00:00,batch_002,workqueue_actions_batch_002.csv
45727,1382,9,2026-01-05,REVIEW,2,N,2026-01-12 10:00:00,batch_002,workqueue_actions_batch_002.csv
45728,2733,2,2026-01-09,ESCALATE,3,N,2026-01-12 10:00:00,batch_002,workqueue_actions_batch_002.csv
45729,3045,13,2026-01-05,REVIEW,3,N,2026-01-12 10:00:00,batch_002,workqueue_actions_batch_002.csv
45730,2625,13,2026-01-06,ESCALATE,4,Y,2026-01-12 10:00:00,batch_002,workqueue_actions_batch_002.csv
45731,1936,5,2026-01-07,NOTE,0,N,2026-01-12 10:00:00,batch_002,workqueue_actions_batch_002.csv
45732,4666,6,2026-01-06,CALL,0,Y,2026-01-12 10:00:00,batch_002,workqueue_actions_batch_002.csv
45733,3085,4,2026-01-09,ESCALATE,2,N,2026-01-12 10:00:00,batch_002,workqueue_actions_batch_002.csv
45734,3702,5,2026-01-10,ESCALATE,2,Y,2026-01-12 10:00:00,batch_002,workqueue_actions_batch_002.csv
45735,4549,9,2026-01-12,REVIEW,3,N,2026-01-12 10:00:00,batch_002,workqueue_actions_batch_002.csv
45736,3793,20,2026-01-05,REVIEW,4,Y,2026-01-12 10:00:00,batch_002,workqueue_actions_batch_002.csv
45737,1874,12,2026-01-12,NOTE,2,N,2026-01-12 10:00:00,batch_002,workqueue_actions_batch_002.csv
45738,3743,1,2026-01-05,ESCALATE,3,Y,2026-01-12 10:00:00,batch_002,workqueue_actions_batch_002.csv
45739,4811,17,2026-01-06,CALL,0,N,2026-01-12 10:00:00,batch_002,workqueue_actions_batch_002.csv
45740,5175,17,2026-01-06,CALL,0,N,2026-01-12 10:00:00,batch_002,workqueue_actions_batch_002.csv
45741,4700,5,2026-01-06,CALL,0,Y,2026-01-12 10:00:00,batch_002,workqueue_actions_batch_002.csv
45742,1346,17,2026-01-06,NOTE,3,Y,2026-01-12 10:00:00,batch_002,workqueue_actions_batch_002.csv
45743,3889,14,2026-01-12,NOTE,2,N,2026-01-12 10:00:00,batch_002,workqueue_actions_batch_002.csv
45744,1378,11,2026-01-10,REVIEW,0,Y,2026-01-12 10:00:00,batch_002,workqueue_actions_batch_002.csv
45745,2497,7,2026-01-06,ESCALATE,2,Y,2026-01-12 10:00:00,batch_002,workqueue_actions_batch_002.csv
45746,4297,19,2026-01-05,REVIEW,1,N,2026-01-12 10:00:00,batch_002,workqueue_actions_batch_002.csv
45747,1365,17,2026-01-12,REVIEW,4,Y,2026-01-12 10:00:00,batch_002,workqueue_actions_batch_002.csv
45748,3640,14,2026-01-10,CALL,3,N,2026-01-12 10:00:00,batch_002,workqueue_actions_batch_002.csv
45749,5212,18,2026-01-08,CALL,1,Y,2026-01-12 10:00:00,batch_002,workqueue_actions_batch_002.csv
45750,3274,2,2026-01-07,REVIEW,2,N,2026-01-12 10:00:00,batch_002,workqueue_actions_batch_002.csv
45751,1717,8,2026-01-09,REVIEW,0,Y,2026-01-12 10:00:00,batch_002,workqueue_actions_batch_002.csv
45752,3150,9,2026-01-05,NOTE,4,N,2026-01-12 10:00:00,batch_002,workqueue_actions_batch_002.csv
45753,2336,5,2026-01-09,NOTE,1,N,2026-01-12 10:00:00,batch_002,workqueue_actions_batch_002.csv
45754,4822,12,2026-01-08,REVIEW,0,N,2026-01-12 10:00:00,batch_002,workqueue_actions_batch_002.csv
45755,4716,3,2026-01-07,ESCALATE,1,N,2026-01-12 10:00:00,batch_002,workqueue_actions_batch_002.csv
45756,1343,2,2026-01-11,REVIEW,1,N,2026-01-12 10:00:00,batch_002,workqueue_actions_batch_002.csv
45757,3258,7,2026-01-05,REVIEW,4,Y,2026-01-12 10:00:00,batch_002,workqueue_actions_batch_002.csv
45758,1157,7,2026-01-07,REVIEW,2,N,2026-01-12 10:00:00,batch_002,workqueue_actions_batch_002.csv
45759,4675,20,2026-01-10,NOTE,4,Y,2026-01-12 10:00:00,batch_002,workqueue_actions_batch_002.csv
45760,4064,6,2026-01-05,NOTE,1,N,2026-01-12 10:00:00,batch_002,workqueue_actions_batch_002.csv
45761,3911,12,2026-01-10,NOTE,1,Y,2026-01-12 10:00:00,batch_002,workqueue_actions_batch_002.csv
45762,4409,8,2026-01-05,ESCALATE,2,N,2026-01-12 10:00:00,batch_002,workqueue_actions_batch_002.csv
45763,1933,19,2026-01-11,REVIEW,2,Y,2026-01-12 10:00:00,batch_002,workqueue_actions_batch_002.csv
45764,2959,8,2026-01-06,ESCALATE,3,Y,2026-01-12 10:00:00,batch_002,workqueue_actions_batch_002.csv
45765,1372,9,2026-01-10,CALL,2,N,2026-01-12 10:00:00,batch_002,workqueue_actions_batch_002.csv
45766,2632,20,2026-01-07,REVIEW,1,N,2026-01-12 10:00:00,batch_002,workqueue_actions_batch_002.csv
45767,4522,19,2026-01-12,ESCALATE,4,Y,2026-01-12 10:00:00,batch_002,workqueue_actions_batch_002.csv
45768,4329,13,2026-01-09,NOTE,4,N,2026-01-12 10:00:00,batch_002,workqueue_actions_batch_002.csv
45769,2177,18,2026-01-11,NOTE,0,N,2026-01-12 10:00:00,batch_002,workqueue_actions_batch_002.csv
45770,2901,3,2026-01-06,NOTE,1,Y,2026-01-12 10:00:00,batch_002,workqueue_actions_batch_002.csv
45771,4133,8,2026-01-10,REVIEW,4,N,2026-01-12 10:00:00,batch_002,workqueue_actions_batch_002.csv
45772,3335,10,2026-01-08,NOTE,2,Y,2026-01-12 10:00:00,batch_002,workqueue_actions_batch_002.csv
45773,2661,12,2026-01-05,REVIEW,1,Y,2026-01-12 10:00:00,batch_002,workqueue_actions_batch_002.csv
45774,3935,10,2026-01-10,ESCALATE,4,N,2026-01-12 10:00:00,batch_002,workqueue_actions_batch_002.csv
45775,4539,10,2026-01-10,NOTE,2,N,2026-01-12 10:00:00,batch_002,workqueue_actions_batch_002.csv
45776,4347,14,2026-01-09,CALL,3,Y,2026-01-12 10:00:00,batch_002,workqueue_actions_batch_002.csv
45777,3121,17,2026-01-06,NOTE,4,N,2026-01-12 10:00:00,batch_002,workqueue_actions_batch_002.csv
45778,3824,18,2026-01-08,CALL,3,N,2026-01-12 10:00:00,batch_002,workqueue_actions_batch_002.csv
45779,1962,9,2026-01-10,ESCALATE,1,N,2026-01-12 10:00:00,batch_002,workqueue_actions_batch_002.csv
45780,3102,15,2026-01-08,CALL,0,Y,2026-01-12 10:00:00,batch_002,workqueue_actions_batch_002.csv
45781,5020,18,2026-01-05,CALL,3,Y,2026-01-12 10:00:00,batch_002,workqueue_actions_batch_002.csv
45782,4428,1,2026-01-10,NOTE,1,N,2026-01-12 10:00:00,batch_002,workqueue_actions_batch_002.csv
45783,3878,10,2026-01-07,ESCALATE,2,Y,2026-01-12 10:00:00,batch_002,workqueue_actions_batch_002.csv
45784,4243,10,2026-01-09,CALL,3,Y,2026-01-12 10:00:00,batch_002,workqueue_actions_batch_002.csv
45785,3702,18,2026-01-10,REVIEW,2,Y,2026-01-12 10:00:00,batch_002,workqueue_actions_batch_002.csv
45786,1480,14,2026-01-10,NOTE,0,N,2026-01-12 10:00:00,batch_002,workqueue_actions_batch_002.csv
45787,4105,13,2026-01-06,CALL,4,Y,2026-01-12 10:00:00,batch_002,workqueue_actions_batch_002.csv
45788,2244,10,2026-01-10,REVIEW,1,N,2026-01-12 10:00:00,batch_002,workqueue_actions_batch_002.csv
45789,5204,8,2026-01-09,ESCALATE,3,Y,2026-01-12 10:00:00,batch_002,workqueue_actions_batch_002.csv
45790,3891,17,2026-01-05,CALL,1,N,2026-01-12 10:00:00,batch_002,workqueue_actions_batch_002.csv
45791,3527,14,2026-01-08,ESCALATE,4,N,2026-01-12 10:00:00,batch_002,workqueue_actions_batch_002.csv
45792,4234,12,2026-01-07,NOTE,3,N,2026-01-12 10:00:00,batch_002,workqueue_actions_batch_002.csv
45793,3536,18,2026-01-09,NOTE,1,N,2026-01-12 10:00:00,batch_002,workqueue_actions_batch_002.csv
45794,1462,7,2026-01-08,NOTE,0,Y,2026-01-12 10:00:00,batch_002,workqueue_actions_batch_002.csv
45795,2509,3,2026-01-05,CALL,3,Y,2026-01-12 10:00:00,batch_002,workqueue_actions_batch_002.csv
45796,5279,13,2026-01-10,REVIEW,1,Y,2026-01-12 10:00:00,batch_002,workqueue_actions_batch_002.csv
45797,2299,11,2026-01-12,ESCALATE,2,N,2026-01-12 10:00:00,batch_002,workqueue_actions_batch_002.csv
45798,1870,5,2026-01-12,NOTE,1,N,2026-01-12 10:00:00,batch_002,workqueue_actions_batch_002.csv
45799,2990,8,2026-01-10,REVIEW,2,Y,2026-01-12 10:00:00,batch_002,workqueue_actions_batch_002.csv
45800,2124,14,2026-01-12,CALL,4,N,2026-01-12 10:00:00,batch_002,workqueue_actions_batch_002.csv
45801,5182,7,2026-01-12,CALL,0,Y,2026-01-12 10:00:00,batch_002,workqueue_actions_batch_002.csv
45802,1186,12,2026-01-05,REVIEW,4,N,2026-01-12 10:00:00,batch_002,workqueue_actions_batch_002.csv
45803,4171,14,2026-01-10,NOTE,2,Y,2026-01-12 10:00:00,batch_002,workqueue_actions_batch_002.csv
45804,2072,8,2026-01-05,NOTE,4,N,2026-01-12 10:00:00,batch_002,workqueue_actions_batch_002.csv
45805,1795,8,2026-01-07,ESCALATE,4,N,2026-01-12 10:00:00,batch_002,workqueue_actions_batch_002.csv
45806,2171,14,2026-01-12,NOTE,0,Y,2026-01-12 10:00:00,batch_002,workqueue_actions_batch_002.csv
45807,4477,15,2026-01-05,CALL,1,Y,2026-01-12 10:00:00,batch_002,workqueue_actions_batch_002.csv
45808,1419,17,2026-01-05,CALL,2,N,2026-01-12 10:00:00,batch_002,workqueue_actions_batch_002.csv
45809,1347,9,2026-01-12,NOTE,4,Y,2026-01-12 10:00:00,batch_002,workqueue_actions_batch_002.csv
45810,4731,2,2026-01-07,ESCALATE,3,N,2026-01-12 10:00:00,batch_002,workqueue_actions_batch_002.csv
45811,1963,17,2026-01-08,CALL,1,Y,2026-01-12 10:00:00,batch_002,workqueue_actions_batch_002.csv
45812,2365,7,2026-01-11,ESCALATE,4,N,2026-01-12 10:00:00,batch_002,workqueue_actions_batch_002.csv
45813,3156,8,2026-01-09,ESCALATE,0,Y,2026-01-12 10:00:00,batch_002,workqueue_actions_batch_002.csv
45814,1664,12,2026-01-07,CALL,1,N,2026-01-12 10:00:00,batch_002,workqueue_actions_batch_002.csv
45815,3546,2,2026-01-12,NOTE,2,N,2026-01-12 10:00:00,batch_002,workqueue_actions_batch_002.csv
45816,2003,3,2026-01-06,ESCALATE,3,Y,2026-01-12 10:00:00,batch_002,workqueue_actions_batch_002.csv
45817,5095,17,2026-01-12,ESCALATE,2,N,2026-01-12 10:00:00,batch_002,workqueue_actions_batch_002.csv
45818,4355,2,2026-01-09,NOTE,2,Y,2026-01-12 10:00:00,batch_002,workqueue_actions_batch_002.csv
45819,3869,9,2026-01-06,ESCALATE,3,Y,2026-01-12 10:00:00,batch_002,workqueue_actions_batch_002.csv
45820,1385,1,2026-01-08,REVIEW,3,Y,2026-01-12 10:00:00,batch_002,workqueue_actions_batch_002.csv
45821,1769,3,2026-01-09,ESCALATE,2,Y,2026-01-12 10:00:00,batch_002,workqueue_actions_batch_002.csv
45822,4963,16,2026-01-09,ESCALATE,0,N,2026-01-12 10:00:00,batch_002,workqueue_actions_batch_002.csv
45823,1443,3,2026-01-10,NOTE,1,Y,2026-01-12 10:00:00,batch_002,workqueue_actions_batch_002.csv
45824,1397,9,2026-01-06,NOTE,1,N,2026-01-12 10:00:00,batch_002,workqueue_actions_batch_002.csv
45825,3269,17,2026-01-08,ESCALATE,4,N,2026-01-12 10:00:00,batch_002,workqueue_actions_batch_002.csv
45826,4744,11,2026-01-12,NOTE,0,N,2026-01-12 10:00:00,batch_002,workqueue_actions_batch_002.csv
45827,2097,20,2026-01-05,REVIEW,3,Y,2026-01-12 10:00:00,batch_002,workqueue_actions_batch_002.csv
45828,3673,18,2026-01-12,NOTE,2,Y,2026-01-12 10:00:00,batch_002,workqueue_actions_batch_002.csv
45829,2668,6,2026-01-09,NOTE,2,N,2026-01-12 10:00:00,batch_002,workqueue_actions_batch_002.csv
45830,3714,20,2026-01-08,ESCALATE,0,N,2026-01-12 10:00:00,batch_002,workqueue_actions_batch_002.csv
45831,1583,19,2026-01-09,ESCALATE,3,Y,2026-01-12 10:00:00,batch_002,workqueue_actions_batch_002.csv
45832,5223,4,2026-01-12,NOTE,2,N,2026-01-12 10:00:00,batch_002,workqueue_actions_batch_002.csv
45833,1930,10,2026-01-05,CALL,0,N,2026-01-12 10:00:00,batch_002,workqueue_actions_batch_002.csv
45834,4504,18,2026-01-08,NOTE,0,N,2026-01-12 10:00:00,batch_002,workqueue_actions_batch_002.csv
45835,2477,17,2026-01-11,REVIEW,1,N,2026-01-12 10:00:00,batch_002,workqueue_actions_batch_002.csv
45836,1088,2,2026-01-08,CALL,2,Y,2026-01-12 10:00:00,batch_002,workqueue_actions_batch_002.csv
45837,3051,1,2026-01-11,ESCALATE,1,Y,2026-01-12 10:00:00,batch_002,workqueue_actions_batch_002.csv
45838,4652,11,2026-01-08,CALL,0,N,2026-01-12 10:00:00,batch_002,workqueue_actions_batch_002.csv
45839,2144,7,2026-01-07,ESCALATE,4,Y,2026-01-12 10:00:00,batch_002,workqueue_actions_batch_002.csv
45840,2939,14,2026-01-10,ESCALATE,0,Y,2026-01-12 10:00:00,batch_002,workqueue_actions_batch_002.csv
45841,3337,18,2026-01-06,ESCALATE,1,N,2026-01-12 10:00:00,batch_002,workqueue_actions_batch_002.csv
45842,1374,5,2026-01-06,ESCALATE,1,N,2026-01-12 10:00:00,batch_002,workqueue_actions_batch_002.csv
45843,4851,1,2026-01-10,ESCALATE,1,Y,2026-01-12 10:00:00,batch_002,workqueue_actions_batch_002.csv
45844,4581,10,2026-01-06,CALL,0,N,2026-01-12 10:00:00,batch_002,workqueue_actions_batch_002.csv
45845,4817,2,2026-01-08,ESCALATE,4,Y,2026-01-12 10:00:00,batch_002,workqueue_actions_batch_002.csv
45846,3661,12,2026-01-08,ESCALATE,3,Y,2026-01-12 10:00:00,batch_002,workqueue_actions_batch_002.csv
45847,1870,6,2026-01-07,ESCALATE,0,Y,2026-01-12 10:00:00,batch_002,workqueue_actions_batch_002.csv
45848,3873,16,2026-01-07,CALL,1,N,2026-01-12 10:00:00,batch_002,workqueue_actions_batch_002.csv
45849,4500,9,2026-01-08,NOTE,3,N,2026-01-12 10:00:00,batch_002,workqueue_actions_batch_002.csv
45850,1757,10,2026-01-10,ESCALATE,4,N,2026-01-12 10:00:00,batch_002,workqueue_actions_batch_002.csv
45851,1029,2,2026-01-05,REVIEW,1,Y,2026-01-12 10:00:00,batch_002,workqueue_actions_batch_002.csv
45852,4048,1,2026-01-10,CALL,2,N,2026-01-12 10:00:00,batch_002,workqueue_actions_batch_002.csv
45853,5143,17,2026-01-09,REVIEW,1,N,2026-01-12 10:00:00,batch_002,workqueue_actions_batch_002.csv
45854,1328,12,2026-01-08,CALL,3,Y,2026-01-12 10:00:00,batch_002,workqueue_actions_batch_002.csv
45855,4097,3,2026-01-10,NOTE,0,Y,2026-01-12 10:00:00,batch_002,workqueue_actions_batch_002.csv
45856,1197,20,2026-01-08,REVIEW,2,Y,2026-01-12 10:00:00,batch_002,workqueue_actions_batch_002.csv
45857,3374,1,2026-01-12,NOTE,2,N,2026-01-12 10:00:00,batch_002,workqueue_actions_batch_002.csv
45858,4826,18,2026-01-05,REVIEW,4,N,2026-01-12 10:00:00,batch_002,workqueue_actions_batch_002.csv
45859,3053,9,2026-01-05,REVIEW,0,Y,2026-01-12 10:00:00,batch_002,workqueue_actions_batch_002.csv
45860,4424,15,2026-01-09,ESCALATE,4,Y,2026-01-12 10:00:00,batch_002,workqueue_actions_batch_002.csv
45861,2713,8,2026-01-07,CALL,3,N,2026-01-12 10:00:00,batch_002,workqueue_actions_batch_002.csv
45862,4264,13,2026-01-05,REVIEW,0,Y,2026-01-12 10:00:00,batch_002,workqueue_actions_batch_002.csv
45863,5070,15,2026-01-07,NOTE,0,Y,2026-01-12 10:00:00,batch_002,workqueue_actions_batch_002.csv
45864,2300,5,2026-01-09,NOTE,1,Y,2026-01-12 10:00:00,batch_002,workqueue_actions_batch_002.csv
45865,4962,9,2026-01-09,NOTE,2,N,2026-01-12 10:00:00,batch_002,workqueue_actions_batch_002.csv
45866,4954,10,2026-01-10,REVIEW,2,N,2026-01-12 10:00:00,batch_002,workqueue_actions_batch_002.csv
45867,1373,19,2026-01-10,NOTE,4,Y,2026-01-12 10:00:00,batch_002,workqueue_actions_batch_002.csv
45868,3485,9,2026-01-12,REVIEW,4,N,2026-01-12 10:00:00,batch_002,workqueue_actions_batch_002.csv
45869,5009,12,2026-01-08,NOTE,1,N,2026-01-12 10:00:00,batch_002,workqueue_actions_batch_002.csv
45870,4568,8,2026-01-11,REVIEW,1,Y,2026-01-12 10:00:00,batch_002,workqueue_actions_batch_002.csv
45871,4771,20,2026-01-08,NOTE,0,N,2026-01-12 10:00:00,batch_002,workqueue_actions_batch_002.csv
45872,1523,8,2026-01-08,NOTE,3,Y,2026-01-12 10:00:00,batch_002,workqueue_actions_batch_002.csv
45873,3355,18,2026-01-05,NOTE,3,N,2026-01-12 10:00:00,batch_002,workqueue_actions_batch_002.csv
45874,3707,7,2026-01-06,REVIEW,1,N,2026-01-12 10:00:00,batch_002,workqueue_actions_batch_002.csv
45875,4344,2,2026-01-06,ESCALATE,1,Y,2026-01-12 10:00:00,batch_002,workqueue_actions_batch_002.csv
45876,1263,11,2026-01-07,NOTE,4,N,2026-01-12 10:00:00,batch_002,workqueue_actions_batch_002.csv
45877,1304,1,2026-01-07,REVIEW,0,Y,2026-01-12 10:00:00,batch_002,workqueue_actions_batch_002.csv
45878,3097,12,2026-01-05,NOTE,3,N,2026-01-12 10:00:00,batch_002,workqueue_actions_batch_002.csv
45879,3187,12,2026-01-11,ESCALATE,1,Y,2026-01-12 10:00:00,batch_002,workqueue_actions_batch_002.csv
45880,5037,1,2026-01-12,NOTE,2,Y,2026-01-12 10:00:00,batch_002,workqueue_actions_batch_002.csv
45881,3306,20,2026-01-11,CALL,2,Y,2026-01-12 10:00:00,batch_002,workqueue_actions_batch_002.csv
45882,1513,8,2026-01-05,REVIEW,3,Y,2026-01-12 10:00:00,batch_002,workqueue_actions_batch_002.csv
45883,1081,16,2026-01-09,REVIEW,1,N,2026-01-12 10:00:00,batch_002,workqueue_actions_batch_002.csv
45884,3411,14,2026-01-08,ESCALATE,0,N,2026-01-12 10:00:00,batch_002,workqueue_actions_batch_002.csv
45885,3426,3,2026-01-09,REVIEW,4,N,2026-01-12 10:00:00,batch_002,workqueue_actions_batch_002.csv
45886,1390,10,2026-01-06,ESCALATE,1,Y,2026-01-12 10:00:00,batch_002,workqueue_actions_batch_002.csv
45887,2843,13,2026-01-12,ESCALATE,3,N,2026-01-12 10:00:00,batch_002,workqueue_actions_batch_002.csv
45888,4491,14,2026-01-06,NOTE,4,Y,2026-01-12 10:00:00,batch_002,workqueue_actions_batch_002.csv
45889,4193,10,2026-01-06,NOTE,3,Y,2026-01-12 10:00:00,batch_002,workqueue_actions_batch_002.csv
45890,4956,20,2026-01-07,REVIEW,4,Y,2026-01-12 10:00:00,batch_002,workqueue_actions_batch_002.csv
45891,1500,3,2026-01-10,ESCALATE,2,Y,2026-01-12 10:00:00,batch_002,workqueue_actions_batch_002.csv
45892,4707,13,2026-01-09,NOTE,4,N,2026-01-12 10:00:00,batch_002,workqueue_actions_batch_002.csv
45893,5159,20,2026-01-10,REVIEW,3,N,2026-01-12 10:00:00,batch_002,workqueue_actions_batch_002.csv
45894,2659,7,2026-01-10,CALL,1,N,2026-01-12 10:00:00,batch_002,workqueue_actions_batch_002.csv
45895,5233,7,2026-01-09,REVIEW,2,Y,2026-01-12 10:00:00,batch_002,workqueue_actions_batch_002.csv
45896,4140,7,2026-01-08,REVIEW,3,N,2026-01-12 10:00:00,batch_002,workqueue_actions_batch_002.csv
45897,2908,3,2026-01-09,REVIEW,4,N,2026-01-12 10:00:00,batch_002,workqueue_actions_batch_002.csv
45898,5119,15,2026-01-09,CALL,1,N,2026-01-12 10:00:00,batch_002,workqueue_actions_batch_002.csv
45899,1896,7,2026-01-11,ESCALATE,4,Y,2026-01-12 10:00:00,batch_002,workqueue_actions_batch_002.csv
45900,1757,14,2026-01-08,ESCALATE,3,Y,2026-01-12 10:00:00,batch_002,workqueue_actions_batch_002.csv
45901,5147,3,2026-01-06,REVIEW,2,N,2026-01-12 10:00:00,batch_002,workqueue_actions_batch_002.csv
45902,3043,7,2026-01-06,NOTE,3,N,2026-01-12 10:00:00,batch_002,workqueue_actions_batch_002.csv
45903,2185,11,2026-01-06,ESCALATE,4,N,2026-01-12 10:00:00,batch_002,workqueue_actions_batch_002.csv
45904,2523,20,2026-01-05,REVIEW,1,Y,2026-01-12 10:00:00,batch_002,workqueue_actions_batch_002.csv
45905,4372,4,2026-01-07,REVIEW,0,N,2026-01-12 10:00:00,batch_002,workqueue_actions_batch_002.csv
45906,3762,5,2026-01-06,REVIEW,1,N,2026-01-12 10:00:00,batch_002,workqueue_actions_batch_002.csv
45907,3690,6,2026-01-10,REVIEW,1,N,2026-01-12 10:00:00,batch_002,workqueue_actions_batch_002.csv
45908,3878,14,2026-01-10,REVIEW,3,N,2026-01-12 10:00:00,batch_002,workqueue_actions_batch_002.csv
45909,3714,12,2026-01-06,NOTE,0,Y,2026-01-12 10:00:00,batch_002,workqueue_actions_batch_002.csv
45910,4427,10,2026-01-11,REVIEW,2,Y,2026-01-12 10:00:00,batch_002,workqueue_actions_batch_002.csv
45911,4806,17,2026-01-09,ESCALATE,0,Y,2026-01-12 10:00:00,batch_002,workqueue_actions_batch_002.csv
45912,4901,1,2026-01-10,CALL,1,Y,2026-01-12 10:00:00,batch_002,workqueue_actions_batch_002.csv
45913,3910,4,2026-01-10,REVIEW,2,N,2026-01-12 10:00:00,batch_002,workqueue_actions_batch_002.csv
45914,5122,7,2026-01-11,ESCALATE,2,N,2026-01-12 10:00:00,batch_002,workqueue_actions_batch_002.csv
45915,4748,4,2026-01-11,NOTE,3,N,2026-01-12 10:00:00,batch_002,workqueue_actions_batch_002.csv
45916,1023,14,2026-01-12,REVIEW,2,N,2026-01-12 10:00:00,batch_002,workqueue_actions_batch_002.csv
45917,3368,7,2026-01-09,NOTE,0,N,2026-01-12 10:00:00,batch_002,workqueue_actions_batch_002.csv
45918,3641,15,2026-01-12,NOTE,4,N,2026-01-12 10:00:00,batch_002,workqueue_actions_batch_002.csv
45919,1156,11,2026-01-06,CALL,3,Y,2026-01-12 10:00:00,batch_002,workqueue_actions_batch_002.csv
45920,5014,11,2026-01-05,REVIEW,4,N,2026-01-12 10:00:00,batch_002,workqueue_actions_batch_002.csv
45921,3800,20,2026-01-10,CALL,0,N,2026-01-12 10:00:00,batch_002,workqueue_actions_batch_002.csv
45922,2138,5,2026-01-11,CALL,2,Y,2026-01-12 10:00:00,batch_002,workqueue_actions_batch_002.csv
45923,2858,13,2026-01-12,NOTE,1,N,2026-01-12 10:00:00,batch_002,workqueue_actions_batch_002.csv
45924,2326,1,2026-01-12,CALL,4,N,2026-01-12 10:00:00,batch_002,workqueue_actions_batch_002.csv
45925,1991,5,2026-01-12,NOTE,3,N,2026-01-12 10:00:00,batch_002,workqueue_actions_batch_002.csv
45926,3497,4,2026-01-11,REVIEW,3,Y,2026-01-12 10:00:00,batch_002,workqueue_actions_batch_002.csv
45927,4780,12,2026-01-08,REVIEW,2,N,2026-01-12 10:00:00,batch_002,workqueue_actions_batch_002.csv
45928,1429,7,2026-01-10,CALL,3,Y,2026-01-12 10:00:00,batch_002,workqueue_actions_batch_002.csv
45929,5218,16,2026-01-07,REVIEW,1,N,2026-01-12 10:00:00,batch_002,workqueue_actions_batch_002.csv
45930,4456,12,2026-01-05,CALL,0,Y,2026-01-12 10:00:00,batch_002,workqueue_actions_batch_002.csv
45931,1260,19,2026-01-12,CALL,1,Y,2026-01-12 10:00:00,batch_002,workqueue_actions_batch_002.csv
45932,3344,7,2026-01-09,CALL,0,Y,2026-01-12 10:00:00,batch_002,workqueue_actions_batch_002.csv
45933,1041,15,2026-01-06,ESCALATE,2,N,2026-01-12 10:00:00,batch_002,workqueue_actions_batch_002.csv
45934,1820,14,2026-01-11,CALL,3,Y,2026-01-12 10:00:00,batch_002,workqueue_actions_batch_002.csv
45935,1970,3,2026-01-10,REVIEW,3,N,2026-01-12 10:00:00,batch_002,workqueue_actions_batch_002.csv
45936,1391,9,2026-01-12,ESCALATE,4,N,2026-01-12 10:00:00,batch_002,workqueue_actions_batch_002.csv
45937,4839,8,2026-01-12,ESCALATE,2,N,2026-01-12 10:00:00,batch_002,workqueue_actions_batch_002.csv
45938,4882,7,2026-01-09,NOTE,3,N,2026-01-12 10:00:00,batch_002,workqueue_actions_batch_002.csv
45939,2029,5,2026-01-11,REVIEW,4,N,2026-01-12 10:00:00,batch_002,workqueue_actions_batch_002.csv
45940,1293,6,2026-01-09,NOTE,3,N,2026-01-12 10:00:00,batch_002,workqueue_actions_batch_002.csv
45941,1490,20,2026-01-08,ESCALATE,3,N,2026-01-12 10:00:00,batch_002,workqueue_actions_batch_002.csv
45942,2579,20,2026-01-10,ESCALATE,0,Y,2026-01-12 10:00:00,batch_002,workqueue_actions_batch_002.csv
45943,2190,16,2026-01-12,CALL,1,N,2026-01-12 10:00:00,batch_002,workqueue_actions_batch_002.csv
45944,3276,20,2026-01-10,NOTE,4,N,2026-01-12 10:00:00,batch_002,workqueue_actions_batch_002.csv
45945,3726,6,2026-01-10,REVIEW,1,Y,2026-01-12 10:00:00,batch_002,workqueue_actions_batch_002.csv
45946,4953,1,2026-01-11,CALL,2,Y,2026-01-12 10:00:00,batch_002,workqueue_actions_batch_002.csv
45947,4447,12,2026-01-07,CALL,1,Y,2026-01-12 10:00:00,batch_002,workqueue_actions_batch_002.csv
45948,4740,18,2026-01-06,CALL,3,Y,2026-01-12 10:00:00,batch_002,workqueue_actions_batch_002.csv
45949,1916,1,2026-01-06,CALL,4,N,2026-01-12 10:00:00,batch_002,workqueue_actions_batch_002.csv
45950,3697,4,2026-01-06,NOTE,4,Y,2026-01-12 10:00:00,batch_002,workqueue_actions_batch_002.csv
45951,2018,19,2026-01-10,ESCALATE,3,Y,2026-01-12 10:00:00,batch_002,workqueue_actions_batch_002.csv
45952,3524,20,2026-01-06,ESCALATE,0,Y,2026-01-12 10:00:00,batch_002,workqueue_actions_batch_002.csv
45953,5213,12,2026-01-09,REVIEW,4,Y,2026-01-12 10:00:00,batch_002,workqueue_actions_batch_002.csv
45954,1512,19,2026-01-05,CALL,3,Y,2026-01-12 10:00:00,batch_002,workqueue_actions_batch_002.csv
45955,2178,19,2026-01-05,ESCALATE,0,Y,2026-01-12 10:00:00,batch_002,workqueue_actions_batch_002.csv
45956,3954,15,2026-01-09,REVIEW,4,N,2026-01-12 10:00:00,batch_002,workqueue_actions_batch_002.csv
45957,3859,11,2026-01-10,CALL,4,Y,2026-01-12 10:00:00,batch_002,workqueue_actions_batch_002.csv
45958,1231,5,2026-01-06,REVIEW,0,N,2026-01-12 10:00:00,batch_002,workqueue_actions_batch_002.csv
45959,4203,1,2026-01-05,REVIEW,4,Y,2026-01-12 10:00:00,batch_002,workqueue_actions_batch_002.csv
45960,5261,16,2026-01-12,ESCALATE,4,Y,2026-01-12 10:00:00,batch_002,workqueue_actions_batch_002.csv
45961,1143,20,2026-01-07,NOTE,4,Y,2026-01-12 10:00:00,batch_002,workqueue_actions_batch_002.csv
45962,1336,13,2026-01-08,CALL,2,Y,2026-01-12 10:00:00,batch_002,workqueue_actions_batch_002.csv
45963,1851,11,2026-01-08,ESCALATE,1,N,2026-01-12 10:00:00,batch_002,workqueue_actions_batch_002.csv
45964,4970,18,2026-01-09,NOTE,1,N,2026-01-12 10:00:00,batch_002,workqueue_actions_batch_002.csv
45965,4454,19,2026-01-08,CALL,4,Y,2026-01-12 10:00:00,batch_002,workqueue_actions_batch_002.csv
45966,2880,2,2026-01-08,REVIEW,0,N,2026-01-12 10:00:00,batch_002,workqueue_actions_batch_002.csv
45967,4182,15,2026-01-12,NOTE,2,Y,2026-01-12 10:00:00,batch_002,workqueue_actions_batch_002.csv
45968,2174,19,2026-01-09,NOTE,0,Y,2026-01-12 10:00:00,batch_002,workqueue_actions_batch_002.csv
45969,3809,14,2026-01-11,REVIEW,1,N,2026-01-12 10:00:00,batch_002,workqueue_actions_batch_002.csv
45970,3426,12,2026-01-09,ESCALATE,0,N,2026-01-12 10:00:00,batch_002,workqueue_actions_batch_002.csv
45971,2318,7,2026-01-07,NOTE,3,Y,2026-01-12 10:00:00,batch_002,workqueue_actions_batch_002.csv
45972,1484,18,2026-01-11,CALL,2,N,2026-01-12 10:00:00,batch_002,workqueue_actions_batch_002.csv
45973,1360,16,2026-01-07,ESCALATE,4,Y,2026-01-12 10:00:00,batch_002,workqueue_actions_batch_002.csv
45974,1247,9,2026-01-10,REVIEW,1,N,2026-01-12 10:00:00,batch_002,workqueue_actions_batch_002.csv
45975,2937,5,2026-01-12,ESCALATE,2,N,2026-01-12 10:00:00,batch_002,workqueue_actions_batch_002.csv
45976,2371,14,2026-01-11,NOTE,3,Y,2026-01-12 10:00:00,batch_002,workqueue_actions_batch_002.csv
45977,3227,20,2026-01-06,REVIEW,1,Y,2026-01-12 10:00:00,batch_002,workqueue_actions_batch_002.csv
45978,4316,12,2026-01-09,NOTE,4,N,2026-01-12 10:00:00,batch_002,workqueue_actions_batch_002.csv
45979,4528,14,2026-01-12,NOTE,2,N,2026-01-12 10:00:00,batch_002,workqueue_actions_batch_002.csv
45980,4696,17,2026-01-10,CALL,0,Y,2026-01-12 10:00:00,batch_002,workqueue_actions_batch_002.csv
45981,3195,14,2026-01-11,NOTE,0,N,2026-01-12 10:00:00,batch_002,workqueue_actions_batch_002.csv
45982,4041,6,2026-01-07,ESCALATE,2,N,2026-01-12 10:00:00,batch_002,workqueue_actions_batch_002.csv
45983,4358,4,2026-01-05,CALL,1,N,2026-01-12 10:00:00,batch_002,workqueue_actions_batch_002.csv
45984,5257,16,2026-01-11,REVIEW,1,N,2026-01-12 10:00:00,batch_002,workqueue_actions_batch_002.csv
45985,2558,13,2026-01-08,REVIEW,3,Y,2026-01-12 10:00:00,batch_002,workqueue_actions_batch_002.csv
45986,3914,5,2026-01-06,NOTE,1,Y,2026-01-12 10:00:00,batch_002,workqueue_actions_batch_002.csv
45987,2297,11,2026-01-06,ESCALATE,1,N,2026-01-12 10:00:00,batch_002,workqueue_actions_batch_002.csv
45988,2642,11,2026-01-07,ESCALATE,3,N,2026-01-12 10:00:00,batch_002,workqueue_actions_batch_002.csv
45989,2142,16,2026-01-11,REVIEW,0,Y,2026-01-12 10:00:00,batch_002,workqueue_actions_batch_002.csv
45990,2307,18,2026-01-08,ESCALATE,3,Y,2026-01-12 10:00:00,batch_002,workqueue_actions_batch_002.csv
45991,2689,6,2026-01-08,REVIEW,3,Y,2026-01-12 10:00:00,batch_002,workqueue_actions_batch_002.csv
45992,1516,4,2026-01-07,ESCALATE,1,Y,2026-01-12 10:00:00,batch_002,workqueue_actions_batch_002.csv
45993,2459,3,2026-01-11,NOTE,3,Y,2026-01-12 10:00:00,batch_002,workqueue_actions_batch_002.csv
45994,4859,8,2026-01-12,REVIEW,0,N,2026-01-12 10:00:00,batch_002,workqueue_actions_batch_002.csv
45995,3069,9,2026-01-05,CALL,1,Y,2026-01-12 10:00:00,batch_002,workqueue_actions_batch_002.csv
45996,3149,9,2026-01-06,REVIEW,2,N,2026-01-12 10:00:00,batch_002,workqueue_actions_batch_002.csv
45997,2326,15,2026-01-05,NOTE,3,N,2026-01-12 10:00:00,batch_002,workqueue_actions_batch_002.csv
45998,4356,11,2026-01-05,NOTE,1,N,2026-01-12 10:00:00,batch_002,workqueue_actions_batch_002.csv
45999,1051,8,2026-01-11,REVIEW,1,N,2026-01-12 10:00:00,batch_002,workqueue_actions_batch_002.csv
46000,4944,10,2026-01-12,CALL,2,N,2026-01-12 10:00:00,batch_002,workqueue_actions_batch_002.csv
46001,3240,1,2026-01-11,ESCALATE,2,N,2026-01-12 10:00:00,batch_002,workqueue_actions_batch_002.csv
46002,3056,1,2026-01-05,NOTE,3,Y,2026-01-12 10:00:00,batch_002,workqueue_actions_batch_002.csv
46003,5252,9,2026-01-12,CALL,4,N,2026-01-12 10:00:00,batch_002,workqueue_actions_batch_002.csv
46004,4334,4,2026-01-09,REVIEW,1,Y,2026-01-12 10:00:00,batch_002,workqueue_actions_batch_002.csv
46005,4198,6,2026-01-05,CALL,1,N,2026-01-12 10:00:00,batch_002,workqueue_actions_batch_002.csv
46006,2720,20,2026-01-11,NOTE,2,N,2026-01-12 10:00:00,batch_002,workqueue_actions_batch_002.csv
46007,1209,5,2026-01-12,REVIEW,1,N,2026-01-12 10:00:00,batch_002,workqueue_actions_batch_002.csv
46008,3696,6,2026-01-11,CALL,0,N,2026-01-12 10:00:00,batch_002,workqueue_actions_batch_002.csv
46009,2307,19,2026-01-11,NOTE,2,N,2026-01-12 10:00:00,batch_002,workqueue_actions_batch_002.csv
46010,4861,15,2026-01-08,ESCALATE,3,N,2026-01-12 10:00:00,batch_002,workqueue_actions_batch_002.csv
46011,1249,20,2026-01-12,REVIEW,4,Y,2026-01-12 10:00:00,batch_002,workqueue_actions_batch_002.csv
46012,3444,2,2026-01-08,REVIEW,2,Y,2026-01-12 10:00:00,batch_002,workqueue_actions_batch_002.csv
46013,3837,20,2026-01-11,REVIEW,3,N,2026-01-12 10:00:00,batch_002,workqueue_actions_batch_002.csv
46014,4703,15,2026-01-09,NOTE,2,Y,2026-01-12 10:00:00,batch_002,workqueue_actions_batch_002.csv
46015,2414,12,2026-01-07,CALL,1,Y,2026-01-12 10:00:00,batch_002,workqueue_actions_batch_002.csv
46016,2548,8,2026-01-07,CALL,4,Y,2026-01-12 10:00:00,batch_002,workqueue_actions_batch_002.csv
46017,1507,3,2026-01-05,ESCALATE,2,Y,2026-01-12 10:00:00,batch_002,workqueue_actions_batch_002.csv
46018,4813,3,2026-01-10,CALL,3,N,2026-01-12 10:00:00,batch_002,workqueue_actions_batch_002.csv
46019,4682,6,2026-01-08,REVIEW,1,Y,2026-01-12 10:00:00,batch_002,workqueue_actions_batch_002.csv
46020,3506,14,2026-01-05,CALL,0,Y,2026-01-12 10:00:00,batch_002,workqueue_actions_batch_002.csv
46021,2266,4,2026-01-11,ESCALATE,0,N,2026-01-12 10:00:00,batch_002,workqueue_actions_batch_002.csv
46022,1709,4,2026-01-12,NOTE,3,N,2026-01-12 10:00:00,batch_002,workqueue_actions_batch_002.csv
46023,2510,15,2026-01-06,REVIEW,1,N,2026-01-12 10:00:00,batch_002,workqueue_actions_batch_002.csv
46024,3807,6,2026-01-11,CALL,3,Y,2026-01-12 10:00:00,batch_002,workqueue_actions_batch_002.csv
46025,3033,17,2026-01-10,REVIEW,2,N,2026-01-12 10:00:00,batch_002,workqueue_actions_batch_002.csv
46026,1387,2,2026-01-09,NOTE,1,N,2026-01-12 10:00:00,batch_002,workqueue_actions_batch_002.csv
46027,4519,6,2026-01-08,ESCALATE,4,N,2026-01-12 10:00:00,batch_002,workqueue_actions_batch_002.csv
46028,1783,11,2026-01-06,NOTE,3,N,2026-01-12 10:00:00,batch_002,workqueue_actions_batch_002.csv
46029,2930,1,2026-01-06,NOTE,0,Y,2026-01-12 10:00:00,batch_002,workqueue_actions_batch_002.csv
46030,3328,2,2026-01-07,ESCALATE,0,Y,2026-01-12 10:00:00,batch_002,workqueue_actions_batch_002.csv
46031,1443,10,2026-01-12,REVIEW,2,N,2026-01-12 10:00:00,batch_002,workqueue_actions_batch_002.csv
46032,3869,2,2026-01-08,CALL,4,Y,2026-01-12 10:00:00,batch_002,workqueue_actions_batch_002.csv
46033,1833,18,2026-01-05,CALL,3,Y,2026-01-12 10:00:00,batch_002,workqueue_actions_batch_002.csv
46034,1629,14,2026-01-05,REVIEW,3,N,2026-01-12 10:00:00,batch_002,workqueue_actions_batch_002.csv
46035,1722,20,2026-01-10,REVIEW,0,Y,2026-01-12 10:00:00,batch_002,workqueue_actions_batch_002.csv
46036,4942,2,2026-01-09,NOTE,1,N,2026-01-12 10:00:00,batch_002,workqueue_actions_batch_002.csv
46037,3152,5,2026-01-09,NOTE,2,N,2026-01-12 10:00:00,batch_002,workqueue_actions_batch_002.csv
46038,3089,12,2026-01-12,CALL,3,Y,2026-01-12 10:00:00,batch_002,workqueue_actions_batch_002.csv
46039,4587,19,2026-01-07,NOTE,4,Y,2026-01-12 10:00:00,batch_002,workqueue_actions_batch_002.csv
46040,4128,13,2026-01-05,REVIEW,1,Y,2026-01-12 10:00:00,batch_002,workqueue_actions_batch_002.csv
46041,4077,7,2026-01-11,REVIEW,3,N,2026-01-12 10:00:00,batch_002,workqueue_actions_batch_002.csv
46042,2556,8,2026-01-07,CALL,3,N,2026-01-12 10:00:00,batch_002,workqueue_actions_batch_002.csv
46043,4084,3,2026-01-12,NOTE,0,Y,2026-01-12 10:00:00,batch_002,workqueue_actions_batch_002.csv
46044,2486,3,2026-01-06,NOTE,2,Y,2026-01-12 10:00:00,batch_002,workqueue_actions_batch_002.csv
46045,3721,12,2026-01-08,NOTE,2,N,2026-01-12 10:00:00,batch_002,workqueue_actions_batch_002.csv
46046,4151,17,2026-01-08,ESCALATE,0,Y,2026-01-12 10:00:00,batch_002,workqueue_actions_batch_002.csv
46047,4384,6,2026-01-12,NOTE,2,Y,2026-01-12 10:00:00,batch_002,workqueue_actions_batch_002.csv
46048,2860,20,2026-01-12,CALL,4,Y,2026-01-12 10:00:00,batch_002,workqueue_actions_batch_002.csv
46049,2682,14,2026-01-12,NOTE,2,Y,2026-01-12 10:00:00,batch_002,workqueue_actions_batch_002.csv
46050,2946,2,2026-01-12,REVIEW,1,N,2026-01-12 10:00:00,batch_002,workqueue_actions_batch_002.csv
46051,3338,18,2026-01-11,CALL,1,N,2026-01-12 10:00:00,batch_002,workqueue_actions_batch_002.csv
46052,3840,6,2026-01-07,CALL,1,N,2026-01-12 10:00:00,batch_002,workqueue_actions_batch_002.csv
46053,2273,9,2026-01-08,REVIEW,1,N,2026-01-12 10:00:00,batch_002,workqueue_actions_batch_002.csv
46054,4588,6,2026-01-10,NOTE,3,N,2026-01-12 10:00:00,batch_002,workqueue_actions_batch_002.csv
46055,1602,7,2026-01-08,ESCALATE,1,N,2026-01-12 10:00:00,batch_002,workqueue_actions_batch_002.csv
46056,5296,4,2026-01-09,CALL,0,Y,2026-01-12 10:00:00,batch_002,workqueue_actions_batch_002.csv
46057,3686,16,2026-01-09,REVIEW,1,N,2026-01-12 10:00:00,batch_002,workqueue_actions_batch_002.csv
46058,1067,13,2026-01-11,REVIEW,2,N,2026-01-12 10:00:00,batch_002,workqueue_actions_batch_002.csv
46059,5222,6,2026-01-12,CALL,0,N,2026-01-12 10:00:00,batch_002,workqueue_actions_batch_002.csv
46060,4580,4,2026-01-07,REVIEW,4,Y,2026-01-12 10:00:00,batch_002,workqueue_actions_batch_002.csv
46061,4724,11,2026-01-10,CALL,3,N,2026-01-12 10:00:00,batch_002,workqueue_actions_batch_002.csv
46062,4050,5,2026-01-06,REVIEW,4,N,2026-01-12 10:00:00,batch_002,workqueue_actions_batch_002.csv
46063,2959,3,2026-01-08,CALL,0,N,2026-01-12 10:00:00,batch_002,workqueue_actions_batch_002.csv
46064,5298,5,2026-01-08,REVIEW,2,Y,2026-01-12 10:00:00,batch_002,workqueue_actions_batch_002.csv
46065,1046,13,2026-01-08,CALL,2,Y,2026-01-12 10:00:00,batch_002,workqueue_actions_batch_002.csv
46066,1925,9,2026-01-06,NOTE,4,Y,2026-01-12 10:00:00,batch_002,workqueue_actions_batch_002.csv
46067,2765,2,2026-01-05,ESCALATE,1,Y,2026-01-12 10:00:00,batch_002,workqueue_actions_batch_002.csv
46068,1980,5,2026-01-05,ESCALATE,2,Y,2026-01-12 10:00:00,batch_002,workqueue_actions_batch_002.csv
46069,5101,1,2026-01-06,REVIEW,1,N,2026-01-12 10:00:00,batch_002,workqueue_actions_batch_002.csv
46070,3906,10,2026-01-10,ESCALATE,1,Y,2026-01-12 10:00:00,batch_002,workqueue_actions_batch_002.csv
46071,1032,20,2026-01-05,NOTE,2,Y,2026-01-12 10:00:00,batch_002,workqueue_actions_batch_002.csv
46072,2081,3,2026-01-07,NOTE,4,Y,2026-01-12 10:00:00,batch_002,workqueue_actions_batch_002.csv
46073,4244,11,2026-01-05,NOTE,4,N,2026-01-12 10:00:00,batch_002,workqueue_actions_batch_002.csv
46074,3636,13,2026-01-06,NOTE,4,Y,2026-01-12 10:00:00,batch_002,workqueue_actions_batch_002.csv
46075,1503,5,2026-01-08,REVIEW,0,Y,2026-01-12 10:00:00,batch_002,workqueue_actions_batch_002.csv
46076,2704,11,2026-01-09,REVIEW,3,Y,2026-01-12 10:00:00,batch_002,workqueue_actions_batch_002.csv
46077,4574,14,2026-01-06,REVIEW,1,Y,2026-01-12 10:00:00,batch_002,workqueue_actions_batch_002.csv
46078,3058,8,2026-01-06,REVIEW,0,Y,2026-01-12 10:00:00,batch_002,workqueue_actions_batch_002.csv
46079,3933,6,2026-01-05,NOTE,1,Y,2026-01-12 10:00:00,batch_002,workqueue_actions_batch_002.csv
46080,3118,4,2026-01-11,ESCALATE,4,N,2026-01-12 10:00:00,batch_002,workqueue_actions_batch_002.csv
46081,4562,8,2026-01-10,CALL,3,N,2026-01-12 10:00:00,batch_002,workqueue_actions_batch_002.csv
46082,1930,19,2026-01-08,ESCALATE,0,N,2026-01-12 10:00:00,batch_002,workqueue_actions_batch_002.csv
46083,4590,13,2026-01-08,ESCALATE,1,Y,2026-01-12 10:00:00,batch_002,workqueue_actions_batch_002.csv
46084,3961,10,2026-01-08,CALL,1,Y,2026-01-12 10:00:00,batch_002,workqueue_actions_batch_002.csv
46085,4960,13,2026-01-08,ESCALATE,2,N,2026-01-12 10:00:00,batch_002,workqueue_actions_batch_002.csv
46086,3148,20,2026-01-10,NOTE,0,Y,2026-01-12 10:00:00,batch_002,workqueue_actions_batch_002.csv
46087,1386,6,2026-01-05,NOTE,0,N,2026-01-12 10:00:00,batch_002,workqueue_actions_batch_002.csv
46088,3306,18,2026-01-11,REVIEW,4,Y,2026-01-12 10:00:00,batch_002,workqueue_actions_batch_002.csv
46089,3969,9,2026-01-08,REVIEW,2,Y,2026-01-12 10:00:00,batch_002,workqueue_actions_batch_002.csv
46090,5007,13,2026-01-06,CALL,3,N,2026-01-12 10:00:00,batch_002,workqueue_actions_batch_002.csv
46091,2268,11,2026-01-11,CALL,4,N,2026-01-12 10:00:00,batch_002,workqueue_actions_batch_002.csv
46092,5000,4,2026-01-09,REVIEW,3,N,2026-01-12 10:00:00,batch_002,workqueue_actions_batch_002.csv
46093,1565,2,2026-01-10,NOTE,1,N,2026-01-12 10:00:00,batch_002,workqueue_actions_batch_002.csv
46094,4669,4,2026-01-07,NOTE,1,Y,2026-01-12 10:00:00,batch_002,workqueue_actions_batch_002.csv
46095,3228,14,2026-01-12,ESCALATE,2,N,2026-01-12 10:00:00,batch_002,workqueue_actions_batch_002.csv
46096,2500,1,2026-01-07,CALL,4,Y,2026-01-12 10:00:00,batch_002,workqueue_actions_batch_002.csv
46097,2840,3,2026-01-11,CALL,0,N,2026-01-12 10:00:00,batch_002,workqueue_actions_batch_002.csv
46098,1209,12,2026-01-09,ESCALATE,1,N,2026-01-12 10:00:00,batch_002,workqueue_actions_batch_002.csv
46099,4633,6,2026-01-09,ESCALATE,3,Y,2026-01-12 10:00:00,batch_002,workqueue_actions_batch_002.csv
46100,5141,9,2026-01-10,ESCALATE,0,N,2026-01-12 10:00:00,batch_002,workqueue_actions_batch_002.csv
46101,2769,18,2026-01-05,CALL,0,N,2026-01-12 10:00:00,batch_002,workqueue_actions_batch_002.csv
46102,1982,16,2026-01-11,NOTE,0,N,2026-01-12 10:00:00,batch_002,workqueue_actions_batch_002.csv
46103,1190,18,2026-01-12,NOTE,0,Y,2026-01-12 10:00:00,batch_002,workqueue_actions_batch_002.csv
46104,4104,9,2026-01-08,CALL,4,N,2026-01-12 10:00:00,batch_002,workqueue_actions_batch_002.csv
46105,2299,9,2026-01-12,NOTE,1,Y,2026-01-12 10:00:00,batch_002,workqueue_actions_batch_002.csv
46106,1640,18,2026-01-08,CALL,1,N,2026-01-12 10:00:00,batch_002,workqueue_actions_batch_002.csv
46107,4610,14,2026-01-11,REVIEW,2,Y,2026-01-12 10:00:00,batch_002,workqueue_actions_batch_002.csv
46108,4083,12,2026-01-08,CALL,4,Y,2026-01-12 10:00:00,batch_002,workqueue_actions_batch_002.csv
46109,2010,8,2026-01-12,CALL,1,N,2026-01-12 10:00:00,batch_002,workqueue_actions_batch_002.csv
46110,3218,18,2026-01-06,CALL,0,N,2026-01-12 10:00:00,batch_002,workqueue_actions_batch_002.csv
46111,3708,5,2026-01-12,CALL,1,Y,2026-01-12 10:00:00,batch_002,workqueue_actions_batch_002.csv
46112,4890,2,2026-01-05,NOTE,1,N,2026-01-12 10:00:00,batch_002,workqueue_actions_batch_002.csv
46113,4562,1,2026-01-05,NOTE,2,Y,2026-01-12 10:00:00,batch_002,workqueue_actions_batch_002.csv
46114,4594,9,2026-01-09,REVIEW,2,Y,2026-01-12 10:00:00,batch_002,workqueue_actions_batch_002.csv
46115,3606,8,2026-01-06,ESCALATE,3,Y,2026-01-12 10:00:00,batch_002,workqueue_actions_batch_002.csv
46116,3300,15,2026-01-06,ESCALATE,4,Y,2026-01-12 10:00:00,batch_002,workqueue_actions_batch_002.csv
46117,2343,16,2026-01-05,NOTE,4,Y,2026-01-12 10:00:00,batch_002,workqueue_actions_batch_002.csv
46118,3247,12,2026-01-10,NOTE,2,Y,2026-01-12 10:00:00,batch_002,workqueue_actions_batch_002.csv
46119,2103,4,2026-01-10,NOTE,0,Y,2026-01-12 10:00:00,batch_002,workqueue_actions_batch_002.csv
46120,3077,5,2026-01-09,CALL,0,N,2026-01-12 10:00:00,batch_002,workqueue_actions_batch_002.csv
46121,4160,6,2026-01-09,ESCALATE,1,Y,2026-01-12 10:00:00,batch_002,workqueue_actions_batch_002.csv
46122,2440,7,2026-01-08,ESCALATE,1,N,2026-01-12 10:00:00,batch_002,workqueue_actions_batch_002.csv
46123,4571,6,2026-01-09,NOTE,4,N,2026-01-12 10:00:00,batch_002,workqueue_actions_batch_002.csv
46124,1384,14,2026-01-11,REVIEW,3,Y,2026-01-12 10:00:00,batch_002,workqueue_actions_batch_002.csv
46125,1993,20,2026-01-07,NOTE,2,N,2026-01-12 10:00:00,batch_002,workqueue_actions_batch_002.csv
46126,3716,8,2026-01-10,ESCALATE,1,Y,2026-01-12 10:00:00,batch_002,workqueue_actions_batch_002.csv
46127,4052,6,2026-01-11,NOTE,3,N,2026-01-12 10:00:00,batch_002,workqueue_actions_batch_002.csv
46128,3974,6,2026-01-09,NOTE,2,Y,2026-01-12 10:00:00,batch_002,workqueue_actions_batch_002.csv
46129,3015,7,2026-01-08,NOTE,1,Y,2026-01-12 10:00:00,batch_002,workqueue_actions_batch_002.csv
46130,3275,18,2026-01-07,REVIEW,1,Y,2026-01-12 10:00:00,batch_002,workqueue_actions_batch_002.csv
46131,3640,20,2026-01-07,CALL,0,N,2026-01-12 10:00:00,batch_002,workqueue_actions_batch_002.csv
46132,2577,13,2026-01-07,REVIEW,2,N,2026-01-12 10:00:00,batch_002,workqueue_actions_batch_002.csv
46133,3742,15,2026-01-08,CALL,4,Y,2026-01-12 10:00:00,batch_002,workqueue_actions_batch_002.csv
46134,1420,1,2026-01-07,REVIEW,2,Y,2026-01-12 10:00:00,batch_002,workqueue_actions_batch_002.csv
46135,4887,15,2026-01-05,CALL,0,Y,2026-01-12 10:00:00,batch_002,workqueue_actions_batch_002.csv
46136,2256,17,2026-01-10,ESCALATE,2,Y,2026-01-12 10:00:00,batch_002,workqueue_actions_batch_002.csv
46137,4551,17,2026-01-10,ESCALATE,4,N,2026-01-12 10:00:00,batch_002,workqueue_actions_batch_002.csv
46138,1658,8,2026-01-09,ESCALATE,0,Y,2026-01-12 10:00:00,batch_002,workqueue_actions_batch_002.csv
46139,3392,18,2026-01-10,NOTE,3,N,2026-01-12 10:00:00,batch_002,workqueue_actions_batch_002.csv
46140,2255,3,2026-01-05,CALL,0,N,2026-01-12 10:00:00,batch_002,workqueue_actions_batch_002.csv
46141,3836,4,2026-01-08,REVIEW,1,N,2026-01-12 10:00:00,batch_002,workqueue_actions_batch_002.csv
46142,4651,15,2026-01-06,NOTE,1,N,2026-01-12 10:00:00,batch_002,workqueue_actions_batch_002.csv
46143,3861,11,2026-01-08,NOTE,0,N,2026-01-12 10:00:00,batch_002,workqueue_actions_batch_002.csv
46144,4344,2,2026-01-05,REVIEW,0,Y,2026-01-12 10:00:00,batch_002,workqueue_actions_batch_002.csv
46145,3937,15,2026-01-08,NOTE,4,N,2026-01-12 10:00:00,batch_002,workqueue_actions_batch_002.csv
46146,4810,3,2026-01-06,ESCALATE,4,Y,2026-01-12 10:00:00,batch_002,workqueue_actions_batch_002.csv
46147,5298,19,2026-01-09,NOTE,4,N,2026-01-12 10:00:00,batch_002,workqueue_actions_batch_002.csv
46148,4588,8,2026-01-12,REVIEW,0,N,2026-01-12 10:00:00,batch_002,workqueue_actions_batch_002.csv
46149,2454,18,2026-01-12,REVIEW,4,Y,2026-01-12 10:00:00,batch_002,workqueue_actions_batch_002.csv
46150,2306,4,2026-01-07,ESCALATE,4,Y,2026-01-12 10:00:00,batch_002,workqueue_actions_batch_002.csv
46151,3020,2,2026-01-05,NOTE,1,N,2026-01-12 10:00:00,batch_002,workqueue_actions_batch_002.csv
46152,2098,4,2026-01-07,CALL,2,N,2026-01-12 10:00:00,batch_002,workqueue_actions_batch_002.csv
46153,2471,18,2026-01-05,NOTE,2,N,2026-01-12 10:00:00,batch_002,workqueue_actions_batch_002.csv
46154,4731,12,2026-01-07,REVIEW,0,N,2026-01-12 10:00:00,batch_002,workqueue_actions_batch_002.csv
46155,1104,16,2026-01-12,NOTE,4,N,2026-01-12 10:00:00,batch_002,workqueue_actions_batch_002.csv
46156,1888,15,2026-01-11,NOTE,0,N,2026-01-12 10:00:00,batch_002,workqueue_actions_batch_002.csv
46157,4422,17,2026-01-11,NOTE,3,N,2026-01-12 10:00:00,batch_002,workqueue_actions_batch_002.csv
46158,1298,15,2026-01-09,CALL,2,N,2026-01-12 10:00:00,batch_002,workqueue_actions_batch_002.csv
46159,2634,13,2026-01-08,NOTE,0,N,2026-01-12 10:00:00,batch_002,workqueue_actions_batch_002.csv
46160,3677,7,2026-01-09,NOTE,3,Y,2026-01-12 10:00:00,batch_002,workqueue_actions_batch_002.csv
46161,1383,7,2026-01-09,ESCALATE,1,N,2026-01-12 10:00:00,batch_002,workqueue_actions_batch_002.csv
46162,4277,13,2026-01-05,ESCALATE,1,Y,2026-01-12 10:00:00,batch_002,workqueue_actions_batch_002.csv
46163,2535,4,2026-01-07,ESCALATE,1,N,2026-01-12 10:00:00,batch_002,workqueue_actions_batch_002.csv
46164,4099,5,2026-01-08,ESCALATE,2,Y,2026-01-12 10:00:00,batch_002,workqueue_actions_batch_002.csv
46165,4058,5,2026-01-10,CALL,1,N,2026-01-12 10:00:00,batch_002,workqueue_actions_batch_002.csv
46166,4175,8,2026-01-11,ESCALATE,3,N,2026-01-12 10:00:00,batch_002,workqueue_actions_batch_002.csv
46167,2010,6,2026-01-05,CALL,1,N,2026-01-12 10:00:00,batch_002,workqueue_actions_batch_002.csv
46168,3664,9,2026-01-11,CALL,3,N,2026-01-12 10:00:00,batch_002,workqueue_actions_batch_002.csv
46169,2725,2,2026-01-12,ESCALATE,1,N,2026-01-12 10:00:00,batch_002,workqueue_actions_batch_002.csv
46170,3299,2,2026-01-10,NOTE,2,Y,2026-01-12 10:00:00,batch_002,workqueue_actions_batch_002.csv
46171,4019,17,2026-01-09,REVIEW,1,N,2026-01-12 10:00:00,batch_002,workqueue_actions_batch_002.csv
46172,2724,4,2026-01-11,CALL,3,N,2026-01-12 10:00:00,batch_002,workqueue_actions_batch_002.csv
46173,2468,13,2026-01-07,ESCALATE,4,N,2026-01-12 10:00:00,batch_002,workqueue_actions_batch_002.csv
46174,3538,1,2026-01-06,CALL,4,Y,2026-01-12 10:00:00,batch_002,workqueue_actions_batch_002.csv
46175,3246,9,2026-01-07,REVIEW,4,N,2026-01-12 10:00:00,batch_002,workqueue_actions_batch_002.csv
46176,3763,19,2026-01-06,REVIEW,3,N,2026-01-12 10:00:00,batch_002,workqueue_actions_batch_002.csv
46177,3431,16,2026-01-07,REVIEW,1,Y,2026-01-12 10:00:00,batch_002,workqueue_actions_batch_002.csv
46178,2773,9,2026-01-06,REVIEW,3,N,2026-01-12 10:00:00,batch_002,workqueue_actions_batch_002.csv
46179,2139,13,2026-01-09,REVIEW,2,N,2026-01-12 10:00:00,batch_002,workqueue_actions_batch_002.csv
46180,2699,11,2026-01-11,ESCALATE,4,N,2026-01-12 10:00:00,batch_002,workqueue_actions_batch_002.csv
46181,3915,16,2026-01-11,NOTE,1,N,2026-01-12 10:00:00,batch_002,workqueue_actions_batch_002.csv
46182,5037,5,2026-01-05,REVIEW,3,N,2026-01-12 10:00:00,batch_002,workqueue_actions_batch_002.csv
46183,1952,4,2026-01-12,NOTE,0,Y,2026-01-12 10:00:00,batch_002,workqueue_actions_batch_002.csv
46184,1468,2,2026-01-05,ESCALATE,0,N,2026-01-12 10:00:00,batch_002,workqueue_actions_batch_002.csv
46185,1362,9,2026-01-07,REVIEW,2,Y,2026-01-12 10:00:00,batch_002,workqueue_actions_batch_002.csv
46186,2765,5,2026-01-08,REVIEW,0,Y,2026-01-12 10:00:00,batch_002,workqueue_actions_batch_002.csv
46187,1492,9,2026-01-11,NOTE,0,N,2026-01-12 10:00:00,batch_002,workqueue_actions_batch_002.csv
46188,3963,15,2026-01-05,REVIEW,1,Y,2026-01-12 10:00:00,batch_002,workqueue_actions_batch_002.csv
46189,3204,18,2026-01-11,REVIEW,4,N,2026-01-12 10:00:00,batch_002,workqueue_actions_batch_002.csv
46190,3866,6,2026-01-09,REVIEW,1,Y,2026-01-12 10:00:00,batch_002,workqueue_actions_batch_002.csv
46191,1615,2,2026-01-10,NOTE,2,N,2026-01-12 10:00:00,batch_002,workqueue_actions_batch_002.csv
46192,4175,2,2026-01-10,NOTE,1,Y,2026-01-12 10:00:00,batch_002,workqueue_actions_batch_002.csv
46193,4761,8,2026-01-12,CALL,2,N,2026-01-12 10:00:00,batch_002,workqueue_actions_batch_002.csv
46194,2546,15,2026-01-10,REVIEW,4,N,2026-01-12 10:00:00,batch_002,workqueue_actions_batch_002.csv
46195,4918,14,2026-01-05,NOTE,0,Y,2026-01-12 10:00:00,batch_002,workqueue_actions_batch_002.csv
46196,2546,14,2026-01-09,REVIEW,0,N,2026-01-12 10:00:00,batch_002,workqueue_actions_batch_002.csv
46197,5135,2,2026-01-05,NOTE,3,Y,2026-01-12 10:00:00,batch_002,workqueue_actions_batch_002.csv
46198,1051,14,2026-01-10,CALL,4,N,2026-01-12 10:00:00,batch_002,workqueue_actions_batch_002.csv
46199,3818,4,2026-01-07,ESCALATE,0,Y,2026-01-12 10:00:00,batch_002,workqueue_actions_batch_002.csv
46200,2674,7,2026-01-09,REVIEW,4,N,2026-01-12 10:00:00,batch_002,workqueue_actions_batch_002.csv
46201,2129,16,2026-01-08,CALL,4,N,2026-01-12 10:00:00,batch_002,workqueue_actions_batch_002.csv
46202,2360,7,2026-01-05,CALL,4,Y,2026-01-12 10:00:00,batch_002,workqueue_actions_batch_002.csv
46203,2776,7,2026-01-12,REVIEW,1,N,2026-01-12 10:00:00,batch_002,workqueue_actions_batch_002.csv
46204,1336,19,2026-01-09,NOTE,1,Y,2026-01-12 10:00:00,batch_002,workqueue_actions_batch_002.csv
46205,2320,18,2026-01-05,CALL,2,Y,2026-01-12 10:00:00,batch_002,workqueue_actions_batch_002.csv
46206,1982,4,2026-01-09,CALL,4,N,2026-01-12 10:00:00,batch_002,workqueue_actions_batch_002.csv
46207,2241,16,2026-01-08,ESCALATE,2,N,2026-01-12 10:00:00,batch_002,workqueue_actions_batch_002.csv
46208,3510,20,2026-01-12,ESCALATE,2,Y,2026-01-12 10:00:00,batch_002,workqueue_actions_batch_002.csv
46209,2129,18,2026-01-06,CALL,4,N,2026-01-12 10:00:00,batch_002,workqueue_actions_batch_002.csv
46210,4598,18,2026-01-11,REVIEW,0,N,2026-01-12 10:00:00,batch_002,workqueue_actions_batch_002.csv
46211,1293,16,2026-01-05,REVIEW,0,N,2026-01-12 10:00:00,batch_002,workqueue_actions_batch_002.csv
46212,5281,16,2026-01-08,CALL,3,Y,2026-01-12 10:00:00,batch_002,workqueue_actions_batch_002.csv
46213,1302,18,2026-01-09,REVIEW,3,N,2026-01-12 10:00:00,batch_002,workqueue_actions_batch_002.csv
46214,1021,5,2026-01-06,CALL,3,Y,2026-01-12 10:00:00,batch_002,workqueue_actions_batch_002.csv
46215,3193,9,2026-01-12,NOTE,0,Y,2026-01-12 10:00:00,batch_002,workqueue_actions_batch_002.csv
46216,2083,3,2026-01-07,NOTE,2,N,2026-01-12 10:00:00,batch_002,workqueue_actions_batch_002.csv
46217,4826,9,2026-01-11,NOTE,4,N,2026-01-12 10:00:00,batch_002,workqueue_actions_batch_002.csv
46218,4390,13,2026-01-10,CALL,2,Y,2026-01-12 10:00:00,batch_002,workqueue_actions_batch_002.csv
46219,2446,13,2026-01-05,CALL,0,N,2026-01-12 10:00:00,batch_002,workqueue_actions_batch_002.csv
46220,3550,18,2026-01-07,REVIEW,1,Y,2026-01-12 10:00:00,batch_002,workqueue_actions_batch_002.csv
46221,2389,11,2026-01-05,NOTE,1,Y,2026-01-12 10:00:00,batch_002,workqueue_actions_batch_002.csv
46222,1013,14,2026-01-11,CALL,4,N,2026-01-12 10:00:00,batch_002,workqueue_actions_batch_002.csv
46223,3176,7,2026-01-09,ESCALATE,1,Y,2026-01-12 10:00:00,batch_002,workqueue_actions_batch_002.csv
46224,4923,8,2026-01-09,CALL,3,N,2026-01-12 10:00:00,batch_002,workqueue_actions_batch_002.csv
46225,3296,17,2026-01-07,CALL,4,N,2026-01-12 10:00:00,batch_002,workqueue_actions_batch_002.csv
46226,3061,4,2026-01-11,REVIEW,1,Y,2026-01-12 10:00:00,batch_002,workqueue_actions_batch_002.csv
46227,4074,7,2026-01-06,ESCALATE,0,Y,2026-01-12 10:00:00,batch_002,workqueue_actions_batch_002.csv
46228,3793,1,2026-01-07,ESCALATE,2,Y,2026-01-12 10:00:00,batch_002,workqueue_actions_batch_002.csv
46229,5114,12,2026-01-09,REVIEW,3,N,2026-01-12 10:00:00,batch_002,workqueue_actions_batch_002.csv
46230,4052,15,2026-01-11,NOTE,2,Y,2026-01-12 10:00:00,batch_002,workqueue_actions_batch_002.csv
46231,4508,7,2026-01-07,ESCALATE,1,Y,2026-01-12 10:00:00,batch_002,workqueue_actions_batch_002.csv
46232,3490,4,2026-01-12,REVIEW,2,N,2026-01-12 10:00:00,batch_002,workqueue_actions_batch_002.csv
46233,4912,7,2026-01-10,NOTE,4,N,2026-01-12 10:00:00,batch_002,workqueue_actions_batch_002.csv
46234,1074,3,2026-01-09,REVIEW,1,N,2026-01-12 10:00:00,batch_002,workqueue_actions_batch_002.csv
46235,2541,20,2026-01-07,ESCALATE,1,Y,2026-01-12 10:00:00,batch_002,workqueue_actions_batch_002.csv
46236,4229,2,2026-01-11,REVIEW,1,Y,2026-01-12 10:00:00,batch_002,workqueue_actions_batch_002.csv
46237,3032,6,2026-01-09,ESCALATE,1,Y,2026-01-12 10:00:00,batch_002,workqueue_actions_batch_002.csv
46238,3837,19,2026-01-11,ESCALATE,3,N,2026-01-12 10:00:00,batch_002,workqueue_actions_batch_002.csv
46239,2325,1,2026-01-11,CALL,1,N,2026-01-12 10:00:00,batch_002,workqueue_actions_batch_002.csv
46240,4383,4,2026-01-12,NOTE,3,Y,2026-01-12 10:00:00,batch_002,workqueue_actions_batch_002.csv
46241,1825,5,2026-01-09,ESCALATE,4,Y,2026-01-12 10:00:00,batch_002,workqueue_actions_batch_002.csv
46242,4499,15,2026-01-10,NOTE,0,Y,2026-01-12 10:00:00,batch_002,workqueue_actions_batch_002.csv
46243,2920,18,2026-01-07,REVIEW,1,Y,2026-01-12 10:00:00,batch_002,workqueue_actions_batch_002.csv
46244,3649,1,2026-01-09,CALL,0,N,2026-01-12 10:00:00,batch_002,workqueue_actions_batch_002.csv
46245,4762,18,2026-01-09,REVIEW,3,Y,2026-01-12 10:00:00,batch_002,workqueue_actions_batch_002.csv
46246,4698,4,2026-01-07,NOTE,1,N,2026-01-12 10:00:00,batch_002,workqueue_actions_batch_002.csv
46247,1369,18,2026-01-06,NOTE,4,Y,2026-01-12 10:00:00,batch_002,workqueue_actions_batch_002.csv
46248,2319,13,2026-01-07,CALL,4,Y,2026-01-12 10:00:00,batch_002,workqueue_actions_batch_002.csv
46249,4775,7,2026-01-07,REVIEW,2,N,2026-01-12 10:00:00,batch_002,workqueue_actions_batch_002.csv
46250,1830,17,2026-01-11,CALL,2,Y,2026-01-12 10:00:00,batch_002,workqueue_actions_batch_002.csv
46251,2054,16,2026-01-08,ESCALATE,4,N,2026-01-12 10:00:00,batch_002,workqueue_actions_batch_002.csv
46252,3011,6,2026-01-11,NOTE,1,Y,2026-01-12 10:00:00,batch_002,workqueue_actions_batch_002.csv
46253,2137,15,2026-01-07,NOTE,0,Y,2026-01-12 10:00:00,batch_002,workqueue_actions_batch_002.csv
46254,3019,8,2026-01-12,CALL,4,Y,2026-01-12 10:00:00,batch_002,workqueue_actions_batch_002.csv
46255,4805,8,2026-01-08,ESCALATE,4,Y,2026-01-12 10:00:00,batch_002,workqueue_actions_batch_002.csv
46256,2316,1,2026-01-12,REVIEW,1,Y,2026-01-12 10:00:00,batch_002,workqueue_actions_batch_002.csv
46257,1901,14,2026-01-07,ESCALATE,4,Y,2026-01-12 10:00:00,batch_002,workqueue_actions_batch_002.csv
46258,1714,5,2026-01-11,REVIEW,0,N,2026-01-12 10:00:00,batch_002,workqueue_actions_batch_002.csv
46259,1860,2,2026-01-09,NOTE,0,N,2026-01-12 10:00:00,batch_002,workqueue_actions_batch_002.csv
46260,2582,3,2026-01-08,ESCALATE,2,N,2026-01-12 10:00:00,batch_002,workqueue_actions_batch_002.csv
46261,1436,17,2026-01-10,REVIEW,0,Y,2026-01-12 10:00:00,batch_002,workqueue_actions_batch_002.csv
46262,1105,13,2026-01-05,CALL,3,Y,2026-01-12 10:00:00,batch_002,workqueue_actions_batch_002.csv
46263,2953,13,2026-01-10,CALL,2,Y,2026-01-12 10:00:00,batch_002,workqueue_actions_batch_002.csv
46264,3512,12,2026-01-05,ESCALATE,3,N,2026-01-12 10:00:00,batch_002,workqueue_actions_batch_002.csv
46265,3803,17,2026-01-09,REVIEW,0,Y,2026-01-12 10:00:00,batch_002,workqueue_actions_batch_002.csv
46266,3270,13,2026-01-06,REVIEW,3,Y,2026-01-12 10:00:00,batch_002,workqueue_actions_batch_002.csv
46267,4942,2,2026-01-11,REVIEW,2,N,2026-01-12 10:00:00,batch_002,workqueue_actions_batch_002.csv
46268,4904,8,2026-01-08,REVIEW,2,N,2026-01-12 10:00:00,batch_002,workqueue_actions_batch_002.csv
46269,1041,17,2026-01-08,ESCALATE,0,N,2026-01-12 10:00:00,batch_002,workqueue_actions_batch_002.csv
46270,4762,5,2026-01-08,ESCALATE,0,N,2026-01-12 10:00:00,batch_002,workqueue_actions_batch_002.csv
46271,2315,10,2026-01-07,REVIEW,4,Y,2026-01-12 10:00:00,batch_002,workqueue_actions_batch_002.csv
46272,2891,16,2026-01-08,ESCALATE,1,N,2026-01-12 10:00:00,batch_002,workqueue_actions_batch_002.csv
46273,4942,20,2026-01-06,ESCALATE,4,N,2026-01-12 10:00:00,batch_002,workqueue_actions_batch_002.csv
46274,5096,13,2026-01-11,CALL,4,N,2026-01-12 10:00:00,batch_002,workqueue_actions_batch_002.csv
46275,1523,4,2026-01-05,ESCALATE,0,N,2026-01-12 10:00:00,batch_002,workqueue_actions_batch_002.csv
46276,4753,5,2026-01-05,NOTE,0,Y,2026-01-12 10:00:00,batch_002,workqueue_actions_batch_002.csv
46277,1483,8,2026-01-06,NOTE,0,N,2026-01-12 10:00:00,batch_002,workqueue_actions_batch_002.csv
46278,2793,7,2026-01-08,ESCALATE,0,Y,2026-01-12 10:00:00,batch_002,workqueue_actions_batch_002.csv
46279,3502,4,2026-01-05,REVIEW,1,Y,2026-01-12 10:00:00,batch_002,workqueue_actions_batch_002.csv
46280,1713,2,2026-01-11,REVIEW,1,N,2026-01-12 10:00:00,batch_002,workqueue_actions_batch_002.csv
46281,4119,1,2026-01-05,NOTE,0,Y,2026-01-12 10:00:00,batch_002,workqueue_actions_batch_002.csv
46282,1199,19,2026-01-08,NOTE,3,N,2026-01-12 10:00:00,batch_002,workqueue_actions_batch_002.csv
46283,3653,13,2026-01-06,CALL,4,N,2026-01-12 10:00:00,batch_002,workqueue_actions_batch_002.csv
46284,3442,12,2026-01-09,REVIEW,4,Y,2026-01-12 10:00:00,batch_002,workqueue_actions_batch_002.csv
46285,4619,15,2026-01-12,CALL,1,N,2026-01-12 10:00:00,batch_002,workqueue_actions_batch_002.csv
46286,1458,5,2026-01-08,NOTE,3,Y,2026-01-12 10:00:00,batch_002,workqueue_actions_batch_002.csv
46287,3479,5,2026-01-12,CALL,3,Y,2026-01-12 10:00:00,batch_002,workqueue_actions_batch_002.csv
46288,1167,7,2026-01-11,NOTE,2,N,2026-01-12 10:00:00,batch_002,workqueue_actions_batch_002.csv
46289,2509,7,2026-01-08,ESCALATE,3,Y,2026-01-12 10:00:00,batch_002,workqueue_actions_batch_002.csv
46290,2690,5,2026-01-11,NOTE,3,Y,2026-01-12 10:00:00,batch_002,workqueue_actions_batch_002.csv
46291,2703,8,2026-01-12,NOTE,1,Y,2026-01-12 10:00:00,batch_002,workqueue_actions_batch_002.csv
46292,2473,18,2026-01-05,CALL,0,N,2026-01-12 10:00:00,batch_002,workqueue_actions_batch_002.csv
46293,4840,13,2026-01-09,NOTE,2,N,2026-01-12 10:00:00,batch_002,workqueue_actions_batch_002.csv
46294,3147,2,2026-01-07,NOTE,1,N,2026-01-12 10:00:00,batch_002,workqueue_actions_batch_002.csv
46295,1684,19,2026-01-06,REVIEW,1,Y,2026-01-12 10:00:00,batch_002,workqueue_actions_batch_002.csv
46296,2760,20,2026-01-09,ESCALATE,1,Y,2026-01-12 10:00:00,batch_002,workqueue_actions_batch_002.csv
46297,4924,5,2026-01-06,CALL,3,Y,2026-01-12 10:00:00,batch_002,workqueue_actions_batch_002.csv
46298,4475,3,2026-01-08,NOTE,1,Y,2026-01-12 10:00:00,batch_002,workqueue_actions_batch_002.csv
46299,2776,20,2026-01-07,REVIEW,0,Y,2026-01-12 10:00:00,batch_002,workqueue_actions_batch_002.csv
46300,4115,15,2026-01-06,REVIEW,4,Y,2026-01-12 10:00:00,batch_002,workqueue_actions_batch_002.csv
46301,1504,14,2026-01-07,NOTE,0,N,2026-01-12 10:00:00,batch_002,workqueue_actions_batch_002.csv
46302,3643,9,2026-01-06,NOTE,3,Y,2026-01-12 10:00:00,batch_002,workqueue_actions_batch_002.csv
46303,3868,19,2026-01-08,CALL,4,N,2026-01-12 10:00:00,batch_002,workqueue_actions_batch_002.csv
46304,2058,5,2026-01-07,REVIEW,2,Y,2026-01-12 10:00:00,batch_002,workqueue_actions_batch_002.csv
46305,3567,5,2026-01-05,ESCALATE,0,Y,2026-01-12 10:00:00,batch_002,workqueue_actions_batch_002.csv
46306,2530,12,2026-01-07,NOTE,1,N,2026-01-12 10:00:00,batch_002,workqueue_actions_batch_002.csv
46307,3773,11,2026-01-05,REVIEW,4,Y,2026-01-12 10:00:00,batch_002,workqueue_actions_batch_002.csv
46308,2532,19,2026-01-07,ESCALATE,0,Y,2026-01-12 10:00:00,batch_002,workqueue_actions_batch_002.csv
46309,3649,17,2026-01-07,REVIEW,3,N,2026-01-12 10:00:00,batch_002,workqueue_actions_batch_002.csv
46310,4019,10,2026-01-11,REVIEW,1,Y,2026-01-12 10:00:00,batch_002,workqueue_actions_batch_002.csv
46311,2287,20,2026-01-08,CALL,4,N,2026-01-12 10:00:00,batch_002,workqueue_actions_batch_002.csv
46312,3915,18,2026-01-08,REVIEW,4,N,2026-01-12 10:00:00,batch_002,workqueue_actions_batch_002.csv
46313,4987,15,2026-01-09,CALL,0,Y,2026-01-12 10:00:00,batch_002,workqueue_actions_batch_002.csv
46314,5209,20,2026-01-10,REVIEW,2,N,2026-01-12 10:00:00,batch_002,workqueue_actions_batch_002.csv
46315,4023,13,2026-01-12,CALL,1,Y,2026-01-12 10:00:00,batch_002,workqueue_actions_batch_002.csv
46316,3642,13,2026-01-09,NOTE,1,N,2026-01-12 10:00:00,batch_002,workqueue_actions_batch_002.csv
46317,2023,9,2026-01-11,ESCALATE,3,Y,2026-01-12 10:00:00,batch_002,workqueue_actions_batch_002.csv
46318,3320,7,2026-01-09,ESCALATE,1,N,2026-01-12 10:00:00,batch_002,workqueue_actions_batch_002.csv
46319,3055,17,2026-01-05,CALL,4,N,2026-01-12 10:00:00,batch_002,workqueue_actions_batch_002.csv
46320,2806,14,2026-01-07,REVIEW,1,N,2026-01-12 10:00:00,batch_002,workqueue_actions_batch_002.csv
46321,1619,14,2026-01-07,CALL,3,Y,2026-01-12 10:00:00,batch_002,workqueue_actions_batch_002.csv
46322,3168,14,2026-01-11,NOTE,1,N,2026-01-12 10:00:00,batch_002,workqueue_actions_batch_002.csv
46323,3146,14,2026-01-10,NOTE,1,Y,2026-01-12 10:00:00,batch_002,workqueue_actions_batch_002.csv
46324,4988,1,2026-01-05,NOTE,3,Y,2026-01-12 10:00:00,batch_002,workqueue_actions_batch_002.csv
46325,1358,20,2026-01-12,NOTE,0,N,2026-01-12 10:00:00,batch_002,workqueue_actions_batch_002.csv
46326,4649,12,2026-01-05,NOTE,0,Y,2026-01-12 10:00:00,batch_002,workqueue_actions_batch_002.csv
46327,5290,10,2026-01-08,NOTE,1,Y,2026-01-12 10:00:00,batch_002,workqueue_actions_batch_002.csv
46328,4285,2,2026-01-08,CALL,3,N,2026-01-12 10:00:00,batch_002,workqueue_actions_batch_002.csv
46329,5012,13,2026-01-10,ESCALATE,0,Y,2026-01-12 10:00:00,batch_002,workqueue_actions_batch_002.csv
46330,2442,6,2026-01-05,REVIEW,0,Y,2026-01-12 10:00:00,batch_002,workqueue_actions_batch_002.csv
46331,5010,3,2026-01-09,REVIEW,0,N,2026-01-12 10:00:00,batch_002,workqueue_actions_batch_002.csv
46332,3064,5,2026-01-05,NOTE,1,N,2026-01-12 10:00:00,batch_002,workqueue_actions_batch_002.csv
46333,2106,10,2026-01-05,CALL,4,N,2026-01-12 10:00:00,batch_002,workqueue_actions_batch_002.csv
46334,3124,9,2026-01-06,CALL,4,N,2026-01-12 10:00:00,batch_002,workqueue_actions_batch_002.csv
46335,1775,18,2026-01-11,NOTE,1,N,2026-01-12 10:00:00,batch_002,workqueue_actions_batch_002.csv
46336,3115,9,2026-01-05,NOTE,4,Y,2026-01-12 10:00:00,batch_002,workqueue_actions_batch_002.csv
46337,1576,11,2026-01-09,CALL,0,N,2026-01-12 10:00:00,batch_002,workqueue_actions_batch_002.csv
46338,2940,14,2026-01-08,NOTE,2,Y,2026-01-12 10:00:00,batch_002,workqueue_actions_batch_002.csv
46339,3884,9,2026-01-11,NOTE,2,Y,2026-01-12 10:00:00,batch_002,workqueue_actions_batch_002.csv
46340,4386,10,2026-01-11,NOTE,2,Y,2026-01-12 10:00:00,batch_002,workqueue_actions_batch_002.csv
46341,2176,13,2026-01-06,NOTE,4,Y,2026-01-12 10:00:00,batch_002,workqueue_actions_batch_002.csv
46342,3264,5,2026-01-09,NOTE,1,Y,2026-01-12 10:00:00,batch_002,workqueue_actions_batch_002.csv
46343,2946,12,2026-01-09,ESCALATE,4,Y,2026-01-12 10:00:00,batch_002,workqueue_actions_batch_002.csv
46344,4772,6,2026-01-08,CALL,0,Y,2026-01-12 10:00:00,batch_002,workqueue_actions_batch_002.csv
46345,1983,4,2026-01-06,NOTE,3,Y,2026-01-12 10:00:00,batch_002,workqueue_actions_batch_002.csv
46346,3997,17,2026-01-10,NOTE,0,N,2026-01-12 10:00:00,batch_002,workqueue_actions_batch_002.csv
46347,4539,4,2026-01-08,REVIEW,0,N,2026-01-12 10:00:00,batch_002,workqueue_actions_batch_002.csv
46348,3634,11,2026-01-11,ESCALATE,4,N,2026-01-12 10:00:00,batch_002,workqueue_actions_batch_002.csv
46349,4821,19,2026-01-06,REVIEW,3,N,2026-01-12 10:00:00,batch_002,workqueue_actions_batch_002.csv
46350,1806,10,2026-01-10,REVIEW,2,Y,2026-01-12 10:00:00,batch_002,workqueue_actions_batch_002.csv
46351,4068,1,2026-01-10,CALL,2,N,2026-01-12 10:00:00,batch_002,workqueue_actions_batch_002.csv
46352,2666,1,2026-01-12,ESCALATE,2,N,2026-01-12 10:00:00,batch_002,workqueue_actions_batch_002.csv
46353,2805,12,2026-01-10,NOTE,2,N,2026-01-12 10:00:00,batch_002,workqueue_actions_batch_002.csv
46354,5298,20,2026-01-09,ESCALATE,2,Y,2026-01-12 10:00:00,batch_002,workqueue_actions_batch_002.csv
46355,1175,13,2026-01-10,NOTE,0,N,2026-01-12 10:00:00,batch_002,workqueue_actions_batch_002.csv
46356,5227,16,2026-01-11,REVIEW,2,Y,2026-01-12 10:00:00,batch_002,workqueue_actions_batch_002.csv
46357,4046,10,2026-01-05,CALL,4,Y,2026-01-12 10:00:00,batch_002,workqueue_actions_batch_002.csv
46358,4535,3,2026-01-10,NOTE,1,N,2026-01-12 10:00:00,batch_002,workqueue_actions_batch_002.csv
46359,4915,13,2026-01-11,ESCALATE,0,N,2026-01-12 10:00:00,batch_002,workqueue_actions_batch_002.csv
46360,1603,14,2026-01-07,NOTE,1,Y,2026-01-12 10:00:00,batch_002,workqueue_actions_batch_002.csv
46361,3406,9,2026-01-06,REVIEW,4,N,2026-01-12 10:00:00,batch_002,workqueue_actions_batch_002.csv
46362,3330,6,2026-01-05,NOTE,0,Y,2026-01-12 10:00:00,batch_002,workqueue_actions_batch_002.csv
46363,1329,6,2026-01-07,CALL,3,N,2026-01-12 10:00:00,batch_002,workqueue_actions_batch_002.csv
46364,2362,20,2026-01-08,CALL,4,Y,2026-01-12 10:00:00,batch_002,workqueue_actions_batch_002.csv
46365,1305,10,2026-01-10,CALL,1,N,2026-01-12 10:00:00,batch_002,workqueue_actions_batch_002.csv
46366,4886,19,2026-01-05,ESCALATE,0,N,2026-01-12 10:00:00,batch_002,workqueue_actions_batch_002.csv
46367,1799,14,2026-01-07,ESCALATE,4,N,2026-01-12 10:00:00,batch_002,workqueue_actions_batch_002.csv
46368,5165,17,2026-01-10,REVIEW,0,Y,2026-01-12 10:00:00,batch_002,workqueue_actions_batch_002.csv
46369,3993,16,2026-01-09,CALL,3,Y,2026-01-12 10:00:00,batch_002,workqueue_actions_batch_002.csv
46370,5274,14,2026-01-09,ESCALATE,1,N,2026-01-12 10:00:00,batch_002,workqueue_actions_batch_002.csv
46371,2235,12,2026-01-05,REVIEW,0,N,2026-01-12 10:00:00,batch_002,workqueue_actions_batch_002.csv
46372,1925,6,2026-01-05,REVIEW,0,Y,2026-01-12 10:00:00,batch_002,workqueue_actions_batch_002.csv
46373,1155,1,2026-01-06,NOTE,2,Y,2026-01-12 10:00:00,batch_002,workqueue_actions_batch_002.csv
46374,4400,6,2026-01-06,CALL,0,Y,2026-01-12 10:00:00,batch_002,workqueue_actions_batch_002.csv
46375,1364,9,2026-01-06,CALL,3,Y,2026-01-12 10:00:00,batch_002,workqueue_actions_batch_002.csv
46376,2920,19,2026-01-06,ESCALATE,2,Y,2026-01-12 10:00:00,batch_002,workqueue_actions_batch_002.csv
46377,3021,11,2026-01-11,NOTE,0,N,2026-01-12 10:00:00,batch_002,workqueue_actions_batch_002.csv
46378,3111,20,2026-01-12,CALL,2,N,2026-01-12 10:00:00,batch_002,workqueue_actions_batch_002.csv
46379,2189,4,2026-01-09,NOTE,0,Y,2026-01-12 10:00:00,batch_002,workqueue_actions_batch_002.csv
46380,3646,18,2026-01-12,REVIEW,0,N,2026-01-12 10:00:00,batch_002,workqueue_actions_batch_002.csv
46381,1789,8,2026-01-12,ESCALATE,1,N,2026-01-12 10:00:00,batch_002,workqueue_actions_batch_002.csv
46382,4269,7,2026-01-12,ESCALATE,4,N,2026-01-12 10:00:00,batch_002,workqueue_actions_batch_002.csv
46383,1164,12,2026-01-10,CALL,1,N,2026-01-12 10:00:00,batch_002,workqueue_actions_batch_002.csv
46384,2793,17,2026-01-11,CALL,4,N,2026-01-12 10:00:00,batch_002,workqueue_actions_batch_002.csv
46385,2339,6,2026-01-09,REVIEW,3,N,2026-01-12 10:00:00,batch_002,workqueue_actions_batch_002.csv
46386,3706,17,2026-01-09,REVIEW,0,N,2026-01-12 10:00:00,batch_002,workqueue_actions_batch_002.csv
46387,4070,16,2026-01-06,REVIEW,0,N,2026-01-12 10:00:00,batch_002,workqueue_actions_batch_002.csv
46388,1100,20,2026-01-07,REVIEW,4,N,2026-01-12 10:00:00,batch_002,workqueue_actions_batch_002.csv
46389,4503,6,2026-01-10,REVIEW,1,Y,2026-01-12 10:00:00,batch_002,workqueue_actions_batch_002.csv
46390,1430,8,2026-01-05,NOTE,1,Y,2026-01-12 10:00:00,batch_002,workqueue_actions_batch_002.csv
46391,2324,19,2026-01-12,ESCALATE,1,Y,2026-01-12 10:00:00,batch_002,workqueue_actions_batch_002.csv
46392,1608,17,2026-01-12,CALL,1,Y,2026-01-12 10:00:00,batch_002,workqueue_actions_batch_002.csv
46393,1007,8,2026-01-10,NOTE,0,N,2026-01-12 10:00:00,batch_002,workqueue_actions_batch_002.csv
46394,3370,13,2026-01-08,CALL,0,Y,2026-01-12 10:00:00,batch_002,workqueue_actions_batch_002.csv
46395,4767,17,2026-01-08,CALL,3,Y,2026-01-12 10:00:00,batch_002,workqueue_actions_batch_002.csv
46396,1417,6,2026-01-08,CALL,2,Y,2026-01-12 10:00:00,batch_002,workqueue_actions_batch_002.csv
46397,1571,16,2026-01-12,ESCALATE,0,N,2026-01-12 10:00:00,batch_002,workqueue_actions_batch_002.csv
46398,1196,13,2026-01-08,ESCALATE,2,N,2026-01-12 10:00:00,batch_002,workqueue_actions_batch_002.csv
46399,5289,13,2026-01-09,ESCALATE,2,N,2026-01-12 10:00:00,batch_002,workqueue_actions_batch_002.csv
46400,4983,8,2026-01-05,CALL,2,N,2026-01-12 10:00:00,batch_002,workqueue_actions_batch_002.csv
46401,3065,16,2026-01-09,CALL,2,Y,2026-01-12 10:00:00,batch_002,workqueue_actions_batch_002.csv
46402,4513,9,2026-01-12,NOTE,0,N,2026-01-12 10:00:00,batch_002,workqueue_actions_batch_002.csv
46403,1993,12,2026-01-10,CALL,1,Y,2026-01-12 10:00:00,batch_002,workqueue_actions_batch_002.csv
46404,4985,3,2026-01-09,ESCALATE,4,N,2026-01-12 10:00:00,batch_002,workqueue_actions_batch_002.csv
46405,2341,3,2026-01-06,ESCALATE,4,Y,2026-01-12 10:00:00,batch_002,workqueue_actions_batch_002.csv
46406,4032,20,2026-01-11,NOTE,2,N,2026-01-12 10:00:00,batch_002,workqueue_actions_batch_002.csv
46407,1071,10,2026-01-07,CALL,4,N,2026-01-12 10:00:00,batch_002,workqueue_actions_batch_002.csv
46408,3283,13,2026-01-12,NOTE,1,Y,2026-01-12 10:00:00,batch_002,workqueue_actions_batch_002.csv
46409,4141,18,2026-01-08,REVIEW,4,N,2026-01-12 10:00:00,batch_002,workqueue_actions_batch_002.csv
46410,2181,7,2026-01-10,REVIEW,0,N,2026-01-12 10:00:00,batch_002,workqueue_actions_batch_002.csv
46411,2678,7,2026-01-07,REVIEW,4,N,2026-01-12 10:00:00,batch_002,workqueue_actions_batch_002.csv
46412,4832,17,2026-01-08,CALL,4,Y,2026-01-12 10:00:00,batch_002,workqueue_actions_batch_002.csv
46413,2079,5,2026-01-07,NOTE,3,Y,2026-01-12 10:00:00,batch_002,workqueue_actions_batch_002.csv
46414,3760,14,2026-01-10,NOTE,4,N,2026-01-12 10:00:00,batch_002,workqueue_actions_batch_002.csv
46415,1179,4,2026-01-11,CALL,3,N,2026-01-12 10:00:00,batch_002,workqueue_actions_batch_002.csv
46416,1824,3,2026-01-11,NOTE,0,N,2026-01-12 10:00:00,batch_002,workqueue_actions_batch_002.csv
46417,3750,11,2026-01-05,CALL,3,Y,2026-01-12 10:00:00,batch_002,workqueue_actions_batch_002.csv
46418,5001,5,2026-01-07,CALL,4,N,2026-01-12 10:00:00,batch_002,workqueue_actions_batch_002.csv
46419,3300,8,2026-01-10,CALL,0,N,2026-01-12 10:00:00,batch_002,workqueue_actions_batch_002.csv
46420,2970,9,2026-01-05,CALL,1,Y,2026-01-12 10:00:00,batch_002,workqueue_actions_batch_002.csv
46421,4248,10,2026-01-09,REVIEW,1,N,2026-01-12 10:00:00,batch_002,workqueue_actions_batch_002.csv
46422,4773,14,2026-01-09,CALL,4,N,2026-01-12 10:00:00,batch_002,workqueue_actions_batch_002.csv
46423,2630,17,2026-01-10,REVIEW,0,N,2026-01-12 10:00:00,batch_002,workqueue_actions_batch_002.csv
46424,2110,4,2026-01-06,ESCALATE,3,N,2026-01-12 10:00:00,batch_002,workqueue_actions_batch_002.csv
46425,1604,14,2026-01-07,NOTE,1,Y,2026-01-12 10:00:00,batch_002,workqueue_actions_batch_002.csv
46426,3721,13,2026-01-08,CALL,3,N,2026-01-12 10:00:00,batch_002,workqueue_actions_batch_002.csv
46427,1763,4,2026-01-10,CALL,4,N,2026-01-12 10:00:00,batch_002,workqueue_actions_batch_002.csv
46428,4270,6,2026-01-12,ESCALATE,4,N,2026-01-12 10:00:00,batch_002,workqueue_actions_batch_002.csv
46429,3606,7,2026-01-05,REVIEW,1,Y,2026-01-12 10:00:00,batch_002,workqueue_actions_batch_002.csv
46430,5168,9,2026-01-07,ESCALATE,3,Y,2026-01-12 10:00:00,batch_002,workqueue_actions_batch_002.csv
46431,3183,16,2026-01-06,CALL,3,N,2026-01-12 10:00:00,batch_002,workqueue_actions_batch_002.csv
46432,1654,13,2026-01-12,ESCALATE,1,Y,2026-01-12 10:00:00,batch_002,workqueue_actions_batch_002.csv
46433,3860,3,2026-01-06,ESCALATE,2,Y,2026-01-12 10:00:00,batch_002,workqueue_actions_batch_002.csv
46434,3548,10,2026-01-12,ESCALATE,4,N,2026-01-12 10:00:00,batch_002,workqueue_actions_batch_002.csv
46435,3575,2,2026-01-09,NOTE,3,N,2026-01-12 10:00:00,batch_002,workqueue_actions_batch_002.csv
46436,3847,17,2026-01-06,CALL,0,N,2026-01-12 10:00:00,batch_002,workqueue_actions_batch_002.csv
46437,3590,11,2026-01-10,ESCALATE,4,N,2026-01-12 10:00:00,batch_002,workqueue_actions_batch_002.csv
46438,1358,6,2026-01-07,CALL,2,N,2026-01-12 10:00:00,batch_002,workqueue_actions_batch_002.csv
46439,4592,16,2026-01-11,CALL,3,N,2026-01-12 10:00:00,batch_002,workqueue_actions_batch_002.csv
46440,1206,8,2026-01-05,ESCALATE,0,Y,2026-01-12 10:00:00,batch_002,workqueue_actions_batch_002.csv
46441,2964,2,2026-01-10,CALL,2,Y,2026-01-12 10:00:00,batch_002,workqueue_actions_batch_002.csv
46442,1263,12,2026-01-05,CALL,0,Y,2026-01-12 10:00:00,batch_002,workqueue_actions_batch_002.csv
46443,4702,8,2026-01-06,CALL,1,Y,2026-01-12 10:00:00,batch_002,workqueue_actions_batch_002.csv
46444,3710,4,2026-01-06,REVIEW,0,N,2026-01-12 10:00:00,batch_002,workqueue_actions_batch_002.csv
46445,2912,15,2026-01-11,ESCALATE,0,Y,2026-01-12 10:00:00,batch_002,workqueue_actions_batch_002.csv
46446,1289,6,2026-01-08,ESCALATE,0,Y,2026-01-12 10:00:00,batch_002,workqueue_actions_batch_002.csv
46447,4646,13,2026-01-07,ESCALATE,4,N,2026-01-12 10:00:00,batch_002,workqueue_actions_batch_002.csv
46448,2420,8,2026-01-12,ESCALATE,2,Y,2026-01-12 10:00:00,batch_002,workqueue_actions_batch_002.csv
46449,3314,19,2026-01-07,ESCALATE,4,Y,2026-01-12 10:00:00,batch_002,workqueue_actions_batch_002.csv
46450,1963,8,2026-01-10,CALL,0,Y,2026-01-12 10:00:00,batch_002,workqueue_actions_batch_002.csv
46451,4588,13,2026-01-09,REVIEW,2,N,2026-01-12 10:00:00,batch_002,workqueue_actions_batch_002.csv
46452,1009,14,2026-01-09,CALL,4,Y,2026-01-12 10:00:00,batch_002,workqueue_actions_batch_002.csv
46453,2843,2,2026-01-08,NOTE,1,Y,2026-01-12 10:00:00,batch_002,workqueue_actions_batch_002.csv
46454,2484,5,2026-01-08,CALL,0,N,2026-01-12 10:00:00,batch_002,workqueue_actions_batch_002.csv
46455,1619,19,2026-01-07,CALL,3,N,2026-01-12 10:00:00,batch_002,workqueue_actions_batch_002.csv
46456,2465,4,2026-01-06,ESCALATE,2,Y,2026-01-12 10:00:00,batch_002,workqueue_actions_batch_002.csv
46457,3231,13,2026-01-06,CALL,3,N,2026-01-12 10:00:00,batch_002,workqueue_actions_batch_002.csv
46458,3988,6,2026-01-10,REVIEW,1,Y,2026-01-12 10:00:00,batch_002,workqueue_actions_batch_002.csv
46459,1889,3,2026-01-07,CALL,3,N,2026-01-12 10:00:00,batch_002,workqueue_actions_batch_002.csv
46460,4877,9,2026-01-08,CALL,2,N,2026-01-12 10:00:00,batch_002,workqueue_actions_batch_002.csv
46461,3447,10,2026-01-09,CALL,2,Y,2026-01-12 10:00:00,batch_002,workqueue_actions_batch_002.csv
46462,1529,7,2026-01-06,NOTE,4,N,2026-01-12 10:00:00,batch_002,workqueue_actions_batch_002.csv
46463,1644,4,2026-01-11,ESCALATE,4,N,2026-01-12 10:00:00,batch_002,workqueue_actions_batch_002.csv
46464,3752,9,2026-01-12,CALL,0,N,2026-01-12 10:00:00,batch_002,workqueue_actions_batch_002.csv
46465,4998,17,2026-01-05,REVIEW,4,N,2026-01-12 10:00:00,batch_002,workqueue_actions_batch_002.csv
46466,5019,7,2026-01-08,CALL,1,N,2026-01-12 10:00:00,batch_002,workqueue_actions_batch_002.csv
46467,1292,14,2026-01-11,CALL,2,Y,2026-01-12 10:00:00,batch_002,workqueue_actions_batch_002.csv
46468,2708,2,2026-01-08,ESCALATE,1,Y,2026-01-12 10:00:00,batch_002,workqueue_actions_batch_002.csv
46469,1609,8,2026-01-10,NOTE,0,N,2026-01-12 10:00:00,batch_002,workqueue_actions_batch_002.csv
46470,4053,6,2026-01-11,CALL,4,N,2026-01-12 10:00:00,batch_002,workqueue_actions_batch_002.csv
46471,2791,20,2026-01-11,CALL,2,Y,2026-01-12 10:00:00,batch_002,workqueue_actions_batch_002.csv
46472,1098,9,2026-01-10,REVIEW,0,N,2026-01-12 10:00:00,batch_002,workqueue_actions_batch_002.csv
46473,1192,11,2026-01-06,ESCALATE,4,N,2026-01-12 10:00:00,batch_002,workqueue_actions_batch_002.csv
46474,3272,3,2026-01-10,NOTE,0,N,2026-01-12 10:00:00,batch_002,workqueue_actions_batch_002.csv
46475,1243,11,2026-01-09,REVIEW,0,Y,2026-01-12 10:00:00,batch_002,workqueue_actions_batch_002.csv
46476,3946,9,2026-01-11,ESCALATE,1,N,2026-01-12 10:00:00,batch_002,workqueue_actions_batch_002.csv
46477,4134,8,2026-01-06,REVIEW,4,N,2026-01-12 10:00:00,batch_002,workqueue_actions_batch_002.csv
46478,3984,14,2026-01-12,ESCALATE,0,Y,2026-01-12 10:00:00,batch_002,workqueue_actions_batch_002.csv
46479,5126,14,2026-01-05,REVIEW,1,Y,2026-01-12 10:00:00,batch_002,workqueue_actions_batch_002.csv
46480,2923,14,2026-01-06,REVIEW,4,N,2026-01-12 10:00:00,batch_002,workqueue_actions_batch_002.csv
46481,1161,10,2026-01-09,REVIEW,0,N,2026-01-12 10:00:00,batch_002,workqueue_actions_batch_002.csv
46482,1429,11,2026-01-09,NOTE,4,Y,2026-01-12 10:00:00,batch_002,workqueue_actions_batch_002.csv
46483,3106,15,2026-01-07,NOTE,2,Y,2026-01-12 10:00:00,batch_002,workqueue_actions_batch_002.csv
46484,2868,19,2026-01-06,ESCALATE,4,Y,2026-01-12 10:00:00,batch_002,workqueue_actions_batch_002.csv
46485,4250,16,2026-01-08,ESCALATE,2,N,2026-01-12 10:00:00,batch_002,workqueue_actions_batch_002.csv
46486,1428,10,2026-01-07,NOTE,0,N,2026-01-12 10:00:00,batch_002,workqueue_actions_batch_002.csv
46487,3320,3,2026-01-11,ESCALATE,1,Y,2026-01-12 10:00:00,batch_002,workqueue_actions_batch_002.csv
46488,4858,14,2026-01-12,ESCALATE,0,N,2026-01-12 10:00:00,batch_002,workqueue_actions_batch_002.csv
46489,5090,6,2026-01-07,ESCALATE,0,N,2026-01-12 10:00:00,batch_002,workqueue_actions_batch_002.csv
46490,5120,6,2026-01-10,CALL,0,N,2026-01-12 10:00:00,batch_002,workqueue_actions_batch_002.csv
46491,3643,12,2026-01-10,REVIEW,2,Y,2026-01-12 10:00:00,batch_002,workqueue_actions_batch_002.csv
46492,2522,14,2026-01-05,CALL,2,Y,2026-01-12 10:00:00,batch_002,workqueue_actions_batch_002.csv
46493,3685,9,2026-01-10,NOTE,1,Y,2026-01-12 10:00:00,batch_002,workqueue_actions_batch_002.csv
46494,3573,11,2026-01-07,NOTE,0,Y,2026-01-12 10:00:00,batch_002,workqueue_actions_batch_002.csv
46495,1747,15,2026-01-10,CALL,4,N,2026-01-12 10:00:00,batch_002,workqueue_actions_batch_002.csv
46496,2418,9,2026-01-06,CALL,1,Y,2026-01-12 10:00:00,batch_002,workqueue_actions_batch_002.csv
46497,3676,2,2026-01-06,REVIEW,0,Y,2026-01-12 10:00:00,batch_002,workqueue_actions_batch_002.csv
46498,1502,1,2026-01-11,REVIEW,3,Y,2026-01-12 10:00:00,batch_002,workqueue_actions_batch_002.csv
46499,2461,4,2026-01-09,ESCALATE,2,N,2026-01-12 10:00:00,batch_002,workqueue_actions_batch_002.csv
46500,4825,6,2026-01-09,CALL,0,N,2026-01-12 10:00:00,batch_002,workqueue_actions_batch_002.csv
46501,1568,13,2026-01-06,REVIEW,2,Y,2026-01-12 10:00:00,batch_002,workqueue_actions_batch_002.csv
46502,5141,1,2026-01-12,REVIEW,2,N,2026-01-12 10:00:00,batch_002,workqueue_actions_batch_002.csv
46503,2217,20,2026-01-08,CALL,1,Y,2026-01-12 10:00:00,batch_002,workqueue_actions_batch_002.csv
46504,2509,12,2026-01-09,NOTE,1,Y,2026-01-12 10:00:00,batch_002,workqueue_actions_batch_002.csv
46505,2143,9,2026-01-11,CALL,3,N,2026-01-12 10:00:00,batch_002,workqueue_actions_batch_002.csv
46506,1927,5,2026-01-10,REVIEW,0,N,2026-01-12 10:00:00,batch_002,workqueue_actions_batch_002.csv
46507,1469,17,2026-01-09,NOTE,3,N,2026-01-12 10:00:00,batch_002,workqueue_actions_batch_002.csv
46508,2819,16,2026-01-06,REVIEW,4,N,2026-01-12 10:00:00,batch_002,workqueue_actions_batch_002.csv
46509,5142,16,2026-01-08,REVIEW,4,N,2026-01-12 10:00:00,batch_002,workqueue_actions_batch_002.csv
46510,3952,11,2026-01-08,NOTE,3,Y,2026-01-12 10:00:00,batch_002,workqueue_actions_batch_002.csv
46511,5156,12,2026-01-06,CALL,4,Y,2026-01-12 10:00:00,batch_002,workqueue_actions_batch_002.csv
46512,4794,5,2026-01-05,ESCALATE,1,N,2026-01-12 10:00:00,batch_002,workqueue_actions_batch_002.csv
46513,3674,4,2026-01-06,REVIEW,4,N,2026-01-12 10:00:00,batch_002,workqueue_actions_batch_002.csv
46514,3248,1,2026-01-12,NOTE,1,N,2026-01-12 10:00:00,batch_002,workqueue_actions_batch_002.csv
46515,2050,9,2026-01-09,REVIEW,1,Y,2026-01-12 10:00:00,batch_002,workqueue_actions_batch_002.csv
46516,4543,2,2026-01-05,REVIEW,1,Y,2026-01-12 10:00:00,batch_002,workqueue_actions_batch_002.csv
46517,2578,8,2026-01-05,REVIEW,0,Y,2026-01-12 10:00:00,batch_002,workqueue_actions_batch_002.csv
46518,3304,5,2026-01-10,ESCALATE,1,N,2026-01-12 10:00:00,batch_002,workqueue_actions_batch_002.csv
46519,4902,12,2026-01-09,NOTE,0,Y,2026-01-12 10:00:00,batch_002,workqueue_actions_batch_002.csv
46520,2379,1,2026-01-11,NOTE,2,Y,2026-01-12 10:00:00,batch_002,workqueue_actions_batch_002.csv
46521,2675,10,2026-01-11,REVIEW,4,Y,2026-01-12 10:00:00,batch_002,workqueue_actions_batch_002.csv
46522,3164,6,2026-01-09,ESCALATE,1,N,2026-01-12 10:00:00,batch_002,workqueue_actions_batch_002.csv
46523,3890,18,2026-01-10,REVIEW,4,Y,2026-01-12 10:00:00,batch_002,workqueue_actions_batch_002.csv
46524,1194,14,2026-01-10,CALL,3,Y,2026-01-12 10:00:00,batch_002,workqueue_actions_batch_002.csv
46525,5003,11,2026-01-06,REVIEW,2,N,2026-01-12 10:00:00,batch_002,workqueue_actions_batch_002.csv
46526,4545,17,2026-01-10,NOTE,1,Y,2026-01-12 10:00:00,batch_002,workqueue_actions_batch_002.csv
46527,4150,12,2026-01-10,ESCALATE,4,N,2026-01-12 10:00:00,batch_002,workqueue_actions_batch_002.csv
46528,2714,18,2026-01-09,NOTE,0,N,2026-01-12 10:00:00,batch_002,workqueue_actions_batch_002.csv
46529,5039,17,2026-01-09,REVIEW,2,Y,2026-01-12 10:00:00,batch_002,workqueue_actions_batch_002.csv
46530,3797,8,2026-01-12,REVIEW,3,N,2026-01-12 10:00:00,batch_002,workqueue_actions_batch_002.csv
46531,3075,12,2026-01-06,CALL,0,Y,2026-01-12 10:00:00,batch_002,workqueue_actions_batch_002.csv
46532,3736,17,2026-01-07,REVIEW,1,N,2026-01-12 10:00:00,batch_002,workqueue_actions_batch_002.csv
46533,3680,11,2026-01-07,ESCALATE,3,Y,2026-01-12 10:00:00,batch_002,workqueue_actions_batch_002.csv
46534,1612,3,2026-01-08,REVIEW,1,N,2026-01-12 10:00:00,batch_002,workqueue_actions_batch_002.csv
46535,4449,2,2026-01-10,CALL,3,N,2026-01-12 10:00:00,batch_002,workqueue_actions_batch_002.csv
46536,3608,8,2026-01-05,NOTE,2,Y,2026-01-12 10:00:00,batch_002,workqueue_actions_batch_002.csv
46537,2649,4,2026-01-08,REVIEW,1,N,2026-01-12 10:00:00,batch_002,workqueue_actions_batch_002.csv
46538,2137,18,2026-01-07,ESCALATE,3,N,2026-01-12 10:00:00,batch_002,workqueue_actions_batch_002.csv
46539,3816,10,2026-01-08,REVIEW,2,Y,2026-01-12 10:00:00,batch_002,workqueue_actions_batch_002.csv
46540,2911,4,2026-01-11,CALL,4,Y,2026-01-12 10:00:00,batch_002,workqueue_actions_batch_002.csv
46541,2856,18,2026-01-11,CALL,1,N,2026-01-12 10:00:00,batch_002,workqueue_actions_batch_002.csv
46542,2220,8,2026-01-08,ESCALATE,0,N,2026-01-12 10:00:00,batch_002,workqueue_actions_batch_002.csv
46543,1985,6,2026-01-07,CALL,2,Y,2026-01-12 10:00:00,batch_002,workqueue_actions_batch_002.csv
46544,2163,7,2026-01-12,ESCALATE,2,Y,2026-01-12 10:00:00,batch_002,workqueue_actions_batch_002.csv
46545,1941,9,2026-01-11,NOTE,3,Y,2026-01-12 10:00:00,batch_002,workqueue_actions_batch_002.csv
46546,1504,13,2026-01-08,CALL,2,Y,2026-01-12 10:00:00,batch_002,workqueue_actions_batch_002.csv
46547,4166,11,2026-01-12,NOTE,1,Y,2026-01-12 10:00:00,batch_002,workqueue_actions_batch_002.csv
46548,3498,8,2026-01-07,ESCALATE,4,N,2026-01-12 10:00:00,batch_002,workqueue_actions_batch_002.csv
46549,1653,12,2026-01-10,CALL,3,N,2026-01-12 10:00:00,batch_002,workqueue_actions_batch_002.csv
46550,3406,2,2026-01-06,REVIEW,4,N,2026-01-12 10:00:00,batch_002,workqueue_actions_batch_002.csv
46551,5242,18,2026-01-12,ESCALATE,4,Y,2026-01-12 10:00:00,batch_002,workqueue_actions_batch_002.csv
46552,2675,8,2026-01-06,REVIEW,2,Y,2026-01-12 10:00:00,batch_002,workqueue_actions_batch_002.csv
46553,4226,4,2026-01-06,NOTE,4,Y,2026-01-12 10:00:00,batch_002,workqueue_actions_batch_002.csv
46554,4036,20,2026-01-12,REVIEW,1,Y,2026-01-12 10:00:00,batch_002,workqueue_actions_batch_002.csv
46555,1880,20,2026-01-10,ESCALATE,4,Y,2026-01-12 10:00:00,batch_002,workqueue_actions_batch_002.csv
46556,4430,16,2026-01-12,ESCALATE,3,Y,2026-01-12 10:00:00,batch_002,workqueue_actions_batch_002.csv
46557,1358,7,2026-01-10,REVIEW,2,Y,2026-01-12 10:00:00,batch_002,workqueue_actions_batch_002.csv
46558,1449,17,2026-01-09,REVIEW,4,N,2026-01-12 10:00:00,batch_002,workqueue_actions_batch_002.csv
46559,1995,19,2026-01-09,CALL,4,Y,2026-01-12 10:00:00,batch_002,workqueue_actions_batch_002.csv
46560,3966,11,2026-01-06,NOTE,1,N,2026-01-12 10:00:00,batch_002,workqueue_actions_batch_002.csv
46561,2565,7,2026-01-09,CALL,1,Y,2026-01-12 10:00:00,batch_002,workqueue_actions_batch_002.csv
46562,3758,14,2026-01-07,NOTE,4,Y,2026-01-12 10:00:00,batch_002,workqueue_actions_batch_002.csv
46563,1778,7,2026-01-07,CALL,3,N,2026-01-12 10:00:00,batch_002,workqueue_actions_batch_002.csv
46564,3620,10,2026-01-11,CALL,1,Y,2026-01-12 10:00:00,batch_002,workqueue_actions_batch_002.csv
46565,4695,10,2026-01-09,REVIEW,2,N,2026-01-12 10:00:00,batch_002,workqueue_actions_batch_002.csv
46566,1833,7,2026-01-06,NOTE,0,Y,2026-01-12 10:00:00,batch_002,workqueue_actions_batch_002.csv
46567,1113,12,2026-01-08,ESCALATE,3,Y,2026-01-12 10:00:00,batch_002,workqueue_actions_batch_002.csv
46568,2618,13,2026-01-10,CALL,0,N,2026-01-12 10:00:00,batch_002,workqueue_actions_batch_002.csv
46569,3822,1,2026-01-06,ESCALATE,2,Y,2026-01-12 10:00:00,batch_002,workqueue_actions_batch_002.csv
46570,5230,12,2026-01-12,REVIEW,4,Y,2026-01-12 10:00:00,batch_002,workqueue_actions_batch_002.csv
46571,1280,3,2026-01-08,CALL,0,N,2026-01-12 10:00:00,batch_002,workqueue_actions_batch_002.csv
46572,3857,4,2026-01-06,CALL,0,N,2026-01-12 10:00:00,batch_002,workqueue_actions_batch_002.csv
46573,4001,11,2026-01-06,ESCALATE,2,Y,2026-01-12 10:00:00,batch_002,workqueue_actions_batch_002.csv
46574,3479,2,2026-01-10,ESCALATE,2,N,2026-01-12 10:00:00,batch_002,workqueue_actions_batch_002.csv
46575,4487,9,2026-01-06,CALL,4,Y,2026-01-12 10:00:00,batch_002,workqueue_actions_batch_002.csv
46576,3188,16,2026-01-05,REVIEW,0,N,2026-01-12 10:00:00,batch_002,workqueue_actions_batch_002.csv
46577,4721,12,2026-01-09,NOTE,2,Y,2026-01-12 10:00:00,batch_002,workqueue_actions_batch_002.csv
46578,1920,6,2026-01-09,ESCALATE,0,Y,2026-01-12 10:00:00,batch_002,workqueue_actions_batch_002.csv
46579,4755,6,2026-01-12,ESCALATE,0,N,2026-01-12 10:00:00,batch_002,workqueue_actions_batch_002.csv
46580,4266,12,2026-01-09,NOTE,2,Y,2026-01-12 10:00:00,batch_002,workqueue_actions_batch_002.csv
46581,2808,15,2026-01-05,CALL,4,Y,2026-01-12 10:00:00,batch_002,workqueue_actions_batch_002.csv
46582,1873,9,2026-01-08,CALL,4,Y,2026-01-12 10:00:00,batch_002,workqueue_actions_batch_002.csv
46583,4824,9,2026-01-07,REVIEW,4,Y,2026-01-12 10:00:00,batch_002,workqueue_actions_batch_002.csv
46584,5134,2,2026-01-11,REVIEW,0,N,2026-01-12 10:00:00,batch_002,workqueue_actions_batch_002.csv
46585,4676,16,2026-01-09,REVIEW,4,Y,2026-01-12 10:00:00,batch_002,workqueue_actions_batch_002.csv
46586,2917,20,2026-01-05,NOTE,4,Y,2026-01-12 10:00:00,batch_002,workqueue_actions_batch_002.csv
46587,1160,1,2026-01-07,ESCALATE,1,N,2026-01-12 10:00:00,batch_002,workqueue_actions_batch_002.csv
46588,4246,13,2026-01-12,NOTE,0,Y,2026-01-12 10:00:00,batch_002,workqueue_actions_batch_002.csv
46589,1657,3,2026-01-12,ESCALATE,1,Y,2026-01-12 10:00:00,batch_002,workqueue_actions_batch_002.csv
46590,2363,12,2026-01-08,REVIEW,0,Y,2026-01-12 10:00:00,batch_002,workqueue_actions_batch_002.csv
46591,3626,9,2026-01-10,ESCALATE,4,N,2026-01-12 10:00:00,batch_002,workqueue_actions_batch_002.csv
46592,2437,1,2026-01-09,NOTE,0,Y,2026-01-12 10:00:00,batch_002,workqueue_actions_batch_002.csv
46593,3070,13,2026-01-10,ESCALATE,4,N,2026-01-12 10:00:00,batch_002,workqueue_actions_batch_002.csv
46594,1190,9,2026-01-09,CALL,3,N,2026-01-12 10:00:00,batch_002,workqueue_actions_batch_002.csv
46595,3384,4,2026-01-05,NOTE,2,Y,2026-01-12 10:00:00,batch_002,workqueue_actions_batch_002.csv
46596,2585,16,2026-01-09,CALL,4,N,2026-01-12 10:00:00,batch_002,workqueue_actions_batch_002.csv
46597,1122,13,2026-01-07,REVIEW,0,Y,2026-01-12 10:00:00,batch_002,workqueue_actions_batch_002.csv
46598,1607,6,2026-01-12,CALL,1,Y,2026-01-12 10:00:00,batch_002,workqueue_actions_batch_002.csv
46599,1807,20,2026-01-05,REVIEW,2,N,2026-01-12 10:00:00,batch_002,workqueue_actions_batch_002.csv
46600,1943,13,2026-01-06,CALL,0,N,2026-01-12 10:00:00,batch_002,workqueue_actions_batch_002.csv
46601,5058,11,2026-01-05,CALL,4,Y,2026-01-12 10:00:00,batch_002,workqueue_actions_batch_002.csv
46602,2713,2,2026-01-06,NOTE,3,N,2026-01-12 10:00:00,batch_002,workqueue_actions_batch_002.csv
46603,5219,3,2026-01-11,CALL,3,Y,2026-01-12 10:00:00,batch_002,workqueue_actions_batch_002.csv
46604,1172,4,2026-01-07,ESCALATE,1,N,2026-01-12 10:00:00,batch_002,workqueue_actions_batch_002.csv
46605,5178,18,2026-01-05,REVIEW,2,N,2026-01-12 10:00:00,batch_002,workqueue_actions_batch_002.csv
46606,4196,5,2026-01-12,ESCALATE,1,N,2026-01-12 10:00:00,batch_002,workqueue_actions_batch_002.csv
46607,3362,7,2026-01-12,REVIEW,3,Y,2026-01-12 10:00:00,batch_002,workqueue_actions_batch_002.csv
46608,3688,1,2026-01-08,REVIEW,3,Y,2026-01-12 10:00:00,batch_002,workqueue_actions_batch_002.csv
46609,1554,16,2026-01-06,NOTE,2,N,2026-01-12 10:00:00,batch_002,workqueue_actions_batch_002.csv
46610,1920,10,2026-01-12,CALL,0,Y,2026-01-12 10:00:00,batch_002,workqueue_actions_batch_002.csv
46611,4294,3,2026-01-05,CALL,3,Y,2026-01-12 10:00:00,batch_002,workqueue_actions_batch_002.csv
46612,1515,9,2026-01-07,REVIEW,1,Y,2026-01-12 10:00:00,batch_002,workqueue_actions_batch_002.csv
46613,1544,9,2026-01-05,REVIEW,3,N,2026-01-12 10:00:00,batch_002,workqueue_actions_batch_002.csv
46614,4424,4,2026-01-10,ESCALATE,2,Y,2026-01-12 10:00:00,batch_002,workqueue_actions_batch_002.csv
46615,2017,1,2026-01-09,NOTE,4,N,2026-01-12 10:00:00,batch_002,workqueue_actions_batch_002.csv
46616,3293,3,2026-01-08,REVIEW,1,N,2026-01-12 10:00:00,batch_002,workqueue_actions_batch_002.csv
46617,3992,19,2026-01-11,ESCALATE,1,Y,2026-01-12 10:00:00,batch_002,workqueue_actions_batch_002.csv
46618,2424,18,2026-01-08,CALL,1,Y,2026-01-12 10:00:00,batch_002,workqueue_actions_batch_002.csv
46619,1938,7,2026-01-12,ESCALATE,1,N,2026-01-12 10:00:00,batch_002,workqueue_actions_batch_002.csv
46620,3166,5,2026-01-09,ESCALATE,0,Y,2026-01-12 10:00:00,batch_002,workqueue_actions_batch_002.csv
46621,4762,17,2026-01-10,CALL,1,Y,2026-01-12 10:00:00,batch_002,workqueue_actions_batch_002.csv
46622,1739,1,2026-01-08,NOTE,2,Y,2026-01-12 10:00:00,batch_002,workqueue_actions_batch_002.csv
46623,4505,20,2026-01-05,NOTE,1,Y,2026-01-12 10:00:00,batch_002,workqueue_actions_batch_002.csv
46624,5259,6,2026-01-10,ESCALATE,0,Y,2026-01-12 10:00:00,batch_002,workqueue_actions_batch_002.csv
46625,3991,17,2026-01-08,ESCALATE,4,N,2026-01-12 10:00:00,batch_002,workqueue_actions_batch_002.csv
46626,1700,3,2026-01-12,NOTE,1,Y,2026-01-12 10:00:00,batch_002,workqueue_actions_batch_002.csv
46627,1076,9,2026-01-11,ESCALATE,4,N,2026-01-12 10:00:00,batch_002,workqueue_actions_batch_002.csv
46628,2998,6,2026-01-09,CALL,4,N,2026-01-12 10:00:00,batch_002,workqueue_actions_batch_002.csv
46629,3083,12,2026-01-11,NOTE,4,N,2026-01-12 10:00:00,batch_002,workqueue_actions_batch_002.csv
46630,5007,5,2026-01-07,CALL,1,Y,2026-01-12 10:00:00,batch_002,workqueue_actions_batch_002.csv
46631,5048,9,2026-01-05,ESCALATE,2,N,2026-01-12 10:00:00,batch_002,workqueue_actions_batch_002.csv
46632,2078,18,2026-01-07,CALL,1,N,2026-01-12 10:00:00,batch_002,workqueue_actions_batch_002.csv
46633,3829,3,2026-01-08,CALL,0,N,2026-01-12 10:00:00,batch_002,workqueue_actions_batch_002.csv
46634,1525,2,2026-01-11,NOTE,4,N,2026-01-12 10:00:00,batch_002,workqueue_actions_batch_002.csv
46635,4576,13,2026-01-12,CALL,2,Y,2026-01-12 10:00:00,batch_002,workqueue_actions_batch_002.csv
46636,5126,7,2026-01-08,CALL,2,Y,2026-01-12 10:00:00,batch_002,workqueue_actions_batch_002.csv
46637,4727,20,2026-01-09,NOTE,4,N,2026-01-12 10:00:00,batch_002,workqueue_actions_batch_002.csv
46638,4901,17,2026-01-05,CALL,4,N,2026-01-12 10:00:00,batch_002,workqueue_actions_batch_002.csv
46639,1554,10,2026-01-12,REVIEW,4,N,2026-01-12 10:00:00,batch_002,workqueue_actions_batch_002.csv
46640,3823,14,2026-01-12,CALL,0,Y,2026-01-12 10:00:00,batch_002,workqueue_actions_batch_002.csv
46641,2052,5,2026-01-11,ESCALATE,2,N,2026-01-12 10:00:00,batch_002,workqueue_actions_batch_002.csv
46642,1767,1,2026-01-10,NOTE,0,N,2026-01-12 10:00:00,batch_002,workqueue_actions_batch_002.csv
46643,1322,18,2026-01-12,ESCALATE,2,N,2026-01-12 10:00:00,batch_002,workqueue_actions_batch_002.csv
46644,2026,10,2026-01-06,CALL,3,Y,2026-01-12 10:00:00,batch_002,workqueue_actions_batch_002.csv
46645,4558,16,2026-01-11,CALL,1,Y,2026-01-12 10:00:00,batch_002,workqueue_actions_batch_002.csv
46646,1657,19,2026-01-08,CALL,4,Y,2026-01-12 10:00:00,batch_002,workqueue_actions_batch_002.csv
46647,2750,1,2026-01-07,NOTE,2,N,2026-01-12 10:00:00,batch_002,workqueue_actions_batch_002.csv
46648,1540,7,2026-01-06,NOTE,4,N,2026-01-12 10:00:00,batch_002,workqueue_actions_batch_002.csv
46649,1868,15,2026-01-06,CALL,2,N,2026-01-12 10:00:00,batch_002,workqueue_actions_batch_002.csv
46650,3060,5,2026-01-12,REVIEW,4,Y,2026-01-12 10:00:00,batch_002,workqueue_actions_batch_002.csv
46651,4263,15,2026-01-11,NOTE,0,Y,2026-01-12 10:00:00,batch_002,workqueue_actions_batch_002.csv
46652,2123,1,2026-01-10,NOTE,3,Y,2026-01-12 10:00:00,batch_002,workqueue_actions_batch_002.csv
46653,4059,6,2026-01-09,CALL,0,Y,2026-01-12 10:00:00,batch_002,workqueue_actions_batch_002.csv
46654,3811,14,2026-01-07,CALL,4,N,2026-01-12 10:00:00,batch_002,workqueue_actions_batch_002.csv
46655,2064,12,2026-01-09,ESCALATE,2,Y,2026-01-12 10:00:00,batch_002,workqueue_actions_batch_002.csv
46656,2065,1,2026-01-11,CALL,0,Y,2026-01-12 10:00:00,batch_002,workqueue_actions_batch_002.csv
46657,3659,20,2026-01-06,REVIEW,1,N,2026-01-12 10:00:00,batch_002,workqueue_actions_batch_002.csv
46658,4281,2,2026-01-12,NOTE,1,N,2026-01-12 10:00:00,batch_002,workqueue_actions_batch_002.csv
46659,1084,13,2026-01-09,ESCALATE,3,Y,2026-01-12 10:00:00,batch_002,workqueue_actions_batch_002.csv
46660,1986,3,2026-01-07,ESCALATE,2,N,2026-01-12 10:00:00,batch_002,workqueue_actions_batch_002.csv
46661,4332,11,2026-01-09,CALL,0,N,2026-01-12 10:00:00,batch_002,workqueue_actions_batch_002.csv
46662,2270,3,2026-01-05,CALL,3,Y,2026-01-12 10:00:00,batch_002,workqueue_actions_batch_002.csv
46663,1954,10,2026-01-05,REVIEW,4,Y,2026-01-12 10:00:00,batch_002,workqueue_actions_batch_002.csv
46664,2347,18,2026-01-10,REVIEW,4,N,2026-01-12 10:00:00,batch_002,workqueue_actions_batch_002.csv
46665,1566,1,2026-01-06,REVIEW,0,N,2026-01-12 10:00:00,batch_002,workqueue_actions_batch_002.csv
46666,3685,19,2026-01-06,ESCALATE,2,N,2026-01-12 10:00:00,batch_002,workqueue_actions_batch_002.csv
46667,4810,19,2026-01-09,ESCALATE,0,Y,2026-01-12 10:00:00,batch_002,workqueue_actions_batch_002.csv
46668,1925,2,2026-01-10,NOTE,2,N,2026-01-12 10:00:00,batch_002,workqueue_actions_batch_002.csv
46669,4131,16,2026-01-05,REVIEW,0,N,2026-01-12 10:00:00,batch_002,workqueue_actions_batch_002.csv
46670,4537,13,2026-01-11,REVIEW,0,N,2026-01-12 10:00:00,batch_002,workqueue_actions_batch_002.csv
46671,3750,8,2026-01-10,CALL,3,Y,2026-01-12 10:00:00,batch_002,workqueue_actions_batch_002.csv
46672,3544,17,2026-01-07,ESCALATE,0,N,2026-01-12 10:00:00,batch_002,workqueue_actions_batch_002.csv
46673,4953,14,2026-01-11,ESCALATE,1,Y,2026-01-12 10:00:00,batch_002,workqueue_actions_batch_002.csv
46674,2985,19,2026-01-11,ESCALATE,0,Y,2026-01-12 10:00:00,batch_002,workqueue_actions_batch_002.csv
46675,2517,2,2026-01-05,NOTE,1,Y,2026-01-12 10:00:00,batch_002,workqueue_actions_batch_002.csv
46676,2117,16,2026-01-06,NOTE,1,Y,2026-01-12 10:00:00,batch_002,workqueue_actions_batch_002.csv
46677,1422,1,2026-01-09,NOTE,2,N,2026-01-12 10:00:00,batch_002,workqueue_actions_batch_002.csv
46678,1264,18,2026-01-08,ESCALATE,1,Y,2026-01-12 10:00:00,batch_002,workqueue_actions_batch_002.csv
46679,4919,13,2026-01-05,NOTE,4,N,2026-01-12 10:00:00,batch_002,workqueue_actions_batch_002.csv
46680,4225,7,2026-01-07,REVIEW,0,N,2026-01-12 10:00:00,batch_002,workqueue_actions_batch_002.csv
46681,4382,12,2026-01-07,CALL,1,Y,2026-01-12 10:00:00,batch_002,workqueue_actions_batch_002.csv
46682,5110,14,2026-01-08,NOTE,4,Y,2026-01-12 10:00:00,batch_002,workqueue_actions_batch_002.csv
46683,2313,12,2026-01-11,REVIEW,1,N,2026-01-12 10:00:00,batch_002,workqueue_actions_batch_002.csv
46684,1596,13,2026-01-10,CALL,1,N,2026-01-12 10:00:00,batch_002,workqueue_actions_batch_002.csv
46685,5120,18,2026-01-08,ESCALATE,1,Y,2026-01-12 10:00:00,batch_002,workqueue_actions_batch_002.csv
46686,2333,2,2026-01-10,ESCALATE,3,N,2026-01-12 10:00:00,batch_002,workqueue_actions_batch_002.csv
46687,2774,4,2026-01-07,ESCALATE,0,N,2026-01-12 10:00:00,batch_002,workqueue_actions_batch_002.csv
46688,4751,2,2026-01-08,ESCALATE,4,N,2026-01-12 10:00:00,batch_002,workqueue_actions_batch_002.csv
46689,4172,2,2026-01-07,CALL,3,Y,2026-01-12 10:00:00,batch_002,workqueue_actions_batch_002.csv
46690,2418,18,2026-01-09,NOTE,4,Y,2026-01-12 10:00:00,batch_002,workqueue_actions_batch_002.csv
46691,5087,16,2026-01-05,ESCALATE,2,N,2026-01-12 10:00:00,batch_002,workqueue_actions_batch_002.csv
46692,3535,18,2026-01-06,NOTE,0,Y,2026-01-12 10:00:00,batch_002,workqueue_actions_batch_002.csv
46693,3639,17,2026-01-05,CALL,0,N,2026-01-12 10:00:00,batch_002,workqueue_actions_batch_002.csv
46694,4243,11,2026-01-06,NOTE,4,Y,2026-01-12 10:00:00,batch_002,workqueue_actions_batch_002.csv
46695,2139,16,2026-01-05,REVIEW,0,N,2026-01-12 10:00:00,batch_002,workqueue_actions_batch_002.csv
46696,3966,9,2026-01-07,CALL,1,N,2026-01-12 10:00:00,batch_002,workqueue_actions_batch_002.csv
46697,1763,13,2026-01-07,CALL,2,N,2026-01-12 10:00:00,batch_002,workqueue_actions_batch_002.csv
46698,4820,17,2026-01-12,CALL,3,N,2026-01-12 10:00:00,batch_002,workqueue_actions_batch_002.csv
46699,4349,20,2026-01-06,ESCALATE,4,Y,2026-01-12 10:00:00,batch_002,workqueue_actions_batch_002.csv
46700,1991,18,2026-01-05,REVIEW,3,Y,2026-01-12 10:00:00,batch_002,workqueue_actions_batch_002.csv
46701,4276,18,2026-01-12,NOTE,0,N,2026-01-12 10:00:00,batch_002,workqueue_actions_batch_002.csv
46702,5267,1,2026-01-08,REVIEW,2,Y,2026-01-12 10:00:00,batch_002,workqueue_actions_batch_002.csv
46703,4781,16,2026-01-10,ESCALATE,2,Y,2026-01-12 10:00:00,batch_002,workqueue_actions_batch_002.csv
46704,4511,4,2026-01-06,NOTE,3,N,2026-01-12 10:00:00,batch_002,workqueue_actions_batch_002.csv
46705,2779,3,2026-01-12,REVIEW,2,N,2026-01-12 10:00:00,batch_002,workqueue_actions_batch_002.csv
46706,5062,13,2026-01-06,CALL,4,N,2026-01-12 10:00:00,batch_002,workqueue_actions_batch_002.csv
46707,5070,4,2026-01-11,CALL,1,Y,2026-01-12 10:00:00,batch_002,workqueue_actions_batch_002.csv
46708,4366,12,2026-01-08,CALL,1,N,2026-01-12 10:00:00,batch_002,workqueue_actions_batch_002.csv
46709,3216,5,2026-01-11,NOTE,0,Y,2026-01-12 10:00:00,batch_002,workqueue_actions_batch_002.csv
46710,1733,5,2026-01-12,NOTE,0,Y,2026-01-12 10:00:00,batch_002,workqueue_actions_batch_002.csv
46711,4029,2,2026-01-05,REVIEW,1,Y,2026-01-12 10:00:00,batch_002,workqueue_actions_batch_002.csv
46712,2611,7,2026-01-12,ESCALATE,0,Y,2026-01-12 10:00:00,batch_002,workqueue_actions_batch_002.csv
46713,1600,12,2026-01-08,REVIEW,0,Y,2026-01-12 10:00:00,batch_002,workqueue_actions_batch_002.csv
46714,2731,19,2026-01-05,CALL,3,N,2026-01-12 10:00:00,batch_002,workqueue_actions_batch_002.csv
46715,2296,17,2026-01-06,ESCALATE,2,N,2026-01-12 10:00:00,batch_002,workqueue_actions_batch_002.csv
46716,4939,19,2026-01-06,CALL,1,N,2026-01-12 10:00:00,batch_002,workqueue_actions_batch_002.csv
46717,4244,18,2026-01-05,CALL,2,Y,2026-01-12 10:00:00,batch_002,workqueue_actions_batch_002.csv
46718,1740,9,2026-01-09,CALL,0,N,2026-01-12 10:00:00,batch_002,workqueue_actions_batch_002.csv
46719,3455,2,2026-01-05,ESCALATE,2,Y,2026-01-12 10:00:00,batch_002,workqueue_actions_batch_002.csv
46720,5125,15,2026-01-07,CALL,2,Y,2026-01-12 10:00:00,batch_002,workqueue_actions_batch_002.csv
46721,5151,10,2026-01-12,CALL,2,Y,2026-01-12 10:00:00,batch_002,workqueue_actions_batch_002.csv
46722,4666,3,2026-01-10,CALL,2,N,2026-01-12 10:00:00,batch_002,workqueue_actions_batch_002.csv
46723,2518,14,2026-01-10,NOTE,1,N,2026-01-12 10:00:00,batch_002,workqueue_actions_batch_002.csv
46724,3206,17,2026-01-12,NOTE,3,N,2026-01-12 10:00:00,batch_002,workqueue_actions_batch_002.csv
46725,4421,14,2026-01-09,NOTE,1,N,2026-01-12 10:00:00,batch_002,workqueue_actions_batch_002.csv
46726,3031,14,2026-01-09,CALL,4,N,2026-01-12 10:00:00,batch_002,workqueue_actions_batch_002.csv
46727,3132,6,2026-01-12,REVIEW,2,N,2026-01-12 10:00:00,batch_002,workqueue_actions_batch_002.csv
46728,2068,4,2026-01-12,REVIEW,4,N,2026-01-12 10:00:00,batch_002,workqueue_actions_batch_002.csv
46729,2680,6,2026-01-09,REVIEW,0,Y,2026-01-12 10:00:00,batch_002,workqueue_actions_batch_002.csv
46730,5199,17,2026-01-11,CALL,0,Y,2026-01-12 10:00:00,batch_002,workqueue_actions_batch_002.csv
46731,1328,20,2026-01-10,CALL,4,Y,2026-01-12 10:00:00,batch_002,workqueue_actions_batch_002.csv
46732,1669,6,2026-01-12,CALL,0,N,2026-01-12 10:00:00,batch_002,workqueue_actions_batch_002.csv
46733,2832,8,2026-01-08,NOTE,1,N,2026-01-12 10:00:00,batch_002,workqueue_actions_batch_002.csv
46734,3301,20,2026-01-10,NOTE,1,N,2026-01-12 10:00:00,batch_002,workqueue_actions_batch_002.csv
46735,4562,18,2026-01-10,CALL,3,N,2026-01-12 10:00:00,batch_002,workqueue_actions_batch_002.csv
46736,3807,11,2026-01-05,NOTE,2,Y,2026-01-12 10:00:00,batch_002,workqueue_actions_batch_002.csv
46737,2138,19,2026-01-08,ESCALATE,4,Y,2026-01-12 10:00:00,batch_002,workqueue_actions_batch_002.csv
46738,4839,16,2026-01-11,ESCALATE,2,N,2026-01-12 10:00:00,batch_002,workqueue_actions_batch_002.csv
46739,2055,19,2026-01-10,CALL,0,N,2026-01-12 10:00:00,batch_002,workqueue_actions_batch_002.csv
46740,3463,19,2026-01-07,ESCALATE,1,Y,2026-01-12 10:00:00,batch_002,workqueue_actions_batch_002.csv
46741,1611,18,2026-01-11,REVIEW,1,Y,2026-01-12 10:00:00,batch_002,workqueue_actions_batch_002.csv
46742,3320,14,2026-01-09,CALL,3,Y,2026-01-12 10:00:00,batch_002,workqueue_actions_batch_002.csv
46743,4248,14,2026-01-05,REVIEW,3,N,2026-01-12 10:00:00,batch_002,workqueue_actions_batch_002.csv
46744,3952,20,2026-01-06,NOTE,3,Y,2026-01-12 10:00:00,batch_002,workqueue_actions_batch_002.csv
46745,1707,9,2026-01-05,ESCALATE,1,Y,2026-01-12 10:00:00,batch_002,workqueue_actions_batch_002.csv
46746,4654,3,2026-01-05,NOTE,0,N,2026-01-12 10:00:00,batch_002,workqueue_actions_batch_002.csv
46747,3626,17,2026-01-09,CALL,3,N,2026-01-12 10:00:00,batch_002,workqueue_actions_batch_002.csv
46748,3222,4,2026-01-06,ESCALATE,2,Y,2026-01-12 10:00:00,batch_002,workqueue_actions_batch_002.csv
46749,4586,19,2026-01-05,NOTE,1,N,2026-01-12 10:00:00,batch_002,workqueue_actions_batch_002.csv
46750,2059,7,2026-01-11,REVIEW,1,Y,2026-01-12 10:00:00,batch_002,workqueue_actions_batch_002.csv
46751,1270,3,2026-01-08,ESCALATE,1,N,2026-01-12 10:00:00,batch_002,workqueue_actions_batch_002.csv
46752,3941,18,2026-01-05,REVIEW,2,N,2026-01-12 10:00:00,batch_002,workqueue_actions_batch_002.csv
46753,2872,3,2026-01-09,CALL,1,N,2026-01-12 10:00:00,batch_002,workqueue_actions_batch_002.csv
46754,1782,9,2026-01-10,ESCALATE,0,N,2026-01-12 10:00:00,batch_002,workqueue_actions_batch_002.csv
46755,3684,20,2026-01-08,NOTE,0,N,2026-01-12 10:00:00,batch_002,workqueue_actions_batch_002.csv
46756,2479,10,2026-01-10,CALL,3,Y,2026-01-12 10:00:00,batch_002,workqueue_actions_batch_002.csv
46757,4844,19,2026-01-07,ESCALATE,3,Y,2026-01-12 10:00:00,batch_002,workqueue_actions_batch_002.csv
46758,1262,16,2026-01-11,NOTE,3,N,2026-01-12 10:00:00,batch_002,workqueue_actions_batch_002.csv
46759,4884,9,2026-01-11,REVIEW,4,Y,2026-01-12 10:00:00,batch_002,workqueue_actions_batch_002.csv
46760,4188,8,2026-01-09,ESCALATE,2,N,2026-01-12 10:00:00,batch_002,workqueue_actions_batch_002.csv
46761,2398,1,2026-01-08,NOTE,3,Y,2026-01-12 10:00:00,batch_002,workqueue_actions_batch_002.csv
46762,4290,2,2026-01-11,ESCALATE,2,N,2026-01-12 10:00:00,batch_002,workqueue_actions_batch_002.csv
46763,4568,1,2026-01-10,REVIEW,1,Y,2026-01-12 10:00:00,batch_002,workqueue_actions_batch_002.csv
46764,1012,8,2026-01-08,CALL,1,Y,2026-01-12 10:00:00,batch_002,workqueue_actions_batch_002.csv
46765,2616,11,2026-01-09,NOTE,3,N,2026-01-12 10:00:00,batch_002,workqueue_actions_batch_002.csv
46766,4808,3,2026-01-07,CALL,0,N,2026-01-12 10:00:00,batch_002,workqueue_actions_batch_002.csv
46767,4544,3,2026-01-10,REVIEW,1,Y,2026-01-12 10:00:00,batch_002,workqueue_actions_batch_002.csv
46768,1237,9,2026-01-12,NOTE,4,N,2026-01-12 10:00:00,batch_002,workqueue_actions_batch_002.csv
46769,1900,6,2026-01-12,CALL,1,N,2026-01-12 10:00:00,batch_002,workqueue_actions_batch_002.csv
46770,4698,2,2026-01-07,REVIEW,2,N,2026-01-12 10:00:00,batch_002,workqueue_actions_batch_002.csv
46771,4210,13,2026-01-08,CALL,3,Y,2026-01-12 10:00:00,batch_002,workqueue_actions_batch_002.csv
46772,4314,15,2026-01-12,CALL,4,Y,2026-01-12 10:00:00,batch_002,workqueue_actions_batch_002.csv
46773,3588,16,2026-01-09,NOTE,2,N,2026-01-12 10:00:00,batch_002,workqueue_actions_batch_002.csv
46774,2914,12,2026-01-10,NOTE,3,N,2026-01-12 10:00:00,batch_002,workqueue_actions_batch_002.csv
46775,3735,5,2026-01-06,CALL,0,Y,2026-01-12 10:00:00,batch_002,workqueue_actions_batch_002.csv
46776,2990,19,2026-01-09,REVIEW,2,Y,2026-01-12 10:00:00,batch_002,workqueue_actions_batch_002.csv
46777,1020,16,2026-01-10,CALL,4,Y,2026-01-12 10:00:00,batch_002,workqueue_actions_batch_002.csv
46778,5186,11,2026-01-08,CALL,3,N,2026-01-12 10:00:00,batch_002,workqueue_actions_batch_002.csv
46779,3233,17,2026-01-06,NOTE,3,Y,2026-01-12 10:00:00,batch_002,workqueue_actions_batch_002.csv
46780,1692,17,2026-01-11,CALL,4,Y,2026-01-12 10:00:00,batch_002,workqueue_actions_batch_002.csv
46781,5157,14,2026-01-10,ESCALATE,0,Y,2026-01-12 10:00:00,batch_002,workqueue_actions_batch_002.csv
46782,4724,8,2026-01-09,ESCALATE,3,N,2026-01-12 10:00:00,batch_002,workqueue_actions_batch_002.csv
46783,5114,2,2026-01-09,CALL,4,Y,2026-01-12 10:00:00,batch_002,workqueue_actions_batch_002.csv
46784,2132,2,2026-01-11,ESCALATE,0,N,2026-01-12 10:00:00,batch_002,workqueue_actions_batch_002.csv
46785,2110,5,2026-01-05,NOTE,2,Y,2026-01-12 10:00:00,batch_002,workqueue_actions_batch_002.csv
46786,2089,9,2026-01-10,NOTE,1,N,2026-01-12 10:00:00,batch_002,workqueue_actions_batch_002.csv
46787,5224,13,2026-01-09,NOTE,1,N,2026-01-12 10:00:00,batch_002,workqueue_actions_batch_002.csv
46788,1876,19,2026-01-11,NOTE,3,N,2026-01-12 10:00:00,batch_002,workqueue_actions_batch_002.csv
46789,3234,7,2026-01-09,CALL,4,N,2026-01-12 10:00:00,batch_002,workqueue_actions_batch_002.csv
46790,3123,15,2026-01-10,REVIEW,2,Y,2026-01-12 10:00:00,batch_002,workqueue_actions_batch_002.csv
46791,1706,15,2026-01-12,NOTE,0,N,2026-01-12 10:00:00,batch_002,workqueue_actions_batch_002.csv
46792,2851,16,2026-01-05,NOTE,1,N,2026-01-12 10:00:00,batch_002,workqueue_actions_batch_002.csv
46793,1176,9,2026-01-12,ESCALATE,2,N,2026-01-12 10:00:00,batch_002,workqueue_actions_batch_002.csv
46794,2476,12,2026-01-05,CALL,4,Y,2026-01-12 10:00:00,batch_002,workqueue_actions_batch_002.csv
46795,5020,17,2026-01-07,REVIEW,1,Y,2026-01-12 10:00:00,batch_002,workqueue_actions_batch_002.csv
46796,2143,20,2026-01-10,ESCALATE,4,N,2026-01-12 10:00:00,batch_002,workqueue_actions_batch_002.csv
46797,5036,11,2026-01-10,ESCALATE,4,Y,2026-01-12 10:00:00,batch_002,workqueue_actions_batch_002.csv
46798,3986,12,2026-01-09,REVIEW,2,Y,2026-01-12 10:00:00,batch_002,workqueue_actions_batch_002.csv
46799,1552,8,2026-01-11,NOTE,0,Y,2026-01-12 10:00:00,batch_002,workqueue_actions_batch_002.csv
46800,4535,1,2026-01-10,ESCALATE,1,Y,2026-01-12 10:00:00,batch_002,workqueue_actions_batch_002.csv
46801,5166,16,2026-01-06,NOTE,1,N,2026-01-12 10:00:00,batch_002,workqueue_actions_batch_002.csv
46802,1539,2,2026-01-12,ESCALATE,2,Y,2026-01-12 10:00:00,batch_002,workqueue_actions_batch_002.csv
46803,4960,7,2026-01-06,REVIEW,3,Y,2026-01-12 10:00:00,batch_002,workqueue_actions_batch_002.csv
46804,3132,6,2026-01-05,ESCALATE,3,N,2026-01-12 10:00:00,batch_002,workqueue_actions_batch_002.csv
46805,4946,7,2026-01-05,ESCALATE,2,N,2026-01-12 10:00:00,batch_002,workqueue_actions_batch_002.csv
46806,3584,10,2026-01-10,NOTE,0,Y,2026-01-12 10:00:00,batch_002,workqueue_actions_batch_002.csv
46807,4688,2,2026-01-11,CALL,1,N,2026-01-12 10:00:00,batch_002,workqueue_actions_batch_002.csv
46808,2651,13,2026-01-08,NOTE,0,Y,2026-01-12 10:00:00,batch_002,workqueue_actions_batch_002.csv
46809,3934,6,2026-01-06,REVIEW,4,Y,2026-01-12 10:00:00,batch_002,workqueue_actions_batch_002.csv
46810,5068,13,2026-01-09,REVIEW,1,N,2026-01-12 10:00:00,batch_002,workqueue_actions_batch_002.csv
46811,1812,13,2026-01-08,CALL,1,Y,2026-01-12 10:00:00,batch_002,workqueue_actions_batch_002.csv
46812,5258,4,2026-01-07,NOTE,2,N,2026-01-12 10:00:00,batch_002,workqueue_actions_batch_002.csv
46813,2191,20,2026-01-12,ESCALATE,3,Y,2026-01-12 10:00:00,batch_002,workqueue_actions_batch_002.csv
46814,2054,17,2026-01-10,ESCALATE,0,Y,2026-01-12 10:00:00,batch_002,workqueue_actions_batch_002.csv
46815,2731,1,2026-01-11,REVIEW,2,Y,2026-01-12 10:00:00,batch_002,workqueue_actions_batch_002.csv
46816,3621,16,2026-01-10,ESCALATE,4,Y,2026-01-12 10:00:00,batch_002,workqueue_actions_batch_002.csv
46817,3733,20,2026-01-06,NOTE,3,Y,2026-01-12 10:00:00,batch_002,workqueue_actions_batch_002.csv
46818,3885,19,2026-01-11,ESCALATE,2,N,2026-01-12 10:00:00,batch_002,workqueue_actions_batch_002.csv
46819,2863,16,2026-01-10,NOTE,2,N,2026-01-12 10:00:00,batch_002,workqueue_actions_batch_002.csv
46820,3538,12,2026-01-08,CALL,1,Y,2026-01-12 10:00:00,batch_002,workqueue_actions_batch_002.csv
46821,3417,16,2026-01-05,NOTE,0,N,2026-01-12 10:00:00,batch_002,workqueue_actions_batch_002.csv
46822,5218,3,2026-01-06,REVIEW,3,Y,2026-01-12 10:00:00,batch_002,workqueue_actions_batch_002.csv
46823,4204,14,2026-01-08,ESCALATE,0,Y,2026-01-12 10:00:00,batch_002,workqueue_actions_batch_002.csv
46824,2751,13,2026-01-06,REVIEW,2,N,2026-01-12 10:00:00,batch_002,workqueue_actions_batch_002.csv
46825,3963,16,2026-01-07,REVIEW,1,N,2026-01-12 10:00:00,batch_002,workqueue_actions_batch_002.csv
46826,1114,8,2026-01-09,NOTE,3,N,2026-01-12 10:00:00,batch_002,workqueue_actions_batch_002.csv
46827,4570,8,2026-01-09,REVIEW,1,Y,2026-01-12 10:00:00,batch_002,workqueue_actions_batch_002.csv
46828,1018,8,2026-01-09,REVIEW,3,N,2026-01-12 10:00:00,batch_002,workqueue_actions_batch_002.csv
46829,4179,16,2026-01-08,ESCALATE,2,N,2026-01-12 10:00:00,batch_002,workqueue_actions_batch_002.csv
46830,4869,7,2026-01-11,NOTE,1,Y,2026-01-12 10:00:00,batch_002,workqueue_actions_batch_002.csv
46831,4974,19,2026-01-05,ESCALATE,1,Y,2026-01-12 10:00:00,batch_002,workqueue_actions_batch_002.csv
46832,1977,20,2026-01-09,ESCALATE,4,N,2026-01-12 10:00:00,batch_002,workqueue_actions_batch_002.csv
46833,5249,14,2026-01-08,REVIEW,0,N,2026-01-12 10:00:00,batch_002,workqueue_actions_batch_002.csv
46834,3738,9,2026-01-08,REVIEW,3,N,2026-01-12 10:00:00,batch_002,workqueue_actions_batch_002.csv
46835,2936,14,2026-01-11,REVIEW,4,Y,2026-01-12 10:00:00,batch_002,workqueue_actions_batch_002.csv
46836,3066,6,2026-01-08,REVIEW,0,N,2026-01-12 10:00:00,batch_002,workqueue_actions_batch_002.csv
46837,1639,5,2026-01-11,NOTE,1,N,2026-01-12 10:00:00,batch_002,workqueue_actions_batch_002.csv
46838,1225,15,2026-01-10,ESCALATE,0,N,2026-01-12 10:00:00,batch_002,workqueue_actions_batch_002.csv
46839,3888,10,2026-01-08,CALL,3,Y,2026-01-12 10:00:00,batch_002,workqueue_actions_batch_002.csv
46840,3939,12,2026-01-12,REVIEW,0,N,2026-01-12 10:00:00,batch_002,workqueue_actions_batch_002.csv
46841,2356,13,2026-01-10,ESCALATE,3,Y,2026-01-12 10:00:00,batch_002,workqueue_actions_batch_002.csv
46842,4063,18,2026-01-05,NOTE,4,Y,2026-01-12 10:00:00,batch_002,workqueue_actions_batch_002.csv
46843,4236,19,2026-01-06,REVIEW,0,Y,2026-01-12 10:00:00,batch_002,workqueue_actions_batch_002.csv
46844,3756,8,2026-01-12,NOTE,3,N,2026-01-12 10:00:00,batch_002,workqueue_actions_batch_002.csv
46845,1164,6,2026-01-11,NOTE,1,Y,2026-01-12 10:00:00,batch_002,workqueue_actions_batch_002.csv
46846,4756,17,2026-01-08,REVIEW,0,N,2026-01-12 10:00:00,batch_002,workqueue_actions_batch_002.csv
46847,3377,7,2026-01-08,ESCALATE,4,N,2026-01-12 10:00:00,batch_002,workqueue_actions_batch_002.csv
46848,3759,14,2026-01-11,ESCALATE,3,N,2026-01-12 10:00:00,batch_002,workqueue_actions_batch_002.csv
46849,1576,17,2026-01-09,REVIEW,4,N,2026-01-12 10:00:00,batch_002,workqueue_actions_batch_002.csv
46850,4564,15,2026-01-05,REVIEW,4,Y,2026-01-12 10:00:00,batch_002,workqueue_actions_batch_002.csv
46851,3805,2,2026-01-06,CALL,2,N,2026-01-12 10:00:00,batch_002,workqueue_actions_batch_002.csv
46852,2555,14,2026-01-09,REVIEW,2,Y,2026-01-12 10:00:00,batch_002,workqueue_actions_batch_002.csv
46853,1173,14,2026-01-12,NOTE,3,Y,2026-01-12 10:00:00,batch_002,workqueue_actions_batch_002.csv
46854,1328,12,2026-01-07,NOTE,3,N,2026-01-12 10:00:00,batch_002,workqueue_actions_batch_002.csv
46855,3804,6,2026-01-11,REVIEW,4,N,2026-01-12 10:00:00,batch_002,workqueue_actions_batch_002.csv
46856,2397,7,2026-01-06,ESCALATE,4,Y,2026-01-12 10:00:00,batch_002,workqueue_actions_batch_002.csv
46857,3508,17,2026-01-06,CALL,2,Y,2026-01-12 10:00:00,batch_002,workqueue_actions_batch_002.csv
46858,3159,14,2026-01-08,CALL,4,Y,2026-01-12 10:00:00,batch_002,workqueue_actions_batch_002.csv
46859,2313,20,2026-01-11,NOTE,0,Y,2026-01-12 10:00:00,batch_002,workqueue_actions_batch_002.csv
46860,3815,11,2026-01-05,CALL,3,Y,2026-01-12 10:00:00,batch_002,workqueue_actions_batch_002.csv
46861,4803,4,2026-01-08,ESCALATE,1,N,2026-01-12 10:00:00,batch_002,workqueue_actions_batch_002.csv
46862,2756,14,2026-01-05,CALL,2,N,2026-01-12 10:00:00,batch_002,workqueue_actions_batch_002.csv
46863,1154,13,2026-01-09,CALL,3,Y,2026-01-12 10:00:00,batch_002,workqueue_actions_batch_002.csv
46864,2788,2,2026-01-12,CALL,0,N,2026-01-12 10:00:00,batch_002,workqueue_actions_batch_002.csv
46865,4259,12,2026-01-11,REVIEW,0,N,2026-01-12 10:00:00,batch_002,workqueue_actions_batch_002.csv
46866,2963,6,2026-01-10,NOTE,0,Y,2026-01-12 10:00:00,batch_002,workqueue_actions_batch_002.csv
46867,4362,4,2026-01-05,REVIEW,0,Y,2026-01-12 10:00:00,batch_002,workqueue_actions_batch_002.csv
46868,4906,4,2026-01-08,NOTE,4,Y,2026-01-12 10:00:00,batch_002,workqueue_actions_batch_002.csv
46869,2044,12,2026-01-08,ESCALATE,4,Y,2026-01-12 10:00:00,batch_002,workqueue_actions_batch_002.csv
46870,4822,10,2026-01-05,ESCALATE,0,N,2026-01-12 10:00:00,batch_002,workqueue_actions_batch_002.csv
46871,3291,5,2026-01-12,CALL,2,Y,2026-01-12 10:00:00,batch_002,workqueue_actions_batch_002.csv
46872,3690,7,2026-01-08,CALL,0,N,2026-01-12 10:00:00,batch_002,workqueue_actions_batch_002.csv
46873,4565,13,2026-01-09,CALL,1,N,2026-01-12 10:00:00,batch_002,workqueue_actions_batch_002.csv
46874,1364,9,2026-01-12,NOTE,2,Y,2026-01-12 10:00:00,batch_002,workqueue_actions_batch_002.csv
46875,4016,6,2026-01-06,ESCALATE,1,N,2026-01-12 10:00:00,batch_002,workqueue_actions_batch_002.csv
46876,3743,5,2026-01-12,REVIEW,4,N,2026-01-12 10:00:00,batch_002,workqueue_actions_batch_002.csv
46877,2889,13,2026-01-07,CALL,4,N,2026-01-12 10:00:00,batch_002,workqueue_actions_batch_002.csv
46878,4282,14,2026-01-06,NOTE,3,N,2026-01-12 10:00:00,batch_002,workqueue_actions_batch_002.csv
46879,2175,13,2026-01-05,CALL,2,N,2026-01-12 10:00:00,batch_002,workqueue_actions_batch_002.csv
46880,2971,10,2026-01-11,CALL,0,Y,2026-01-12 10:00:00,batch_002,workqueue_actions_batch_002.csv
46881,3268,13,2026-01-10,ESCALATE,1,Y,2026-01-12 10:00:00,batch_002,workqueue_actions_batch_002.csv
46882,2079,7,2026-01-10,NOTE,2,N,2026-01-12 10:00:00,batch_002,workqueue_actions_batch_002.csv
46883,4070,12,2026-01-10,NOTE,4,Y,2026-01-12 10:00:00,batch_002,workqueue_actions_batch_002.csv
46884,4787,17,2026-01-07,ESCALATE,0,N,2026-01-12 10:00:00,batch_002,workqueue_actions_batch_002.csv
46885,4359,8,2026-01-11,CALL,3,N,2026-01-12 10:00:00,batch_002,workqueue_actions_batch_002.csv
46886,4561,10,2026-01-10,REVIEW,4,N,2026-01-12 10:00:00,batch_002,workqueue_actions_batch_002.csv
46887,4158,18,2026-01-07,REVIEW,0,Y,2026-01-12 10:00:00,batch_002,workqueue_actions_batch_002.csv
46888,1433,12,2026-01-12,CALL,1,Y,2026-01-12 10:00:00,batch_002,workqueue_actions_batch_002.csv
46889,3690,7,2026-01-05,REVIEW,0,Y,2026-01-12 10:00:00,batch_002,workqueue_actions_batch_002.csv
46890,4296,2,2026-01-09,ESCALATE,4,Y,2026-01-12 10:00:00,batch_002,workqueue_actions_batch_002.csv
46891,2234,15,2026-01-07,CALL,1,N,2026-01-12 10:00:00,batch_002,workqueue_actions_batch_002.csv
46892,3845,4,2026-01-07,ESCALATE,4,Y,2026-01-12 10:00:00,batch_002,workqueue_actions_batch_002.csv
46893,2102,10,2026-01-10,ESCALATE,2,N,2026-01-12 10:00:00,batch_002,workqueue_actions_batch_002.csv
46894,4920,15,2026-01-06,ESCALATE,2,Y,2026-01-12 10:00:00,batch_002,workqueue_actions_batch_002.csv
46895,3433,7,2026-01-10,ESCALATE,2,Y,2026-01-12 10:00:00,batch_002,workqueue_actions_batch_002.csv
46896,2276,15,2026-01-10,CALL,1,N,2026-01-12 10:00:00,batch_002,workqueue_actions_batch_002.csv
46897,3079,16,2026-01-06,ESCALATE,4,N,2026-01-12 10:00:00,batch_002,workqueue_actions_batch_002.csv
46898,1097,3,2026-01-09,REVIEW,2,Y,2026-01-12 10:00:00,batch_002,workqueue_actions_batch_002.csv
46899,5018,12,2026-01-11,ESCALATE,1,N,2026-01-12 10:00:00,batch_002,workqueue_actions_batch_002.csv
46900,1835,3,2026-01-06,ESCALATE,2,N,2026-01-12 10:00:00,batch_002,workqueue_actions_batch_002.csv
46901,2713,2,2026-01-12,CALL,2,N,2026-01-12 10:00:00,batch_002,workqueue_actions_batch_002.csv
46902,1525,5,2026-01-09,CALL,2,N,2026-01-12 10:00:00,batch_002,workqueue_actions_batch_002.csv
46903,2356,6,2026-01-06,CALL,4,N,2026-01-12 10:00:00,batch_002,workqueue_actions_batch_002.csv
46904,2400,15,2026-01-11,NOTE,0,N,2026-01-12 10:00:00,batch_002,workqueue_actions_batch_002.csv
46905,1688,2,2026-01-05,NOTE,1,Y,2026-01-12 10:00:00,batch_002,workqueue_actions_batch_002.csv
46906,2204,19,2026-01-10,REVIEW,2,Y,2026-01-12 10:00:00,batch_002,workqueue_actions_batch_002.csv
46907,3908,8,2026-01-08,CALL,0,N,2026-01-12 10:00:00,batch_002,workqueue_actions_batch_002.csv
46908,2331,11,2026-01-06,NOTE,4,Y,2026-01-12 10:00:00,batch_002,workqueue_actions_batch_002.csv
46909,3177,11,2026-01-09,NOTE,3,N,2026-01-12 10:00:00,batch_002,workqueue_actions_batch_002.csv
46910,5108,15,2026-01-09,ESCALATE,4,N,2026-01-12 10:00:00,batch_002,workqueue_actions_batch_002.csv
46911,1574,18,2026-01-05,REVIEW,2,Y,2026-01-12 10:00:00,batch_002,workqueue_actions_batch_002.csv
46912,4899,7,2026-01-09,ESCALATE,2,N,2026-01-12 10:00:00,batch_002,workqueue_actions_batch_002.csv
46913,1351,1,2026-01-12,NOTE,3,Y,2026-01-12 10:00:00,batch_002,workqueue_actions_batch_002.csv
46914,4436,12,2026-01-08,NOTE,2,Y,2026-01-12 10:00:00,batch_002,workqueue_actions_batch_002.csv
46915,3049,15,2026-01-10,ESCALATE,4,Y,2026-01-12 10:00:00,batch_002,workqueue_actions_batch_002.csv
46916,3186,18,2026-01-05,ESCALATE,3,N,2026-01-12 10:00:00,batch_002,workqueue_actions_batch_002.csv
46917,4677,1,2026-01-06,REVIEW,2,N,2026-01-12 10:00:00,batch_002,workqueue_actions_batch_002.csv
46918,4572,20,2026-01-05,REVIEW,2,N,2026-01-12 10:00:00,batch_002,workqueue_actions_batch_002.csv
46919,4047,2,2026-01-11,ESCALATE,0,Y,2026-01-12 10:00:00,batch_002,workqueue_actions_batch_002.csv
46920,4748,20,2026-01-07,ESCALATE,2,N,2026-01-12 10:00:00,batch_002,workqueue_actions_batch_002.csv
46921,5165,20,2026-01-05,NOTE,0,N,2026-01-12 10:00:00,batch_002,workqueue_actions_batch_002.csv
46922,2227,11,2026-01-12,REVIEW,3,Y,2026-01-12 10:00:00,batch_002,workqueue_actions_batch_002.csv
46923,1320,18,2026-01-05,CALL,1,N,2026-01-12 10:00:00,batch_002,workqueue_actions_batch_002.csv
46924,4903,19,2026-01-05,REVIEW,4,Y,2026-01-12 10:00:00,batch_002,workqueue_actions_batch_002.csv
46925,3059,7,2026-01-10,ESCALATE,2,Y,2026-01-12 10:00:00,batch_002,workqueue_actions_batch_002.csv
46926,1062,2,2026-01-08,ESCALATE,1,Y,2026-01-12 10:00:00,batch_002,workqueue_actions_batch_002.csv
46927,3026,19,2026-01-06,NOTE,3,Y,2026-01-12 10:00:00,batch_002,workqueue_actions_batch_002.csv
46928,4070,15,2026-01-08,CALL,0,N,2026-01-12 10:00:00,batch_002,workqueue_actions_batch_002.csv
46929,1991,3,2026-01-12,REVIEW,4,N,2026-01-12 10:00:00,batch_002,workqueue_actions_batch_002.csv
46930,3095,19,2026-01-09,CALL,2,Y,2026-01-12 10:00:00,batch_002,workqueue_actions_batch_002.csv
46931,5017,8,2026-01-12,NOTE,4,Y,2026-01-12 10:00:00,batch_002,workqueue_actions_batch_002.csv
46932,1560,16,2026-01-08,REVIEW,3,N,2026-01-12 10:00:00,batch_002,workqueue_actions_batch_002.csv
46933,5074,13,2026-01-06,CALL,4,Y,2026-01-12 10:00:00,batch_002,workqueue_actions_batch_002.csv
46934,1045,3,2026-01-08,CALL,0,Y,2026-01-12 10:00:00,batch_002,workqueue_actions_batch_002.csv
46935,4968,12,2026-01-05,CALL,3,N,2026-01-12 10:00:00,batch_002,workqueue_actions_batch_002.csv
46936,3700,12,2026-01-08,ESCALATE,3,Y,2026-01-12 10:00:00,batch_002,workqueue_actions_batch_002.csv
46937,2641,1,2026-01-08,CALL,1,N,2026-01-12 10:00:00,batch_002,workqueue_actions_batch_002.csv
46938,1564,5,2026-01-07,NOTE,3,Y,2026-01-12 10:00:00,batch_002,workqueue_actions_batch_002.csv
46939,1985,11,2026-01-07,REVIEW,4,N,2026-01-12 10:00:00,batch_002,workqueue_actions_batch_002.csv
46940,4240,10,2026-01-10,REVIEW,4,N,2026-01-12 10:00:00,batch_002,workqueue_actions_batch_002.csv
46941,4595,9,2026-01-05,ESCALATE,1,Y,2026-01-12 10:00:00,batch_002,workqueue_actions_batch_002.csv
46942,3588,20,2026-01-09,ESCALATE,3,N,2026-01-12 10:00:00,batch_002,workqueue_actions_batch_002.csv
46943,2172,14,2026-01-06,REVIEW,4,N,2026-01-12 10:00:00,batch_002,workqueue_actions_batch_002.csv
46944,4014,9,2026-01-07,CALL,4,Y,2026-01-12 10:00:00,batch_002,workqueue_actions_batch_002.csv
46945,1128,3,2026-01-08,CALL,3,N,2026-01-12 10:00:00,batch_002,workqueue_actions_batch_002.csv
46946,3924,12,2026-01-05,CALL,1,Y,2026-01-12 10:00:00,batch_002,workqueue_actions_batch_002.csv
46947,1074,5,2026-01-10,REVIEW,1,Y,2026-01-12 10:00:00,batch_002,workqueue_actions_batch_002.csv
46948,4828,17,2026-01-10,CALL,4,Y,2026-01-12 10:00:00,batch_002,workqueue_actions_batch_002.csv
46949,3498,2,2026-01-05,ESCALATE,4,Y,2026-01-12 10:00:00,batch_002,workqueue_actions_batch_002.csv
46950,5061,11,2026-01-12,NOTE,3,N,2026-01-12 10:00:00,batch_002,workqueue_actions_batch_002.csv
46951,4832,20,2026-01-07,REVIEW,0,Y,2026-01-12 10:00:00,batch_002,workqueue_actions_batch_002.csv
46952,3125,8,2026-01-05,ESCALATE,2,N,2026-01-12 10:00:00,batch_002,workqueue_actions_batch_002.csv
46953,2377,8,2026-01-07,REVIEW,2,N,2026-01-12 10:00:00,batch_002,workqueue_actions_batch_002.csv
46954,1040,8,2026-01-10,REVIEW,0,N,2026-01-12 10:00:00,batch_002,workqueue_actions_batch_002.csv
46955,1074,4,2026-01-11,CALL,3,N,2026-01-12 10:00:00,batch_002,workqueue_actions_batch_002.csv
46956,1893,18,2026-01-10,REVIEW,4,Y,2026-01-12 10:00:00,batch_002,workqueue_actions_batch_002.csv
46957,2615,6,2026-01-07,NOTE,1,Y,2026-01-12 10:00:00,batch_002,workqueue_actions_batch_002.csv
46958,3509,10,2026-01-05,CALL,0,Y,2026-01-12 10:00:00,batch_002,workqueue_actions_batch_002.csv
46959,4263,19,2026-01-12,ESCALATE,4,Y,2026-01-12 10:00:00,batch_002,workqueue_actions_batch_002.csv
46960,1708,9,2026-01-10,ESCALATE,0,N,2026-01-12 10:00:00,batch_002,workqueue_actions_batch_002.csv
46961,3068,5,2026-01-09,REVIEW,0,Y,2026-01-12 10:00:00,batch_002,workqueue_actions_batch_002.csv
46962,2245,2,2026-01-05,NOTE,4,N,2026-01-12 10:00:00,batch_002,workqueue_actions_batch_002.csv
46963,1969,2,2026-01-09,CALL,3,N,2026-01-12 10:00:00,batch_002,workqueue_actions_batch_002.csv
46964,1171,1,2026-01-11,CALL,3,N,2026-01-12 10:00:00,batch_002,workqueue_actions_batch_002.csv
46965,1664,10,2026-01-06,REVIEW,0,Y,2026-01-12 10:00:00,batch_002,workqueue_actions_batch_002.csv
46966,2988,20,2026-01-06,REVIEW,0,N,2026-01-12 10:00:00,batch_002,workqueue_actions_batch_002.csv
46967,1895,5,2026-01-08,CALL,4,N,2026-01-12 10:00:00,batch_002,workqueue_actions_batch_002.csv
46968,5078,10,2026-01-10,REVIEW,1,N,2026-01-12 10:00:00,batch_002,workqueue_actions_batch_002.csv
46969,3810,5,2026-01-10,REVIEW,0,Y,2026-01-12 10:00:00,batch_002,workqueue_actions_batch_002.csv
46970,2653,18,2026-01-12,ESCALATE,2,Y,2026-01-12 10:00:00,batch_002,workqueue_actions_batch_002.csv
46971,3399,15,2026-01-09,ESCALATE,3,N,2026-01-12 10:00:00,batch_002,workqueue_actions_batch_002.csv
46972,4519,11,2026-01-11,ESCALATE,1,N,2026-01-12 10:00:00,batch_002,workqueue_actions_batch_002.csv
46973,2570,8,2026-01-08,REVIEW,2,N,2026-01-12 10:00:00,batch_002,workqueue_actions_batch_002.csv
46974,2474,12,2026-01-09,CALL,4,Y,2026-01-12 10:00:00,batch_002,workqueue_actions_batch_002.csv
46975,2163,11,2026-01-12,CALL,4,Y,2026-01-12 10:00:00,batch_002,workqueue_actions_batch_002.csv
46976,1700,17,2026-01-11,REVIEW,4,Y,2026-01-12 10:00:00,batch_002,workqueue_actions_batch_002.csv
46977,3523,16,2026-01-10,ESCALATE,3,N,2026-01-12 10:00:00,batch_002,workqueue_actions_batch_002.csv
46978,2381,1,2026-01-09,CALL,1,N,2026-01-12 10:00:00,batch_002,workqueue_actions_batch_002.csv
46979,5260,15,2026-01-09,NOTE,3,N,2026-01-12 10:00:00,batch_002,workqueue_actions_batch_002.csv
46980,1917,15,2026-01-07,NOTE,2,Y,2026-01-12 10:00:00,batch_002,workqueue_actions_batch_002.csv
46981,2000,19,2026-01-06,ESCALATE,2,N,2026-01-12 10:00:00,batch_002,workqueue_actions_batch_002.csv
46982,5213,10,2026-01-11,ESCALATE,0,N,2026-01-12 10:00:00,batch_002,workqueue_actions_batch_002.csv
46983,4366,2,2026-01-08,CALL,1,Y,2026-01-12 10:00:00,batch_002,workqueue_actions_batch_002.csv
46984,4981,5,2026-01-07,ESCALATE,0,N,2026-01-12 10:00:00,batch_002,workqueue_actions_batch_002.csv
46985,1996,18,2026-01-06,ESCALATE,2,Y,2026-01-12 10:00:00,batch_002,workqueue_actions_batch_002.csv
46986,2717,16,2026-01-06,REVIEW,4,N,2026-01-12 10:00:00,batch_002,workqueue_actions_batch_002.csv
46987,2467,6,2026-01-10,REVIEW,3,N,2026-01-12 10:00:00,batch_002,workqueue_actions_batch_002.csv
46988,1576,15,2026-01-07,CALL,2,Y,2026-01-12 10:00:00,batch_002,workqueue_actions_batch_002.csv
46989,2338,2,2026-01-06,REVIEW,0,Y,2026-01-12 10:00:00,batch_002,workqueue_actions_batch_002.csv
46990,1329,18,2026-01-12,REVIEW,1,Y,2026-01-12 10:00:00,batch_002,workqueue_actions_batch_002.csv
46991,5089,20,2026-01-08,CALL,3,N,2026-01-12 10:00:00,batch_002,workqueue_actions_batch_002.csv
46992,1292,14,2026-01-12,ESCALATE,1,Y,2026-01-12 10:00:00,batch_002,workqueue_actions_batch_002.csv
46993,4115,5,2026-01-06,REVIEW,0,N,2026-01-12 10:00:00,batch_002,workqueue_actions_batch_002.csv
46994,1054,9,2026-01-09,ESCALATE,3,Y,2026-01-12 10:00:00,batch_002,workqueue_actions_batch_002.csv
46995,4145,5,2026-01-07,ESCALATE,3,Y,2026-01-12 10:00:00,batch_002,workqueue_actions_batch_002.csv
46996,5036,16,2026-01-06,ESCALATE,4,Y,2026-01-12 10:00:00,batch_002,workqueue_actions_batch_002.csv
46997,3972,4,2026-01-08,ESCALATE,1,Y,2026-01-12 10:00:00,batch_002,workqueue_actions_batch_002.csv
46998,3649,16,2026-01-07,REVIEW,0,N,2026-01-12 10:00:00,batch_002,workqueue_actions_batch_002.csv
46999,1625,14,2026-01-08,ESCALATE,1,N,2026-01-12 10:00:00,batch_002,workqueue_actions_batch_002.csv
47000,4733,10,2026-01-06,NOTE,0,Y,2026-01-12 10:00:00,batch_002,workqueue_actions_batch_002.csv
47001,1901,4,2026-01-11,NOTE,2,N,2026-01-12 10:00:00,batch_002,workqueue_actions_batch_002.csv
47002,1494,5,2026-01-08,NOTE,3,N,2026-01-12 10:00:00,batch_002,workqueue_actions_batch_002.csv
47003,1817,1,2026-01-11,CALL,3,Y,2026-01-12 10:00:00,batch_002,workqueue_actions_batch_002.csv
47004,3841,15,2026-01-08,REVIEW,4,N,2026-01-12 10:00:00,batch_002,workqueue_actions_batch_002.csv
47005,3731,6,2026-01-07,ESCALATE,0,N,2026-01-12 10:00:00,batch_002,workqueue_actions_batch_002.csv
47006,3171,8,2026-01-09,ESCALATE,2,N,2026-01-12 10:00:00,batch_002,workqueue_actions_batch_002.csv
47007,1549,11,2026-01-08,CALL,1,Y,2026-01-12 10:00:00,batch_002,workqueue_actions_batch_002.csv
47008,1656,8,2026-01-11,NOTE,0,Y,2026-01-12 10:00:00,batch_002,workqueue_actions_batch_002.csv
47009,1194,12,2026-01-07,CALL,4,Y,2026-01-12 10:00:00,batch_002,workqueue_actions_batch_002.csv
47010,4744,6,2026-01-09,ESCALATE,3,N,2026-01-12 10:00:00,batch_002,workqueue_actions_batch_002.csv
47011,3030,1,2026-01-05,ESCALATE,3,N,2026-01-12 10:00:00,batch_002,workqueue_actions_batch_002.csv
47012,5216,16,2026-01-08,NOTE,1,N,2026-01-12 10:00:00,batch_002,workqueue_actions_batch_002.csv
47013,4338,13,2026-01-08,REVIEW,1,N,2026-01-12 10:00:00,batch_002,workqueue_actions_batch_002.csv
47014,3960,11,2026-01-06,NOTE,4,N,2026-01-12 10:00:00,batch_002,workqueue_actions_batch_002.csv
47015,1714,11,2026-01-05,REVIEW,4,N,2026-01-12 10:00:00,batch_002,workqueue_actions_batch_002.csv
47016,4906,17,2026-01-05,ESCALATE,4,Y,2026-01-12 10:00:00,batch_002,workqueue_actions_batch_002.csv
47017,4992,16,2026-01-08,NOTE,1,Y,2026-01-12 10:00:00,batch_002,workqueue_actions_batch_002.csv
47018,5223,11,2026-01-12,ESCALATE,4,N,2026-01-12 10:00:00,batch_002,workqueue_actions_batch_002.csv
47019,4982,12,2026-01-12,NOTE,2,Y,2026-01-12 10:00:00,batch_002,workqueue_actions_batch_002.csv
47020,1169,5,2026-01-10,ESCALATE,0,Y,2026-01-12 10:00:00,batch_002,workqueue_actions_batch_002.csv
47021,3201,1,2026-01-07,REVIEW,2,Y,2026-01-12 10:00:00,batch_002,workqueue_actions_batch_002.csv
47022,4590,9,2026-01-07,ESCALATE,0,N,2026-01-12 10:00:00,batch_002,workqueue_actions_batch_002.csv
47023,3860,19,2026-01-10,ESCALATE,3,N,2026-01-12 10:00:00,batch_002,workqueue_actions_batch_002.csv
47024,1533,20,2026-01-08,REVIEW,4,N,2026-01-12 10:00:00,batch_002,workqueue_actions_batch_002.csv
47025,3995,15,2026-01-05,NOTE,1,Y,2026-01-12 10:00:00,batch_002,workqueue_actions_batch_002.csv
47026,3360,9,2026-01-07,ESCALATE,1,N,2026-01-12 10:00:00,batch_002,workqueue_actions_batch_002.csv
47027,2889,5,2026-01-07,ESCALATE,1,N,2026-01-12 10:00:00,batch_002,workqueue_actions_batch_002.csv
47028,3714,8,2026-01-08,REVIEW,3,Y,2026-01-12 10:00:00,batch_002,workqueue_actions_batch_002.csv
47029,3419,8,2026-01-09,REVIEW,3,N,2026-01-12 10:00:00,batch_002,workqueue_actions_batch_002.csv
47030,4728,6,2026-01-06,NOTE,4,N,2026-01-12 10:00:00,batch_002,workqueue_actions_batch_002.csv
47031,1515,2,2026-01-05,ESCALATE,3,Y,2026-01-12 10:00:00,batch_002,workqueue_actions_batch_002.csv
47032,4138,15,2026-01-10,NOTE,1,N,2026-01-12 10:00:00,batch_002,workqueue_actions_batch_002.csv
47033,1076,12,2026-01-09,CALL,2,N,2026-01-12 10:00:00,batch_002,workqueue_actions_batch_002.csv
47034,2920,16,2026-01-05,ESCALATE,2,N,2026-01-12 10:00:00,batch_002,workqueue_actions_batch_002.csv
47035,3434,14,2026-01-06,REVIEW,1,N,2026-01-12 10:00:00,batch_002,workqueue_actions_batch_002.csv
47036,2649,19,2026-01-10,NOTE,0,Y,2026-01-12 10:00:00,batch_002,workqueue_actions_batch_002.csv
47037,3510,9,2026-01-06,CALL,4,N,2026-01-12 10:00:00,batch_002,workqueue_actions_batch_002.csv
47038,3324,20,2026-01-12,REVIEW,4,Y,2026-01-12 10:00:00,batch_002,workqueue_actions_batch_002.csv
47039,4622,10,2026-01-05,ESCALATE,2,N,2026-01-12 10:00:00,batch_002,workqueue_actions_batch_002.csv
47040,4957,5,2026-01-12,CALL,4,Y,2026-01-12 10:00:00,batch_002,workqueue_actions_batch_002.csv
47041,2689,8,2026-01-06,ESCALATE,1,N,2026-01-12 10:00:00,batch_002,workqueue_actions_batch_002.csv
47042,5179,3,2026-01-07,NOTE,1,Y,2026-01-12 10:00:00,batch_002,workqueue_actions_batch_002.csv
47043,5231,4,2026-01-08,CALL,1,N,2026-01-12 10:00:00,batch_002,workqueue_actions_batch_002.csv
47044,4467,5,2026-01-10,CALL,2,Y,2026-01-12 10:00:00,batch_002,workqueue_actions_batch_002.csv
47045,3975,12,2026-01-08,ESCALATE,1,Y,2026-01-12 10:00:00,batch_002,workqueue_actions_batch_002.csv
47046,5070,12,2026-01-11,CALL,3,Y,2026-01-12 10:00:00,batch_002,workqueue_actions_batch_002.csv
47047,2789,16,2026-01-11,ESCALATE,0,Y,2026-01-12 10:00:00,batch_002,workqueue_actions_batch_002.csv
47048,2113,19,2026-01-11,REVIEW,2,N,2026-01-12 10:00:00,batch_002,workqueue_actions_batch_002.csv
47049,4740,11,2026-01-10,REVIEW,4,Y,2026-01-12 10:00:00,batch_002,workqueue_actions_batch_002.csv
47050,1584,7,2026-01-08,NOTE,4,N,2026-01-12 10:00:00,batch_002,workqueue_actions_batch_002.csv
47051,2108,20,2026-01-05,ESCALATE,0,N,2026-01-12 10:00:00,batch_002,workqueue_actions_batch_002.csv
47052,3535,12,2026-01-12,ESCALATE,1,N,2026-01-12 10:00:00,batch_002,workqueue_actions_batch_002.csv
47053,2477,12,2026-01-08,ESCALATE,1,N,2026-01-12 10:00:00,batch_002,workqueue_actions_batch_002.csv
47054,1530,18,2026-01-09,NOTE,1,N,2026-01-12 10:00:00,batch_002,workqueue_actions_batch_002.csv
47055,4193,11,2026-01-09,REVIEW,4,Y,2026-01-12 10:00:00,batch_002,workqueue_actions_batch_002.csv
47056,2645,20,2026-01-05,CALL,0,N,2026-01-12 10:00:00,batch_002,workqueue_actions_batch_002.csv
47057,4240,1,2026-01-08,CALL,4,Y,2026-01-12 10:00:00,batch_002,workqueue_actions_batch_002.csv
47058,3424,19,2026-01-09,CALL,4,N,2026-01-12 10:00:00,batch_002,workqueue_actions_batch_002.csv
47059,2994,4,2026-01-06,NOTE,0,N,2026-01-12 10:00:00,batch_002,workqueue_actions_batch_002.csv
47060,3008,8,2026-01-07,CALL,4,N,2026-01-12 10:00:00,batch_002,workqueue_actions_batch_002.csv
47061,4300,5,2026-01-08,CALL,1,N,2026-01-12 10:00:00,batch_002,workqueue_actions_batch_002.csv
47062,1658,11,2026-01-11,NOTE,2,Y,2026-01-12 10:00:00,batch_002,workqueue_actions_batch_002.csv
47063,2878,5,2026-01-06,REVIEW,3,N,2026-01-12 10:00:00,batch_002,workqueue_actions_batch_002.csv
47064,4310,10,2026-01-10,CALL,3,Y,2026-01-12 10:00:00,batch_002,workqueue_actions_batch_002.csv
47065,3174,16,2026-01-05,REVIEW,2,N,2026-01-12 10:00:00,batch_002,workqueue_actions_batch_002.csv
47066,1156,9,2026-01-06,NOTE,3,N,2026-01-12 10:00:00,batch_002,workqueue_actions_batch_002.csv
47067,2196,17,2026-01-05,CALL,0,N,2026-01-12 10:00:00,batch_002,workqueue_actions_batch_002.csv
47068,3767,5,2026-01-11,ESCALATE,0,N,2026-01-12 10:00:00,batch_002,workqueue_actions_batch_002.csv
47069,3157,19,2026-01-10,NOTE,1,N,2026-01-12 10:00:00,batch_002,workqueue_actions_batch_002.csv
47070,4559,20,2026-01-10,REVIEW,0,N,2026-01-12 10:00:00,batch_002,workqueue_actions_batch_002.csv
47071,1875,18,2026-01-05,REVIEW,0,N,2026-01-12 10:00:00,batch_002,workqueue_actions_batch_002.csv
47072,2460,13,2026-01-12,REVIEW,4,Y,2026-01-12 10:00:00,batch_002,workqueue_actions_batch_002.csv
47073,3752,17,2026-01-08,ESCALATE,0,Y,2026-01-12 10:00:00,batch_002,workqueue_actions_batch_002.csv
47074,4834,18,2026-01-11,REVIEW,0,N,2026-01-12 10:00:00,batch_002,workqueue_actions_batch_002.csv
47075,1513,18,2026-01-08,NOTE,1,N,2026-01-12 10:00:00,batch_002,workqueue_actions_batch_002.csv
47076,3942,15,2026-01-12,ESCALATE,1,Y,2026-01-12 10:00:00,batch_002,workqueue_actions_batch_002.csv
47077,3675,10,2026-01-06,REVIEW,3,N,2026-01-12 10:00:00,batch_002,workqueue_actions_batch_002.csv
47078,1138,19,2026-01-08,ESCALATE,2,N,2026-01-12 10:00:00,batch_002,workqueue_actions_batch_002.csv
47079,1321,19,2026-01-06,REVIEW,2,Y,2026-01-12 10:00:00,batch_002,workqueue_actions_batch_002.csv
47080,3127,19,2026-01-11,CALL,3,Y,2026-01-12 10:00:00,batch_002,workqueue_actions_batch_002.csv
47081,4963,5,2026-01-07,CALL,2,Y,2026-01-12 10:00:00,batch_002,workqueue_actions_batch_002.csv
47082,4535,1,2026-01-06,REVIEW,3,Y,2026-01-12 10:00:00,batch_002,workqueue_actions_batch_002.csv
47083,3903,10,2026-01-11,ESCALATE,1,Y,2026-01-12 10:00:00,batch_002,workqueue_actions_batch_002.csv
47084,2747,8,2026-01-07,NOTE,2,Y,2026-01-12 10:00:00,batch_002,workqueue_actions_batch_002.csv
47085,3801,3,2026-01-05,ESCALATE,0,N,2026-01-12 10:00:00,batch_002,workqueue_actions_batch_002.csv
47086,1875,9,2026-01-08,REVIEW,2,N,2026-01-12 10:00:00,batch_002,workqueue_actions_batch_002.csv
47087,3571,19,2026-01-06,REVIEW,3,Y,2026-01-12 10:00:00,batch_002,workqueue_actions_batch_002.csv
47088,3945,13,2026-01-09,REVIEW,3,Y,2026-01-12 10:00:00,batch_002,workqueue_actions_batch_002.csv
47089,4992,13,2026-01-12,NOTE,3,Y,2026-01-12 10:00:00,batch_002,workqueue_actions_batch_002.csv
47090,2539,18,2026-01-09,CALL,3,N,2026-01-12 10:00:00,batch_002,workqueue_actions_batch_002.csv
47091,3841,12,2026-01-11,ESCALATE,3,N,2026-01-12 10:00:00,batch_002,workqueue_actions_batch_002.csv
47092,1680,9,2026-01-05,ESCALATE,4,N,2026-01-12 10:00:00,batch_002,workqueue_actions_batch_002.csv
47093,2505,9,2026-01-11,NOTE,0,N,2026-01-12 10:00:00,batch_002,workqueue_actions_batch_002.csv
47094,3726,10,2026-01-11,REVIEW,4,N,2026-01-12 10:00:00,batch_002,workqueue_actions_batch_002.csv
47095,2020,5,2026-01-09,NOTE,3,Y,2026-01-12 10:00:00,batch_002,workqueue_actions_batch_002.csv
47096,1854,2,2026-01-11,CALL,1,N,2026-01-12 10:00:00,batch_002,workqueue_actions_batch_002.csv
47097,3128,11,2026-01-07,REVIEW,3,N,2026-01-12 10:00:00,batch_002,workqueue_actions_batch_002.csv
47098,4923,8,2026-01-11,ESCALATE,1,Y,2026-01-12 10:00:00,batch_002,workqueue_actions_batch_002.csv
47099,1929,13,2026-01-11,ESCALATE,4,Y,2026-01-12 10:00:00,batch_002,workqueue_actions_batch_002.csv
47100,4333,5,2026-01-09,CALL,4,N,2026-01-12 10:00:00,batch_002,workqueue_actions_batch_002.csv
47101,2112,15,2026-01-06,CALL,2,Y,2026-01-12 10:00:00,batch_002,workqueue_actions_batch_002.csv
47102,4681,4,2026-01-08,REVIEW,2,Y,2026-01-12 10:00:00,batch_002,workqueue_actions_batch_002.csv
47103,1440,3,2026-01-10,CALL,3,N,2026-01-12 10:00:00,batch_002,workqueue_actions_batch_002.csv
47104,1618,4,2026-01-08,ESCALATE,4,N,2026-01-12 10:00:00,batch_002,workqueue_actions_batch_002.csv
47105,5086,12,2026-01-10,REVIEW,1,Y,2026-01-12 10:00:00,batch_002,workqueue_actions_batch_002.csv
47106,2399,13,2026-01-07,REVIEW,0,N,2026-01-12 10:00:00,batch_002,workqueue_actions_batch_002.csv
47107,2288,15,2026-01-11,ESCALATE,3,Y,2026-01-12 10:00:00,batch_002,workqueue_actions_batch_002.csv
47108,2285,4,2026-01-06,CALL,4,N,2026-01-12 10:00:00,batch_002,workqueue_actions_batch_002.csv
47109,4345,16,2026-01-11,REVIEW,1,Y,2026-01-12 10:00:00,batch_002,workqueue_actions_batch_002.csv
47110,1280,14,2026-01-10,ESCALATE,2,N,2026-01-12 10:00:00,batch_002,workqueue_actions_batch_002.csv
47111,5300,18,2026-01-11,REVIEW,3,N,2026-01-12 10:00:00,batch_002,workqueue_actions_batch_002.csv
47112,1339,13,2026-01-06,CALL,3,N,2026-01-12 10:00:00,batch_002,workqueue_actions_batch_002.csv
47113,1333,18,2026-01-09,NOTE,0,Y,2026-01-12 10:00:00,batch_002,workqueue_actions_batch_002.csv
47114,4007,6,2026-01-09,CALL,3,N,2026-01-12 10:00:00,batch_002,workqueue_actions_batch_002.csv
47115,5021,9,2026-01-08,REVIEW,3,N,2026-01-12 10:00:00,batch_002,workqueue_actions_batch_002.csv
47116,4925,17,2026-01-09,REVIEW,4,Y,2026-01-12 10:00:00,batch_002,workqueue_actions_batch_002.csv
47117,2050,7,2026-01-08,REVIEW,0,Y,2026-01-12 10:00:00,batch_002,workqueue_actions_batch_002.csv
47118,1314,15,2026-01-05,ESCALATE,0,N,2026-01-12 10:00:00,batch_002,workqueue_actions_batch_002.csv
47119,1678,12,2026-01-07,NOTE,0,Y,2026-01-12 10:00:00,batch_002,workqueue_actions_batch_002.csv
47120,3465,3,2026-01-12,ESCALATE,4,Y,2026-01-12 10:00:00,batch_002,workqueue_actions_batch_002.csv
47121,4012,15,2026-01-05,CALL,2,N,2026-01-12 10:00:00,batch_002,workqueue_actions_batch_002.csv
47122,1287,7,2026-01-06,NOTE,4,Y,2026-01-12 10:00:00,batch_002,workqueue_actions_batch_002.csv
47123,1083,12,2026-01-10,CALL,1,N,2026-01-12 10:00:00,batch_002,workqueue_actions_batch_002.csv
47124,3153,1,2026-01-07,ESCALATE,4,N,2026-01-12 10:00:00,batch_002,workqueue_actions_batch_002.csv
47125,1949,6,2026-01-09,ESCALATE,0,Y,2026-01-12 10:00:00,batch_002,workqueue_actions_batch_002.csv
47126,1120,16,2026-01-07,REVIEW,0,N,2026-01-12 10:00:00,batch_002,workqueue_actions_batch_002.csv
47127,2387,14,2026-01-06,REVIEW,0,Y,2026-01-12 10:00:00,batch_002,workqueue_actions_batch_002.csv
47128,1830,10,2026-01-12,NOTE,1,Y,2026-01-12 10:00:00,batch_002,workqueue_actions_batch_002.csv
47129,5153,17,2026-01-09,REVIEW,1,Y,2026-01-12 10:00:00,batch_002,workqueue_actions_batch_002.csv
47130,3664,16,2026-01-11,NOTE,2,Y,2026-01-12 10:00:00,batch_002,workqueue_actions_batch_002.csv
47131,3850,20,2026-01-07,NOTE,4,N,2026-01-12 10:00:00,batch_002,workqueue_actions_batch_002.csv
47132,4803,2,2026-01-08,CALL,0,N,2026-01-12 10:00:00,batch_002,workqueue_actions_batch_002.csv
47133,4722,10,2026-01-06,ESCALATE,1,Y,2026-01-12 10:00:00,batch_002,workqueue_actions_batch_002.csv
47134,2844,1,2026-01-08,REVIEW,1,N,2026-01-12 10:00:00,batch_002,workqueue_actions_batch_002.csv
47135,3555,2,2026-01-09,REVIEW,4,Y,2026-01-12 10:00:00,batch_002,workqueue_actions_batch_002.csv
47136,5224,15,2026-01-06,REVIEW,4,N,2026-01-12 10:00:00,batch_002,workqueue_actions_batch_002.csv
47137,3561,18,2026-01-11,REVIEW,3,N,2026-01-12 10:00:00,batch_002,workqueue_actions_batch_002.csv
47138,3521,7,2026-01-06,NOTE,4,N,2026-01-12 10:00:00,batch_002,workqueue_actions_batch_002.csv
47139,3508,16,2026-01-07,CALL,0,Y,2026-01-12 10:00:00,batch_002,workqueue_actions_batch_002.csv
47140,4939,12,2026-01-10,CALL,3,Y,2026-01-12 10:00:00,batch_002,workqueue_actions_batch_002.csv
47141,4576,5,2026-01-12,ESCALATE,3,Y,2026-01-12 10:00:00,batch_002,workqueue_actions_batch_002.csv
47142,2923,9,2026-01-06,ESCALATE,3,Y,2026-01-12 10:00:00,batch_002,workqueue_actions_batch_002.csv
47143,1157,15,2026-01-10,ESCALATE,2,N,2026-01-12 10:00:00,batch_002,workqueue_actions_batch_002.csv
47144,3443,9,2026-01-11,NOTE,4,Y,2026-01-12 10:00:00,batch_002,workqueue_actions_batch_002.csv
47145,4741,14,2026-01-11,CALL,4,Y,2026-01-12 10:00:00,batch_002,workqueue_actions_batch_002.csv
47146,1550,9,2026-01-12,NOTE,3,N,2026-01-12 10:00:00,batch_002,workqueue_actions_batch_002.csv
47147,2494,12,2026-01-10,NOTE,4,N,2026-01-12 10:00:00,batch_002,workqueue_actions_batch_002.csv
47148,5157,6,2026-01-06,NOTE,0,Y,2026-01-12 10:00:00,batch_002,workqueue_actions_batch_002.csv
47149,2853,12,2026-01-11,REVIEW,0,N,2026-01-12 10:00:00,batch_002,workqueue_actions_batch_002.csv
47150,3656,2,2026-01-08,NOTE,0,N,2026-01-12 10:00:00,batch_002,workqueue_actions_batch_002.csv
47151,4731,9,2026-01-11,CALL,4,Y,2026-01-12 10:00:00,batch_002,workqueue_actions_batch_002.csv
47152,4501,12,2026-01-05,REVIEW,1,Y,2026-01-12 10:00:00,batch_002,workqueue_actions_batch_002.csv
47153,5091,10,2026-01-07,ESCALATE,3,Y,2026-01-12 10:00:00,batch_002,workqueue_actions_batch_002.csv
47154,2794,10,2026-01-06,REVIEW,2,Y,2026-01-12 10:00:00,batch_002,workqueue_actions_batch_002.csv
47155,4826,7,2026-01-11,ESCALATE,2,Y,2026-01-12 10:00:00,batch_002,workqueue_actions_batch_002.csv
47156,1993,19,2026-01-06,CALL,1,Y,2026-01-12 10:00:00,batch_002,workqueue_actions_batch_002.csv
47157,4463,16,2026-01-10,ESCALATE,3,N,2026-01-12 10:00:00,batch_002,workqueue_actions_batch_002.csv
47158,1863,3,2026-01-08,ESCALATE,0,N,2026-01-12 10:00:00,batch_002,workqueue_actions_batch_002.csv
47159,1129,4,2026-01-12,NOTE,1,N,2026-01-12 10:00:00,batch_002,workqueue_actions_batch_002.csv
47160,2300,17,2026-01-08,REVIEW,1,Y,2026-01-12 10:00:00,batch_002,workqueue_actions_batch_002.csv
47161,4809,7,2026-01-09,ESCALATE,3,Y,2026-01-12 10:00:00,batch_002,workqueue_actions_batch_002.csv
47162,1611,13,2026-01-11,REVIEW,0,Y,2026-01-12 10:00:00,batch_002,workqueue_actions_batch_002.csv
47163,4156,14,2026-01-09,ESCALATE,3,N,2026-01-12 10:00:00,batch_002,workqueue_actions_batch_002.csv
47164,1550,14,2026-01-05,ESCALATE,4,Y,2026-01-12 10:00:00,batch_002,workqueue_actions_batch_002.csv
47165,4537,10,2026-01-06,NOTE,2,Y,2026-01-12 10:00:00,batch_002,workqueue_actions_batch_002.csv
47166,1862,13,2026-01-05,NOTE,0,Y,2026-01-12 10:00:00,batch_002,workqueue_actions_batch_002.csv
47167,3643,16,2026-01-10,ESCALATE,0,Y,2026-01-12 10:00:00,batch_002,workqueue_actions_batch_002.csv
47168,5161,9,2026-01-10,REVIEW,4,N,2026-01-12 10:00:00,batch_002,workqueue_actions_batch_002.csv
47169,3384,10,2026-01-12,NOTE,0,N,2026-01-12 10:00:00,batch_002,workqueue_actions_batch_002.csv
47170,3688,16,2026-01-10,CALL,4,Y,2026-01-12 10:00:00,batch_002,workqueue_actions_batch_002.csv
47171,2675,5,2026-01-07,REVIEW,3,Y,2026-01-12 10:00:00,batch_002,workqueue_actions_batch_002.csv
47172,2637,8,2026-01-06,NOTE,1,Y,2026-01-12 10:00:00,batch_002,workqueue_actions_batch_002.csv
47173,3652,8,2026-01-09,NOTE,0,N,2026-01-12 10:00:00,batch_002,workqueue_actions_batch_002.csv
47174,2363,16,2026-01-06,NOTE,2,Y,2026-01-12 10:00:00,batch_002,workqueue_actions_batch_002.csv
47175,2758,1,2026-01-11,NOTE,3,N,2026-01-12 10:00:00,batch_002,workqueue_actions_batch_002.csv
47176,2088,4,2026-01-06,NOTE,3,N,2026-01-12 10:00:00,batch_002,workqueue_actions_batch_002.csv
47177,1288,14,2026-01-08,ESCALATE,0,N,2026-01-12 10:00:00,batch_002,workqueue_actions_batch_002.csv
47178,1963,8,2026-01-10,REVIEW,4,Y,2026-01-12 10:00:00,batch_002,workqueue_actions_batch_002.csv
47179,3701,13,2026-01-10,CALL,3,N,2026-01-12 10:00:00,batch_002,workqueue_actions_batch_002.csv
47180,3372,1,2026-01-07,REVIEW,2,Y,2026-01-12 10:00:00,batch_002,workqueue_actions_batch_002.csv
47181,4744,16,2026-01-05,NOTE,0,N,2026-01-12 10:00:00,batch_002,workqueue_actions_batch_002.csv
47182,5279,4,2026-01-12,REVIEW,0,Y,2026-01-12 10:00:00,batch_002,workqueue_actions_batch_002.csv
47183,4580,10,2026-01-08,CALL,0,N,2026-01-12 10:00:00,batch_002,workqueue_actions_batch_002.csv
47184,2464,16,2026-01-07,CALL,4,Y,2026-01-12 10:00:00,batch_002,workqueue_actions_batch_002.csv
47185,4500,5,2026-01-11,REVIEW,0,Y,2026-01-12 10:00:00,batch_002,workqueue_actions_batch_002.csv
47186,4390,16,2026-01-05,CALL,4,Y,2026-01-12 10:00:00,batch_002,workqueue_actions_batch_002.csv
47187,3892,17,2026-01-08,ESCALATE,4,N,2026-01-12 10:00:00,batch_002,workqueue_actions_batch_002.csv
47188,1931,6,2026-01-08,NOTE,2,Y,2026-01-12 10:00:00,batch_002,workqueue_actions_batch_002.csv
47189,1384,2,2026-01-09,ESCALATE,3,Y,2026-01-12 10:00:00,batch_002,workqueue_actions_batch_002.csv
47190,3192,13,2026-01-11,NOTE,1,N,2026-01-12 10:00:00,batch_002,workqueue_actions_batch_002.csv
47191,1577,18,2026-01-05,NOTE,2,N,2026-01-12 10:00:00,batch_002,workqueue_actions_batch_002.csv
47192,4990,2,2026-01-06,CALL,3,Y,2026-01-12 10:00:00,batch_002,workqueue_actions_batch_002.csv
47193,1764,16,2026-01-08,NOTE,4,Y,2026-01-12 10:00:00,batch_002,workqueue_actions_batch_002.csv
47194,2605,14,2026-01-06,NOTE,3,N,2026-01-12 10:00:00,batch_002,workqueue_actions_batch_002.csv
47195,4997,16,2026-01-11,NOTE,1,Y,2026-01-12 10:00:00,batch_002,workqueue_actions_batch_002.csv
47196,3943,3,2026-01-07,ESCALATE,2,N,2026-01-12 10:00:00,batch_002,workqueue_actions_batch_002.csv
47197,3741,10,2026-01-06,REVIEW,3,N,2026-01-12 10:00:00,batch_002,workqueue_actions_batch_002.csv
47198,4810,16,2026-01-12,CALL,2,N,2026-01-12 10:00:00,batch_002,workqueue_actions_batch_002.csv
47199,2428,10,2026-01-06,CALL,4,N,2026-01-12 10:00:00,batch_002,workqueue_actions_batch_002.csv
47200,3593,12,2026-01-11,ESCALATE,3,N,2026-01-12 10:00:00,batch_002,workqueue_actions_batch_002.csv
47201,1237,16,2026-01-12,REVIEW,4,Y,2026-01-12 10:00:00,batch_002,workqueue_actions_batch_002.csv
47202,3322,19,2026-01-09,NOTE,2,N,2026-01-12 10:00:00,batch_002,workqueue_actions_batch_002.csv
47203,3203,17,2026-01-12,CALL,0,Y,2026-01-12 10:00:00,batch_002,workqueue_actions_batch_002.csv
47204,4882,19,2026-01-06,NOTE,2,N,2026-01-12 10:00:00,batch_002,workqueue_actions_batch_002.csv
47205,1399,1,2026-01-08,ESCALATE,2,N,2026-01-12 10:00:00,batch_002,workqueue_actions_batch_002.csv
47206,3991,8,2026-01-08,REVIEW,0,Y,2026-01-12 10:00:00,batch_002,workqueue_actions_batch_002.csv
47207,3369,18,2026-01-05,ESCALATE,0,N,2026-01-12 10:00:00,batch_002,workqueue_actions_batch_002.csv
47208,4559,12,2026-01-07,NOTE,4,N,2026-01-12 10:00:00,batch_002,workqueue_actions_batch_002.csv
47209,2417,15,2026-01-10,ESCALATE,4,Y,2026-01-12 10:00:00,batch_002,workqueue_actions_batch_002.csv
47210,2245,11,2026-01-05,CALL,2,Y,2026-01-12 10:00:00,batch_002,workqueue_actions_batch_002.csv
47211,1620,11,2026-01-12,REVIEW,4,Y,2026-01-12 10:00:00,batch_002,workqueue_actions_batch_002.csv
47212,4615,8,2026-01-09,CALL,1,Y,2026-01-12 10:00:00,batch_002,workqueue_actions_batch_002.csv
47213,1035,19,2026-01-12,NOTE,0,N,2026-01-12 10:00:00,batch_002,workqueue_actions_batch_002.csv
47214,3625,5,2026-01-12,ESCALATE,0,N,2026-01-12 10:00:00,batch_002,workqueue_actions_batch_002.csv
47215,2239,11,2026-01-05,REVIEW,3,N,2026-01-12 10:00:00,batch_002,workqueue_actions_batch_002.csv
47216,1614,4,2026-01-12,REVIEW,1,N,2026-01-12 10:00:00,batch_002,workqueue_actions_batch_002.csv
47217,4106,17,2026-01-10,ESCALATE,1,N,2026-01-12 10:00:00,batch_002,workqueue_actions_batch_002.csv
47218,2609,15,2026-01-12,REVIEW,2,Y,2026-01-12 10:00:00,batch_002,workqueue_actions_batch_002.csv
47219,2394,13,2026-01-06,NOTE,0,Y,2026-01-12 10:00:00,batch_002,workqueue_actions_batch_002.csv
47220,2599,11,2026-01-12,ESCALATE,2,N,2026-01-12 10:00:00,batch_002,workqueue_actions_batch_002.csv
47221,3712,10,2026-01-07,REVIEW,2,N,2026-01-12 10:00:00,batch_002,workqueue_actions_batch_002.csv
47222,5202,4,2026-01-07,NOTE,2,Y,2026-01-12 10:00:00,batch_002,workqueue_actions_batch_002.csv
47223,2335,14,2026-01-05,CALL,1,N,2026-01-12 10:00:00,batch_002,workqueue_actions_batch_002.csv
47224,1239,8,2026-01-06,NOTE,0,N,2026-01-12 10:00:00,batch_002,workqueue_actions_batch_002.csv
47225,2978,4,2026-01-10,NOTE,0,N,2026-01-12 10:00:00,batch_002,workqueue_actions_batch_002.csv
47226,2843,18,2026-01-09,CALL,4,N,2026-01-12 10:00:00,batch_002,workqueue_actions_batch_002.csv
47227,2879,3,2026-01-12,CALL,0,N,2026-01-12 10:00:00,batch_002,workqueue_actions_batch_002.csv
47228,2067,18,2026-01-11,ESCALATE,2,Y,2026-01-12 10:00:00,batch_002,workqueue_actions_batch_002.csv
47229,2161,12,2026-01-11,REVIEW,2,N,2026-01-12 10:00:00,batch_002,workqueue_actions_batch_002.csv
47230,4462,3,2026-01-07,CALL,4,Y,2026-01-12 10:00:00,batch_002,workqueue_actions_batch_002.csv
47231,2168,10,2026-01-09,NOTE,1,N,2026-01-12 10:00:00,batch_002,workqueue_actions_batch_002.csv
47232,3764,2,2026-01-05,CALL,3,Y,2026-01-12 10:00:00,batch_002,workqueue_actions_batch_002.csv
47233,4452,13,2026-01-11,NOTE,1,Y,2026-01-12 10:00:00,batch_002,workqueue_actions_batch_002.csv
47234,4784,2,2026-01-08,NOTE,1,Y,2026-01-12 10:00:00,batch_002,workqueue_actions_batch_002.csv
47235,5134,6,2026-01-05,NOTE,2,Y,2026-01-12 10:00:00,batch_002,workqueue_actions_batch_002.csv
47236,1299,11,2026-01-08,NOTE,0,Y,2026-01-12 10:00:00,batch_002,workqueue_actions_batch_002.csv
47237,2522,10,2026-01-11,ESCALATE,4,N,2026-01-12 10:00:00,batch_002,workqueue_actions_batch_002.csv
47238,4179,5,2026-01-08,CALL,1,N,2026-01-12 10:00:00,batch_002,workqueue_actions_batch_002.csv
47239,3574,6,2026-01-06,CALL,2,Y,2026-01-12 10:00:00,batch_002,workqueue_actions_batch_002.csv
47240,3180,7,2026-01-07,ESCALATE,4,N,2026-01-12 10:00:00,batch_002,workqueue_actions_batch_002.csv
47241,4809,3,2026-01-06,CALL,4,N,2026-01-12 10:00:00,batch_002,workqueue_actions_batch_002.csv
47242,2143,16,2026-01-10,CALL,1,N,2026-01-12 10:00:00,batch_002,workqueue_actions_batch_002.csv
47243,2004,20,2026-01-11,NOTE,1,Y,2026-01-12 10:00:00,batch_002,workqueue_actions_batch_002.csv
47244,4258,13,2026-01-08,NOTE,1,N,2026-01-12 10:00:00,batch_002,workqueue_actions_batch_002.csv
47245,3564,9,2026-01-05,ESCALATE,0,N,2026-01-12 10:00:00,batch_002,workqueue_actions_batch_002.csv
47246,4166,3,2026-01-11,ESCALATE,2,N,2026-01-12 10:00:00,batch_002,workqueue_actions_batch_002.csv
47247,3170,13,2026-01-06,REVIEW,3,Y,2026-01-12 10:00:00,batch_002,workqueue_actions_batch_002.csv
47248,3700,19,2026-01-06,ESCALATE,3,Y,2026-01-12 10:00:00,batch_002,workqueue_actions_batch_002.csv
47249,2971,13,2026-01-10,REVIEW,4,N,2026-01-12 10:00:00,batch_002,workqueue_actions_batch_002.csv
47250,1812,5,2026-01-09,CALL,3,Y,2026-01-12 10:00:00,batch_002,workqueue_actions_batch_002.csv
47251,1233,18,2026-01-12,ESCALATE,3,Y,2026-01-12 10:00:00,batch_002,workqueue_actions_batch_002.csv
47252,2908,14,2026-01-07,CALL,3,Y,2026-01-12 10:00:00,batch_002,workqueue_actions_batch_002.csv
47253,5190,10,2026-01-10,REVIEW,1,Y,2026-01-12 10:00:00,batch_002,workqueue_actions_batch_002.csv
47254,4160,14,2026-01-09,ESCALATE,3,Y,2026-01-12 10:00:00,batch_002,workqueue_actions_batch_002.csv
47255,4330,15,2026-01-09,ESCALATE,4,N,2026-01-12 10:00:00,batch_002,workqueue_actions_batch_002.csv
47256,1647,20,2026-01-07,NOTE,0,N,2026-01-12 10:00:00,batch_002,workqueue_actions_batch_002.csv
47257,1338,7,2026-01-07,REVIEW,1,N,2026-01-12 10:00:00,batch_002,workqueue_actions_batch_002.csv
47258,1634,15,2026-01-09,CALL,4,Y,2026-01-12 10:00:00,batch_002,workqueue_actions_batch_002.csv
47259,1670,16,2026-01-07,CALL,2,N,2026-01-12 10:00:00,batch_002,workqueue_actions_batch_002.csv
47260,3144,19,2026-01-06,ESCALATE,2,Y,2026-01-12 10:00:00,batch_002,workqueue_actions_batch_002.csv
47261,5095,10,2026-01-10,CALL,2,N,2026-01-12 10:00:00,batch_002,workqueue_actions_batch_002.csv
47262,2292,13,2026-01-09,NOTE,1,N,2026-01-12 10:00:00,batch_002,workqueue_actions_batch_002.csv
47263,1473,12,2026-01-08,CALL,3,N,2026-01-12 10:00:00,batch_002,workqueue_actions_batch_002.csv
47264,1146,18,2026-01-07,ESCALATE,4,Y,2026-01-12 10:00:00,batch_002,workqueue_actions_batch_002.csv
47265,2156,3,2026-01-09,NOTE,2,N,2026-01-12 10:00:00,batch_002,workqueue_actions_batch_002.csv
47266,1578,10,2026-01-05,CALL,2,Y,2026-01-12 10:00:00,batch_002,workqueue_actions_batch_002.csv
47267,4161,4,2026-01-10,NOTE,2,N,2026-01-12 10:00:00,batch_002,workqueue_actions_batch_002.csv
47268,1268,4,2026-01-11,NOTE,4,Y,2026-01-12 10:00:00,batch_002,workqueue_actions_batch_002.csv
47269,3190,16,2026-01-05,CALL,4,N,2026-01-12 10:00:00,batch_002,workqueue_actions_batch_002.csv
47270,3562,11,2026-01-05,REVIEW,0,N,2026-01-12 10:00:00,batch_002,workqueue_actions_batch_002.csv
47271,3688,1,2026-01-10,REVIEW,2,Y,2026-01-12 10:00:00,batch_002,workqueue_actions_batch_002.csv
47272,5058,3,2026-01-07,REVIEW,3,N,2026-01-12 10:00:00,batch_002,workqueue_actions_batch_002.csv
47273,4870,8,2026-01-05,ESCALATE,2,N,2026-01-12 10:00:00,batch_002,workqueue_actions_batch_002.csv
47274,4724,11,2026-01-08,CALL,2,Y,2026-01-12 10:00:00,batch_002,workqueue_actions_batch_002.csv
47275,1956,6,2026-01-12,ESCALATE,3,Y,2026-01-12 10:00:00,batch_002,workqueue_actions_batch_002.csv
47276,4215,19,2026-01-07,CALL,2,N,2026-01-12 10:00:00,batch_002,workqueue_actions_batch_002.csv
47277,3782,18,2026-01-08,REVIEW,4,N,2026-01-12 10:00:00,batch_002,workqueue_actions_batch_002.csv
47278,3135,12,2026-01-11,REVIEW,0,N,2026-01-12 10:00:00,batch_002,workqueue_actions_batch_002.csv
47279,4541,16,2026-01-07,NOTE,1,Y,2026-01-12 10:00:00,batch_002,workqueue_actions_batch_002.csv
47280,3070,4,2026-01-12,ESCALATE,2,Y,2026-01-12 10:00:00,batch_002,workqueue_actions_batch_002.csv
47281,1052,2,2026-01-12,NOTE,4,Y,2026-01-12 10:00:00,batch_002,workqueue_actions_batch_002.csv
47282,1455,19,2026-01-07,REVIEW,4,Y,2026-01-12 10:00:00,batch_002,workqueue_actions_batch_002.csv
47283,4604,1,2026-01-09,REVIEW,2,N,2026-01-12 10:00:00,batch_002,workqueue_actions_batch_002.csv
47284,4256,8,2026-01-11,NOTE,3,N,2026-01-12 10:00:00,batch_002,workqueue_actions_batch_002.csv
47285,2554,9,2026-01-06,ESCALATE,3,Y,2026-01-12 10:00:00,batch_002,workqueue_actions_batch_002.csv
47286,4269,13,2026-01-05,NOTE,4,N,2026-01-12 10:00:00,batch_002,workqueue_actions_batch_002.csv
47287,2064,10,2026-01-07,CALL,4,N,2026-01-12 10:00:00,batch_002,workqueue_actions_batch_002.csv
47288,5040,18,2026-01-05,ESCALATE,0,N,2026-01-12 10:00:00,batch_002,workqueue_actions_batch_002.csv
47289,1569,15,2026-01-08,CALL,1,Y,2026-01-12 10:00:00,batch_002,workqueue_actions_batch_002.csv
47290,2430,5,2026-01-08,CALL,2,Y,2026-01-12 10:00:00,batch_002,workqueue_actions_batch_002.csv
47291,5015,12,2026-01-08,CALL,3,Y,2026-01-12 10:00:00,batch_002,workqueue_actions_batch_002.csv
47292,2263,10,2026-01-07,NOTE,1,N,2026-01-12 10:00:00,batch_002,workqueue_actions_batch_002.csv
47293,2814,15,2026-01-07,CALL,2,N,2026-01-12 10:00:00,batch_002,workqueue_actions_batch_002.csv
47294,3461,1,2026-01-07,REVIEW,0,Y,2026-01-12 10:00:00,batch_002,workqueue_actions_batch_002.csv
47295,1882,17,2026-01-07,REVIEW,3,N,2026-01-12 10:00:00,batch_002,workqueue_actions_batch_002.csv
47296,5171,5,2026-01-11,REVIEW,1,N,2026-01-12 10:00:00,batch_002,workqueue_actions_batch_002.csv
47297,3921,17,2026-01-12,CALL,1,N,2026-01-12 10:00:00,batch_002,workqueue_actions_batch_002.csv
47298,3349,6,2026-01-09,CALL,4,Y,2026-01-12 10:00:00,batch_002,workqueue_actions_batch_002.csv
47299,2668,1,2026-01-08,ESCALATE,0,N,2026-01-12 10:00:00,batch_002,workqueue_actions_batch_002.csv
47300,1509,18,2026-01-08,CALL,4,N,2026-01-12 10:00:00,batch_002,workqueue_actions_batch_002.csv
47301,4853,8,2026-01-06,NOTE,4,Y,2026-01-12 10:00:00,batch_002,workqueue_actions_batch_002.csv
47302,2114,9,2026-01-12,CALL,2,N,2026-01-12 10:00:00,batch_002,workqueue_actions_batch_002.csv
47303,2803,5,2026-01-12,ESCALATE,0,Y,2026-01-12 10:00:00,batch_002,workqueue_actions_batch_002.csv
47304,2016,19,2026-01-07,NOTE,4,Y,2026-01-12 10:00:00,batch_002,workqueue_actions_batch_002.csv
47305,5186,8,2026-01-06,REVIEW,4,Y,2026-01-12 10:00:00,batch_002,workqueue_actions_batch_002.csv
47306,2548,3,2026-01-06,CALL,1,N,2026-01-12 10:00:00,batch_002,workqueue_actions_batch_002.csv
47307,5034,15,2026-01-07,NOTE,0,Y,2026-01-12 10:00:00,batch_002,workqueue_actions_batch_002.csv
47308,2835,17,2026-01-12,CALL,1,N,2026-01-12 10:00:00,batch_002,workqueue_actions_batch_002.csv
47309,4992,10,2026-01-12,ESCALATE,0,N,2026-01-12 10:00:00,batch_002,workqueue_actions_batch_002.csv
47310,4285,11,2026-01-12,REVIEW,2,Y,2026-01-12 10:00:00,batch_002,workqueue_actions_batch_002.csv
47311,3362,17,2026-01-07,ESCALATE,2,Y,2026-01-12 10:00:00,batch_002,workqueue_actions_batch_002.csv
47312,2343,11,2026-01-06,ESCALATE,2,Y,2026-01-12 10:00:00,batch_002,workqueue_actions_batch_002.csv
47313,4031,17,2026-01-06,NOTE,2,N,2026-01-12 10:00:00,batch_002,workqueue_actions_batch_002.csv
47314,3177,20,2026-01-06,NOTE,0,N,2026-01-12 10:00:00,batch_002,workqueue_actions_batch_002.csv
47315,1050,20,2026-01-12,CALL,4,N,2026-01-12 10:00:00,batch_002,workqueue_actions_batch_002.csv
47316,3873,8,2026-01-12,REVIEW,1,Y,2026-01-12 10:00:00,batch_002,workqueue_actions_batch_002.csv
47317,1615,8,2026-01-07,REVIEW,1,Y,2026-01-12 10:00:00,batch_002,workqueue_actions_batch_002.csv
47318,2327,3,2026-01-06,ESCALATE,3,Y,2026-01-12 10:00:00,batch_002,workqueue_actions_batch_002.csv
47319,1850,12,2026-01-10,ESCALATE,4,N,2026-01-12 10:00:00,batch_002,workqueue_actions_batch_002.csv
47320,2164,6,2026-01-07,ESCALATE,4,N,2026-01-12 10:00:00,batch_002,workqueue_actions_batch_002.csv
47321,2684,18,2026-01-11,CALL,2,N,2026-01-12 10:00:00,batch_002,workqueue_actions_batch_002.csv
47322,1895,5,2026-01-06,CALL,0,N,2026-01-12 10:00:00,batch_002,workqueue_actions_batch_002.csv
47323,3705,9,2026-01-09,CALL,0,Y,2026-01-12 10:00:00,batch_002,workqueue_actions_batch_002.csv
47324,2933,18,2026-01-07,NOTE,2,Y,2026-01-12 10:00:00,batch_002,workqueue_actions_batch_002.csv
47325,4173,12,2026-01-08,CALL,4,N,2026-01-12 10:00:00,batch_002,workqueue_actions_batch_002.csv
47326,1277,19,2026-01-11,NOTE,4,Y,2026-01-12 10:00:00,batch_002,workqueue_actions_batch_002.csv
47327,5295,15,2026-01-05,CALL,0,N,2026-01-12 10:00:00,batch_002,workqueue_actions_batch_002.csv
47328,4642,5,2026-01-06,ESCALATE,3,N,2026-01-12 10:00:00,batch_002,workqueue_actions_batch_002.csv
47329,3234,5,2026-01-07,ESCALATE,2,N,2026-01-12 10:00:00,batch_002,workqueue_actions_batch_002.csv
47330,1325,14,2026-01-11,CALL,1,Y,2026-01-12 10:00:00,batch_002,workqueue_actions_batch_002.csv
47331,3867,17,2026-01-05,ESCALATE,3,N,2026-01-12 10:00:00,batch_002,workqueue_actions_batch_002.csv
47332,4823,7,2026-01-09,NOTE,0,N,2026-01-12 10:00:00,batch_002,workqueue_actions_batch_002.csv
47333,3435,10,2026-01-08,CALL,0,N,2026-01-12 10:00:00,batch_002,workqueue_actions_batch_002.csv
47334,3959,6,2026-01-12,ESCALATE,0,Y,2026-01-12 10:00:00,batch_002,workqueue_actions_batch_002.csv
47335,4681,4,2026-01-06,NOTE,3,N,2026-01-12 10:00:00,batch_002,workqueue_actions_batch_002.csv
47336,2125,11,2026-01-07,REVIEW,0,N,2026-01-12 10:00:00,batch_002,workqueue_actions_batch_002.csv
47337,3853,6,2026-01-09,NOTE,4,Y,2026-01-12 10:00:00,batch_002,workqueue_actions_batch_002.csv
47338,2927,11,2026-01-12,CALL,0,Y,2026-01-12 10:00:00,batch_002,workqueue_actions_batch_002.csv
47339,4071,6,2026-01-06,ESCALATE,3,Y,2026-01-12 10:00:00,batch_002,workqueue_actions_batch_002.csv
47340,1379,13,2026-01-09,REVIEW,1,N,2026-01-12 10:00:00,batch_002,workqueue_actions_batch_002.csv
47341,1997,17,2026-01-11,REVIEW,3,Y,2026-01-12 10:00:00,batch_002,workqueue_actions_batch_002.csv
47342,1595,10,2026-01-12,CALL,2,Y,2026-01-12 10:00:00,batch_002,workqueue_actions_batch_002.csv
47343,4331,11,2026-01-07,NOTE,4,Y,2026-01-12 10:00:00,batch_002,workqueue_actions_batch_002.csv
47344,4653,10,2026-01-08,ESCALATE,1,N,2026-01-12 10:00:00,batch_002,workqueue_actions_batch_002.csv
47345,2592,10,2026-01-08,REVIEW,1,Y,2026-01-12 10:00:00,batch_002,workqueue_actions_batch_002.csv
47346,2605,11,2026-01-10,NOTE,3,N,2026-01-12 10:00:00,batch_002,workqueue_actions_batch_002.csv
47347,2411,10,2026-01-12,REVIEW,0,Y,2026-01-12 10:00:00,batch_002,workqueue_actions_batch_002.csv
47348,1812,15,2026-01-05,NOTE,2,N,2026-01-12 10:00:00,batch_002,workqueue_actions_batch_002.csv
47349,5134,11,2026-01-10,REVIEW,2,N,2026-01-12 10:00:00,batch_002,workqueue_actions_batch_002.csv
47350,1462,11,2026-01-09,NOTE,1,Y,2026-01-12 10:00:00,batch_002,workqueue_actions_batch_002.csv
47351,4594,20,2026-01-06,CALL,0,N,2026-01-12 10:00:00,batch_002,workqueue_actions_batch_002.csv
47352,2315,1,2026-01-11,REVIEW,4,Y,2026-01-12 10:00:00,batch_002,workqueue_actions_batch_002.csv
47353,4589,20,2026-01-11,CALL,3,Y,2026-01-12 10:00:00,batch_002,workqueue_actions_batch_002.csv
47354,1359,8,2026-01-11,ESCALATE,2,Y,2026-01-12 10:00:00,batch_002,workqueue_actions_batch_002.csv
47355,1659,6,2026-01-10,REVIEW,1,N,2026-01-12 10:00:00,batch_002,workqueue_actions_batch_002.csv
47356,2813,16,2026-01-09,NOTE,3,N,2026-01-12 10:00:00,batch_002,workqueue_actions_batch_002.csv
47357,5031,14,2026-01-05,REVIEW,3,Y,2026-01-12 10:00:00,batch_002,workqueue_actions_batch_002.csv
47358,4546,7,2026-01-05,CALL,1,Y,2026-01-12 10:00:00,batch_002,workqueue_actions_batch_002.csv
47359,3526,14,2026-01-05,CALL,1,Y,2026-01-12 10:00:00,batch_002,workqueue_actions_batch_002.csv
47360,2654,1,2026-01-11,CALL,0,N,2026-01-12 10:00:00,batch_002,workqueue_actions_batch_002.csv
47361,4802,10,2026-01-11,CALL,2,Y,2026-01-12 10:00:00,batch_002,workqueue_actions_batch_002.csv
47362,3034,1,2026-01-09,CALL,0,N,2026-01-12 10:00:00,batch_002,workqueue_actions_batch_002.csv
47363,2893,16,2026-01-09,REVIEW,4,Y,2026-01-12 10:00:00,batch_002,workqueue_actions_batch_002.csv
47364,2315,2,2026-01-09,ESCALATE,2,N,2026-01-12 10:00:00,batch_002,workqueue_actions_batch_002.csv
47365,1844,15,2026-01-12,ESCALATE,4,Y,2026-01-12 10:00:00,batch_002,workqueue_actions_batch_002.csv
47366,1797,5,2026-01-12,REVIEW,2,N,2026-01-12 10:00:00,batch_002,workqueue_actions_batch_002.csv
47367,1583,11,2026-01-05,NOTE,4,Y,2026-01-12 10:00:00,batch_002,workqueue_actions_batch_002.csv
47368,4453,6,2026-01-11,REVIEW,1,N,2026-01-12 10:00:00,batch_002,workqueue_actions_batch_002.csv
47369,2067,6,2026-01-07,ESCALATE,4,Y,2026-01-12 10:00:00,batch_002,workqueue_actions_batch_002.csv
47370,4035,4,2026-01-05,NOTE,4,Y,2026-01-12 10:00:00,batch_002,workqueue_actions_batch_002.csv
47371,2169,10,2026-01-10,ESCALATE,4,Y,2026-01-12 10:00:00,batch_002,workqueue_actions_batch_002.csv
47372,2979,14,2026-01-09,CALL,0,N,2026-01-12 10:00:00,batch_002,workqueue_actions_batch_002.csv
47373,4074,2,2026-01-05,ESCALATE,4,Y,2026-01-12 10:00:00,batch_002,workqueue_actions_batch_002.csv
47374,2246,10,2026-01-12,NOTE,3,N,2026-01-12 10:00:00,batch_002,workqueue_actions_batch_002.csv
47375,2982,7,2026-01-11,CALL,2,N,2026-01-12 10:00:00,batch_002,workqueue_actions_batch_002.csv
47376,2143,9,2026-01-12,CALL,4,Y,2026-01-12 10:00:00,batch_002,workqueue_actions_batch_002.csv
47377,4245,17,2026-01-07,CALL,2,Y,2026-01-12 10:00:00,batch_002,workqueue_actions_batch_002.csv
47378,4267,12,2026-01-07,NOTE,2,Y,2026-01-12 10:00:00,batch_002,workqueue_actions_batch_002.csv
47379,4882,17,2026-01-11,ESCALATE,4,Y,2026-01-12 10:00:00,batch_002,workqueue_actions_batch_002.csv
47380,4698,9,2026-01-07,CALL,4,Y,2026-01-12 10:00:00,batch_002,workqueue_actions_batch_002.csv
47381,4487,19,2026-01-12,NOTE,2,N,2026-01-12 10:00:00,batch_002,workqueue_actions_batch_002.csv
47382,1130,16,2026-01-10,CALL,3,N,2026-01-12 10:00:00,batch_002,workqueue_actions_batch_002.csv
47383,1699,9,2026-01-11,CALL,3,Y,2026-01-12 10:00:00,batch_002,workqueue_actions_batch_002.csv
47384,2698,2,2026-01-06,REVIEW,3,N,2026-01-12 10:00:00,batch_002,workqueue_actions_batch_002.csv
47385,1946,17,2026-01-09,ESCALATE,3,N,2026-01-12 10:00:00,batch_002,workqueue_actions_batch_002.csv
47386,2816,3,2026-01-11,ESCALATE,3,N,2026-01-12 10:00:00,batch_002,workqueue_actions_batch_002.csv
47387,3535,1,2026-01-10,NOTE,0,N,2026-01-12 10:00:00,batch_002,workqueue_actions_batch_002.csv
47388,3218,7,2026-01-07,REVIEW,4,Y,2026-01-12 10:00:00,batch_002,workqueue_actions_batch_002.csv
47389,2307,7,2026-01-05,CALL,2,N,2026-01-12 10:00:00,batch_002,workqueue_actions_batch_002.csv
47390,4721,16,2026-01-10,NOTE,1,N,2026-01-12 10:00:00,batch_002,workqueue_actions_batch_002.csv
47391,3056,1,2026-01-07,REVIEW,3,Y,2026-01-12 10:00:00,batch_002,workqueue_actions_batch_002.csv
47392,4996,6,2026-01-07,CALL,2,N,2026-01-12 10:00:00,batch_002,workqueue_actions_batch_002.csv
47393,1036,20,2026-01-05,REVIEW,3,N,2026-01-12 10:00:00,batch_002,workqueue_actions_batch_002.csv
47394,4929,6,2026-01-06,REVIEW,2,Y,2026-01-12 10:00:00,batch_002,workqueue_actions_batch_002.csv
47395,1572,10,2026-01-08,ESCALATE,4,Y,2026-01-12 10:00:00,batch_002,workqueue_actions_batch_002.csv
47396,3328,7,2026-01-10,NOTE,0,N,2026-01-12 10:00:00,batch_002,workqueue_actions_batch_002.csv
47397,1789,20,2026-01-05,ESCALATE,1,Y,2026-01-12 10:00:00,batch_002,workqueue_actions_batch_002.csv
47398,4140,15,2026-01-08,REVIEW,1,Y,2026-01-12 10:00:00,batch_002,workqueue_actions_batch_002.csv
47399,5271,4,2026-01-07,ESCALATE,0,Y,2026-01-12 10:00:00,batch_002,workqueue_actions_batch_002.csv
47400,4034,1,2026-01-08,NOTE,0,Y,2026-01-12 10:00:00,batch_002,workqueue_actions_batch_002.csv
47401,2553,6,2026-01-08,CALL,0,Y,2026-01-12 10:00:00,batch_002,workqueue_actions_batch_002.csv
47402,3804,7,2026-01-11,REVIEW,0,N,2026-01-12 10:00:00,batch_002,workqueue_actions_batch_002.csv
47403,2234,15,2026-01-07,CALL,4,N,2026-01-12 10:00:00,batch_002,workqueue_actions_batch_002.csv
47404,3244,5,2026-01-12,NOTE,3,N,2026-01-12 10:00:00,batch_002,workqueue_actions_batch_002.csv
47405,1152,12,2026-01-06,REVIEW,1,N,2026-01-12 10:00:00,batch_002,workqueue_actions_batch_002.csv
47406,1518,18,2026-01-11,REVIEW,2,N,2026-01-12 10:00:00,batch_002,workqueue_actions_batch_002.csv
47407,4298,8,2026-01-12,CALL,3,Y,2026-01-12 10:00:00,batch_002,workqueue_actions_batch_002.csv
47408,2674,4,2026-01-07,REVIEW,1,N,2026-01-12 10:00:00,batch_002,workqueue_actions_batch_002.csv
47409,3016,14,2026-01-06,REVIEW,0,Y,2026-01-12 10:00:00,batch_002,workqueue_actions_batch_002.csv
47410,1801,16,2026-01-09,NOTE,4,Y,2026-01-12 10:00:00,batch_002,workqueue_actions_batch_002.csv
47411,2896,8,2026-01-05,CALL,3,N,2026-01-12 10:00:00,batch_002,workqueue_actions_batch_002.csv
47412,1327,20,2026-01-06,CALL,0,Y,2026-01-12 10:00:00,batch_002,workqueue_actions_batch_002.csv
47413,3957,6,2026-01-08,NOTE,1,N,2026-01-12 10:00:00,batch_002,workqueue_actions_batch_002.csv
47414,4314,15,2026-01-06,ESCALATE,4,Y,2026-01-12 10:00:00,batch_002,workqueue_actions_batch_002.csv
47415,4936,19,2026-01-05,NOTE,1,N,2026-01-12 10:00:00,batch_002,workqueue_actions_batch_002.csv
47416,1283,6,2026-01-11,REVIEW,4,N,2026-01-12 10:00:00,batch_002,workqueue_actions_batch_002.csv
47417,3332,9,2026-01-09,ESCALATE,3,N,2026-01-12 10:00:00,batch_002,workqueue_actions_batch_002.csv
47418,4866,7,2026-01-12,ESCALATE,2,Y,2026-01-12 10:00:00,batch_002,workqueue_actions_batch_002.csv
47419,4010,17,2026-01-11,CALL,2,N,2026-01-12 10:00:00,batch_002,workqueue_actions_batch_002.csv
47420,3061,6,2026-01-12,ESCALATE,4,Y,2026-01-12 10:00:00,batch_002,workqueue_actions_batch_002.csv
47421,5169,13,2026-01-07,REVIEW,2,Y,2026-01-12 10:00:00,batch_002,workqueue_actions_batch_002.csv
47422,5283,7,2026-01-08,CALL,3,N,2026-01-12 10:00:00,batch_002,workqueue_actions_batch_002.csv
47423,1890,7,2026-01-10,CALL,3,N,2026-01-12 10:00:00,batch_002,workqueue_actions_batch_002.csv
47424,4279,7,2026-01-05,NOTE,4,N,2026-01-12 10:00:00,batch_002,workqueue_actions_batch_002.csv
47425,1222,9,2026-01-10,REVIEW,2,N,2026-01-12 10:00:00,batch_002,workqueue_actions_batch_002.csv
47426,5052,2,2026-01-10,CALL,1,Y,2026-01-12 10:00:00,batch_002,workqueue_actions_batch_002.csv
47427,1939,15,2026-01-06,REVIEW,4,N,2026-01-12 10:00:00,batch_002,workqueue_actions_batch_002.csv
47428,1843,19,2026-01-05,ESCALATE,1,N,2026-01-12 10:00:00,batch_002,workqueue_actions_batch_002.csv
47429,3145,18,2026-01-08,ESCALATE,1,N,2026-01-12 10:00:00,batch_002,workqueue_actions_batch_002.csv
47430,4074,2,2026-01-12,REVIEW,3,N,2026-01-12 10:00:00,batch_002,workqueue_actions_batch_002.csv
47431,3382,2,2026-01-05,CALL,4,N,2026-01-12 10:00:00,batch_002,workqueue_actions_batch_002.csv
47432,1118,16,2026-01-10,CALL,4,Y,2026-01-12 10:00:00,batch_002,workqueue_actions_batch_002.csv
47433,1222,20,2026-01-11,CALL,3,N,2026-01-12 10:00:00,batch_002,workqueue_actions_batch_002.csv
47434,1101,7,2026-01-09,REVIEW,0,N,2026-01-12 10:00:00,batch_002,workqueue_actions_batch_002.csv
47435,1884,6,2026-01-09,NOTE,0,N,2026-01-12 10:00:00,batch_002,workqueue_actions_batch_002.csv
47436,2139,4,2026-01-09,REVIEW,0,Y,2026-01-12 10:00:00,batch_002,workqueue_actions_batch_002.csv
47437,3711,5,2026-01-11,REVIEW,0,Y,2026-01-12 10:00:00,batch_002,workqueue_actions_batch_002.csv
47438,1720,19,2026-01-11,ESCALATE,1,N,2026-01-12 10:00:00,batch_002,workqueue_actions_batch_002.csv
47439,2242,11,2026-01-10,ESCALATE,2,Y,2026-01-12 10:00:00,batch_002,workqueue_actions_batch_002.csv
47440,5085,16,2026-01-09,NOTE,4,N,2026-01-12 10:00:00,batch_002,workqueue_actions_batch_002.csv
47441,3127,16,2026-01-06,NOTE,2,Y,2026-01-12 10:00:00,batch_002,workqueue_actions_batch_002.csv
47442,2909,12,2026-01-08,ESCALATE,4,Y,2026-01-12 10:00:00,batch_002,workqueue_actions_batch_002.csv
47443,4334,2,2026-01-07,NOTE,2,N,2026-01-12 10:00:00,batch_002,workqueue_actions_batch_002.csv
47444,4302,18,2026-01-09,NOTE,2,N,2026-01-12 10:00:00,batch_002,workqueue_actions_batch_002.csv
47445,4879,8,2026-01-12,CALL,2,Y,2026-01-12 10:00:00,batch_002,workqueue_actions_batch_002.csv
47446,1289,6,2026-01-10,ESCALATE,3,N,2026-01-12 10:00:00,batch_002,workqueue_actions_batch_002.csv
47447,3995,6,2026-01-08,NOTE,1,N,2026-01-12 10:00:00,batch_002,workqueue_actions_batch_002.csv
47448,1559,5,2026-01-10,NOTE,3,N,2026-01-12 10:00:00,batch_002,workqueue_actions_batch_002.csv
47449,4496,20,2026-01-07,ESCALATE,3,Y,2026-01-12 10:00:00,batch_002,workqueue_actions_batch_002.csv
47450,4067,11,2026-01-09,ESCALATE,3,N,2026-01-12 10:00:00,batch_002,workqueue_actions_batch_002.csv
47451,2952,20,2026-01-10,REVIEW,2,N,2026-01-12 10:00:00,batch_002,workqueue_actions_batch_002.csv
47452,3624,17,2026-01-11,CALL,3,Y,2026-01-12 10:00:00,batch_002,workqueue_actions_batch_002.csv
47453,2108,6,2026-01-07,CALL,1,Y,2026-01-12 10:00:00,batch_002,workqueue_actions_batch_002.csv
47454,4804,14,2026-01-08,ESCALATE,1,Y,2026-01-12 10:00:00,batch_002,workqueue_actions_batch_002.csv
47455,2668,9,2026-01-10,NOTE,2,Y,2026-01-12 10:00:00,batch_002,workqueue_actions_batch_002.csv
47456,1299,14,2026-01-11,NOTE,3,Y,2026-01-12 10:00:00,batch_002,workqueue_actions_batch_002.csv
47457,3277,20,2026-01-11,REVIEW,2,N,2026-01-12 10:00:00,batch_002,workqueue_actions_batch_002.csv
47458,2488,9,2026-01-11,NOTE,3,N,2026-01-12 10:00:00,batch_002,workqueue_actions_batch_002.csv
47459,1534,6,2026-01-08,REVIEW,3,Y,2026-01-12 10:00:00,batch_002,workqueue_actions_batch_002.csv
47460,1879,19,2026-01-12,ESCALATE,1,Y,2026-01-12 10:00:00,batch_002,workqueue_actions_batch_002.csv
47461,1852,8,2026-01-07,ESCALATE,4,N,2026-01-12 10:00:00,batch_002,workqueue_actions_batch_002.csv
47462,3230,2,2026-01-05,REVIEW,3,Y,2026-01-12 10:00:00,batch_002,workqueue_actions_batch_002.csv
47463,4132,11,2026-01-12,ESCALATE,3,N,2026-01-12 10:00:00,batch_002,workqueue_actions_batch_002.csv
47464,5065,14,2026-01-12,NOTE,3,Y,2026-01-12 10:00:00,batch_002,workqueue_actions_batch_002.csv
47465,3167,9,2026-01-08,NOTE,4,N,2026-01-12 10:00:00,batch_002,workqueue_actions_batch_002.csv
47466,4799,17,2026-01-12,ESCALATE,1,N,2026-01-12 10:00:00,batch_002,workqueue_actions_batch_002.csv
47467,5039,8,2026-01-05,ESCALATE,3,N,2026-01-12 10:00:00,batch_002,workqueue_actions_batch_002.csv
47468,4834,8,2026-01-12,ESCALATE,4,N,2026-01-12 10:00:00,batch_002,workqueue_actions_batch_002.csv
47469,2497,8,2026-01-12,ESCALATE,0,Y,2026-01-12 10:00:00,batch_002,workqueue_actions_batch_002.csv
47470,2984,13,2026-01-08,NOTE,3,Y,2026-01-12 10:00:00,batch_002,workqueue_actions_batch_002.csv
47471,3573,20,2026-01-07,ESCALATE,3,Y,2026-01-12 10:00:00,batch_002,workqueue_actions_batch_002.csv
47472,1556,11,2026-01-06,ESCALATE,2,Y,2026-01-12 10:00:00,batch_002,workqueue_actions_batch_002.csv
47473,3438,19,2026-01-05,CALL,2,N,2026-01-12 10:00:00,batch_002,workqueue_actions_batch_002.csv
47474,1550,10,2026-01-08,NOTE,0,N,2026-01-12 10:00:00,batch_002,workqueue_actions_batch_002.csv
47475,4624,4,2026-01-09,REVIEW,4,N,2026-01-12 10:00:00,batch_002,workqueue_actions_batch_002.csv
47476,1730,11,2026-01-06,CALL,0,Y,2026-01-12 10:00:00,batch_002,workqueue_actions_batch_002.csv
47477,4730,5,2026-01-06,REVIEW,2,N,2026-01-12 10:00:00,batch_002,workqueue_actions_batch_002.csv
47478,5261,10,2026-01-07,ESCALATE,3,Y,2026-01-12 10:00:00,batch_002,workqueue_actions_batch_002.csv
47479,4320,17,2026-01-11,CALL,0,N,2026-01-12 10:00:00,batch_002,workqueue_actions_batch_002.csv
47480,2278,18,2026-01-07,ESCALATE,0,N,2026-01-12 10:00:00,batch_002,workqueue_actions_batch_002.csv
47481,3247,20,2026-01-06,CALL,3,Y,2026-01-12 10:00:00,batch_002,workqueue_actions_batch_002.csv
47482,5064,5,2026-01-10,REVIEW,2,Y,2026-01-12 10:00:00,batch_002,workqueue_actions_batch_002.csv
47483,4988,19,2026-01-11,CALL,1,Y,2026-01-12 10:00:00,batch_002,workqueue_actions_batch_002.csv
47484,2015,2,2026-01-11,REVIEW,4,N,2026-01-12 10:00:00,batch_002,workqueue_actions_batch_002.csv
47485,1753,8,2026-01-11,CALL,2,N,2026-01-12 10:00:00,batch_002,workqueue_actions_batch_002.csv
47486,2813,15,2026-01-12,CALL,2,N,2026-01-12 10:00:00,batch_002,workqueue_actions_batch_002.csv
47487,1611,2,2026-01-08,CALL,1,N,2026-01-12 10:00:00,batch_002,workqueue_actions_batch_002.csv
47488,2717,17,2026-01-05,CALL,1,N,2026-01-12 10:00:00,batch_002,workqueue_actions_batch_002.csv
47489,4270,10,2026-01-05,ESCALATE,0,N,2026-01-12 10:00:00,batch_002,workqueue_actions_batch_002.csv
47490,5065,10,2026-01-08,NOTE,1,N,2026-01-12 10:00:00,batch_002,workqueue_actions_batch_002.csv
47491,3818,17,2026-01-09,REVIEW,3,N,2026-01-12 10:00:00,batch_002,workqueue_actions_batch_002.csv
47492,3935,19,2026-01-05,REVIEW,4,Y,2026-01-12 10:00:00,batch_002,workqueue_actions_batch_002.csv
47493,3295,6,2026-01-12,NOTE,1,N,2026-01-12 10:00:00,batch_002,workqueue_actions_batch_002.csv
47494,2738,20,2026-01-08,REVIEW,1,Y,2026-01-12 10:00:00,batch_002,workqueue_actions_batch_002.csv
47495,2846,4,2026-01-09,REVIEW,1,N,2026-01-12 10:00:00,batch_002,workqueue_actions_batch_002.csv
47496,1817,18,2026-01-05,CALL,3,N,2026-01-12 10:00:00,batch_002,workqueue_actions_batch_002.csv
47497,3453,4,2026-01-09,REVIEW,3,Y,2026-01-12 10:00:00,batch_002,workqueue_actions_batch_002.csv
47498,1177,16,2026-01-07,CALL,3,Y,2026-01-12 10:00:00,batch_002,workqueue_actions_batch_002.csv
47499,1316,12,2026-01-12,NOTE,4,Y,2026-01-12 10:00:00,batch_002,workqueue_actions_batch_002.csv
47500,1780,20,2026-01-11,ESCALATE,4,Y,2026-01-12 10:00:00,batch_002,workqueue_actions_batch_002.csv
47501,2309,2,2026-01-06,REVIEW,2,N,2026-01-12 10:00:00,batch_002,workqueue_actions_batch_002.csv
47502,3840,8,2026-01-12,NOTE,4,N,2026-01-12 10:00:00,batch_002,workqueue_actions_batch_002.csv
47503,3624,20,2026-01-07,REVIEW,1,N,2026-01-12 10:00:00,batch_002,workqueue_actions_batch_002.csv
47504,4501,3,2026-01-12,ESCALATE,2,N,2026-01-12 10:00:00,batch_002,workqueue_actions_batch_002.csv
47505,4955,1,2026-01-08,NOTE,2,N,2026-01-12 10:00:00,batch_002,workqueue_actions_batch_002.csv
47506,2672,13,2026-01-07,NOTE,1,N,2026-01-12 10:00:00,batch_002,workqueue_actions_batch_002.csv
47507,3942,16,2026-01-08,CALL,2,N,2026-01-12 10:00:00,batch_002,workqueue_actions_batch_002.csv
47508,1520,20,2026-01-12,CALL,4,N,2026-01-12 10:00:00,batch_002,workqueue_actions_batch_002.csv
47509,3685,3,2026-01-11,REVIEW,4,Y,2026-01-12 10:00:00,batch_002,workqueue_actions_batch_002.csv
47510,5145,6,2026-01-05,NOTE,0,Y,2026-01-12 10:00:00,batch_002,workqueue_actions_batch_002.csv
47511,3486,19,2026-01-12,NOTE,0,Y,2026-01-12 10:00:00,batch_002,workqueue_actions_batch_002.csv
47512,1746,5,2026-01-10,REVIEW,2,N,2026-01-12 10:00:00,batch_002,workqueue_actions_batch_002.csv
47513,2153,15,2026-01-09,ESCALATE,2,Y,2026-01-12 10:00:00,batch_002,workqueue_actions_batch_002.csv
47514,3641,6,2026-01-10,REVIEW,4,Y,2026-01-12 10:00:00,batch_002,workqueue_actions_batch_002.csv
47515,1210,8,2026-01-12,CALL,1,Y,2026-01-12 10:00:00,batch_002,workqueue_actions_batch_002.csv
47516,2142,8,2026-01-08,NOTE,4,N,2026-01-12 10:00:00,batch_002,workqueue_actions_batch_002.csv
47517,1307,7,2026-01-07,NOTE,3,N,2026-01-12 10:00:00,batch_002,workqueue_actions_batch_002.csv
47518,1494,19,2026-01-11,ESCALATE,3,N,2026-01-12 10:00:00,batch_002,workqueue_actions_batch_002.csv
47519,4241,14,2026-01-05,REVIEW,0,N,2026-01-12 10:00:00,batch_002,workqueue_actions_batch_002.csv
47520,2780,15,2026-01-07,ESCALATE,1,N,2026-01-12 10:00:00,batch_002,workqueue_actions_batch_002.csv
47521,4907,5,2026-01-09,CALL,4,Y,2026-01-12 10:00:00,batch_002,workqueue_actions_batch_002.csv
47522,1582,17,2026-01-10,REVIEW,0,N,2026-01-12 10:00:00,batch_002,workqueue_actions_batch_002.csv
47523,3005,10,2026-01-08,NOTE,3,N,2026-01-12 10:00:00,batch_002,workqueue_actions_batch_002.csv
47524,5200,2,2026-01-05,CALL,3,N,2026-01-12 10:00:00,batch_002,workqueue_actions_batch_002.csv
47525,3852,19,2026-01-07,ESCALATE,3,N,2026-01-12 10:00:00,batch_002,workqueue_actions_batch_002.csv
47526,4674,11,2026-01-11,ESCALATE,1,Y,2026-01-12 10:00:00,batch_002,workqueue_actions_batch_002.csv
47527,3785,18,2026-01-11,CALL,0,Y,2026-01-12 10:00:00,batch_002,workqueue_actions_batch_002.csv
47528,1836,17,2026-01-09,CALL,1,Y,2026-01-12 10:00:00,batch_002,workqueue_actions_batch_002.csv
47529,2305,3,2026-01-11,CALL,1,Y,2026-01-12 10:00:00,batch_002,workqueue_actions_batch_002.csv
47530,3742,15,2026-01-10,NOTE,1,Y,2026-01-12 10:00:00,batch_002,workqueue_actions_batch_002.csv
47531,1064,9,2026-01-09,REVIEW,3,N,2026-01-12 10:00:00,batch_002,workqueue_actions_batch_002.csv
47532,1522,17,2026-01-10,NOTE,2,Y,2026-01-12 10:00:00,batch_002,workqueue_actions_batch_002.csv
47533,3749,15,2026-01-06,REVIEW,4,Y,2026-01-12 10:00:00,batch_002,workqueue_actions_batch_002.csv
47534,2010,10,2026-01-12,ESCALATE,2,N,2026-01-12 10:00:00,batch_002,workqueue_actions_batch_002.csv
47535,3915,20,2026-01-07,NOTE,0,N,2026-01-12 10:00:00,batch_002,workqueue_actions_batch_002.csv
47536,1225,6,2026-01-09,REVIEW,3,N,2026-01-12 10:00:00,batch_002,workqueue_actions_batch_002.csv
47537,2204,5,2026-01-06,CALL,3,N,2026-01-12 10:00:00,batch_002,workqueue_actions_batch_002.csv
47538,1293,7,2026-01-12,CALL,0,N,2026-01-12 10:00:00,batch_002,workqueue_actions_batch_002.csv
47539,4790,14,2026-01-11,ESCALATE,3,Y,2026-01-12 10:00:00,batch_002,workqueue_actions_batch_002.csv
47540,1591,4,2026-01-06,ESCALATE,1,N,2026-01-12 10:00:00,batch_002,workqueue_actions_batch_002.csv
47541,1151,12,2026-01-12,REVIEW,2,Y,2026-01-12 10:00:00,batch_002,workqueue_actions_batch_002.csv
47542,4598,14,2026-01-10,REVIEW,1,Y,2026-01-12 10:00:00,batch_002,workqueue_actions_batch_002.csv
47543,1472,2,2026-01-06,REVIEW,4,Y,2026-01-12 10:00:00,batch_002,workqueue_actions_batch_002.csv
47544,3442,16,2026-01-05,ESCALATE,0,N,2026-01-12 10:00:00,batch_002,workqueue_actions_batch_002.csv
47545,2384,1,2026-01-05,ESCALATE,2,N,2026-01-12 10:00:00,batch_002,workqueue_actions_batch_002.csv
47546,2038,6,2026-01-07,REVIEW,2,N,2026-01-12 10:00:00,batch_002,workqueue_actions_batch_002.csv
47547,4713,1,2026-01-05,NOTE,4,N,2026-01-12 10:00:00,batch_002,workqueue_actions_batch_002.csv
47548,4279,12,2026-01-11,CALL,3,N,2026-01-12 10:00:00,batch_002,workqueue_actions_batch_002.csv
47549,4853,6,2026-01-09,CALL,2,Y,2026-01-12 10:00:00,batch_002,workqueue_actions_batch_002.csv
47550,4638,10,2026-01-10,NOTE,1,Y,2026-01-12 10:00:00,batch_002,workqueue_actions_batch_002.csv
47551,4992,16,2026-01-11,ESCALATE,4,Y,2026-01-12 10:00:00,batch_002,workqueue_actions_batch_002.csv
47552,5093,20,2026-01-06,ESCALATE,4,Y,2026-01-12 10:00:00,batch_002,workqueue_actions_batch_002.csv
47553,1285,11,2026-01-05,NOTE,3,Y,2026-01-12 10:00:00,batch_002,workqueue_actions_batch_002.csv
47554,3406,2,2026-01-12,CALL,3,Y,2026-01-12 10:00:00,batch_002,workqueue_actions_batch_002.csv
47555,2554,8,2026-01-08,CALL,0,Y,2026-01-12 10:00:00,batch_002,workqueue_actions_batch_002.csv
47556,1756,17,2026-01-12,NOTE,2,Y,2026-01-12 10:00:00,batch_002,workqueue_actions_batch_002.csv
47557,4005,1,2026-01-12,CALL,2,Y,2026-01-12 10:00:00,batch_002,workqueue_actions_batch_002.csv
47558,3924,14,2026-01-10,NOTE,0,N,2026-01-12 10:00:00,batch_002,workqueue_actions_batch_002.csv
47559,4292,4,2026-01-08,CALL,2,Y,2026-01-12 10:00:00,batch_002,workqueue_actions_batch_002.csv
47560,2456,4,2026-01-06,CALL,2,N,2026-01-12 10:00:00,batch_002,workqueue_actions_batch_002.csv
47561,1354,2,2026-01-08,ESCALATE,1,Y,2026-01-12 10:00:00,batch_002,workqueue_actions_batch_002.csv
47562,1966,16,2026-01-08,REVIEW,2,N,2026-01-12 10:00:00,batch_002,workqueue_actions_batch_002.csv
47563,3250,1,2026-01-11,ESCALATE,0,N,2026-01-12 10:00:00,batch_002,workqueue_actions_batch_002.csv
47564,1151,13,2026-01-06,REVIEW,2,Y,2026-01-12 10:00:00,batch_002,workqueue_actions_batch_002.csv
47565,2440,20,2026-01-09,CALL,3,Y,2026-01-12 10:00:00,batch_002,workqueue_actions_batch_002.csv
47566,4895,7,2026-01-07,ESCALATE,4,Y,2026-01-12 10:00:00,batch_002,workqueue_actions_batch_002.csv
47567,3453,17,2026-01-07,ESCALATE,1,N,2026-01-12 10:00:00,batch_002,workqueue_actions_batch_002.csv
47568,3328,8,2026-01-06,NOTE,1,Y,2026-01-12 10:00:00,batch_002,workqueue_actions_batch_002.csv
47569,3551,6,2026-01-07,CALL,3,Y,2026-01-12 10:00:00,batch_002,workqueue_actions_batch_002.csv
47570,1121,13,2026-01-06,NOTE,4,N,2026-01-12 10:00:00,batch_002,workqueue_actions_batch_002.csv
47571,2115,6,2026-01-08,NOTE,0,Y,2026-01-12 10:00:00,batch_002,workqueue_actions_batch_002.csv
47572,3487,12,2026-01-07,ESCALATE,1,Y,2026-01-12 10:00:00,batch_002,workqueue_actions_batch_002.csv
47573,1408,18,2026-01-06,NOTE,2,N,2026-01-12 10:00:00,batch_002,workqueue_actions_batch_002.csv
47574,4851,2,2026-01-08,REVIEW,0,Y,2026-01-12 10:00:00,batch_002,workqueue_actions_batch_002.csv
47575,3362,18,2026-01-08,CALL,4,Y,2026-01-12 10:00:00,batch_002,workqueue_actions_batch_002.csv
47576,1218,6,2026-01-05,CALL,1,N,2026-01-12 10:00:00,batch_002,workqueue_actions_batch_002.csv
47577,2521,1,2026-01-11,NOTE,4,N,2026-01-12 10:00:00,batch_002,workqueue_actions_batch_002.csv
47578,5116,1,2026-01-11,ESCALATE,1,N,2026-01-12 10:00:00,batch_002,workqueue_actions_batch_002.csv
47579,3449,18,2026-01-11,CALL,2,Y,2026-01-12 10:00:00,batch_002,workqueue_actions_batch_002.csv
47580,3037,20,2026-01-09,NOTE,3,Y,2026-01-12 10:00:00,batch_002,workqueue_actions_batch_002.csv
47581,1264,18,2026-01-07,CALL,3,Y,2026-01-12 10:00:00,batch_002,workqueue_actions_batch_002.csv
47582,1191,20,2026-01-08,CALL,0,Y,2026-01-12 10:00:00,batch_002,workqueue_actions_batch_002.csv
47583,2027,7,2026-01-10,NOTE,4,Y,2026-01-12 10:00:00,batch_002,workqueue_actions_batch_002.csv
47584,2850,15,2026-01-12,ESCALATE,2,Y,2026-01-12 10:00:00,batch_002,workqueue_actions_batch_002.csv
47585,4336,14,2026-01-06,NOTE,4,Y,2026-01-12 10:00:00,batch_002,workqueue_actions_batch_002.csv
47586,4702,17,2026-01-07,CALL,4,Y,2026-01-12 10:00:00,batch_002,workqueue_actions_batch_002.csv
47587,3613,12,2026-01-05,NOTE,2,N,2026-01-12 10:00:00,batch_002,workqueue_actions_batch_002.csv
47588,4902,20,2026-01-09,NOTE,4,N,2026-01-12 10:00:00,batch_002,workqueue_actions_batch_002.csv
47589,4905,18,2026-01-05,REVIEW,0,Y,2026-01-12 10:00:00,batch_002,workqueue_actions_batch_002.csv
47590,4464,5,2026-01-09,REVIEW,3,N,2026-01-12 10:00:00,batch_002,workqueue_actions_batch_002.csv
47591,3008,10,2026-01-12,CALL,1,N,2026-01-12 10:00:00,batch_002,workqueue_actions_batch_002.csv
47592,1605,8,2026-01-08,CALL,0,N,2026-01-12 10:00:00,batch_002,workqueue_actions_batch_002.csv
47593,2892,14,2026-01-10,REVIEW,1,N,2026-01-12 10:00:00,batch_002,workqueue_actions_batch_002.csv
47594,1241,20,2026-01-08,ESCALATE,2,N,2026-01-12 10:00:00,batch_002,workqueue_actions_batch_002.csv
47595,1236,16,2026-01-09,CALL,1,Y,2026-01-12 10:00:00,batch_002,workqueue_actions_batch_002.csv
47596,3503,10,2026-01-07,REVIEW,2,N,2026-01-12 10:00:00,batch_002,workqueue_actions_batch_002.csv
47597,4302,15,2026-01-06,CALL,1,Y,2026-01-12 10:00:00,batch_002,workqueue_actions_batch_002.csv
47598,4242,20,2026-01-10,NOTE,1,N,2026-01-12 10:00:00,batch_002,workqueue_actions_batch_002.csv
47599,2534,14,2026-01-10,ESCALATE,3,N,2026-01-12 10:00:00,batch_002,workqueue_actions_batch_002.csv
47600,3154,9,2026-01-12,ESCALATE,4,N,2026-01-12 10:00:00,batch_002,workqueue_actions_batch_002.csv
47601,4840,14,2026-01-09,REVIEW,3,N,2026-01-12 10:00:00,batch_002,workqueue_actions_batch_002.csv
47602,3104,1,2026-01-06,NOTE,4,Y,2026-01-12 10:00:00,batch_002,workqueue_actions_batch_002.csv
47603,4187,4,2026-01-12,REVIEW,4,N,2026-01-12 10:00:00,batch_002,workqueue_actions_batch_002.csv
47604,4954,10,2026-01-11,ESCALATE,2,N,2026-01-12 10:00:00,batch_002,workqueue_actions_batch_002.csv
47605,4213,19,2026-01-07,CALL,3,N,2026-01-12 10:00:00,batch_002,workqueue_actions_batch_002.csv
47606,3220,6,2026-01-05,NOTE,1,N,2026-01-12 10:00:00,batch_002,workqueue_actions_batch_002.csv
47607,4906,16,2026-01-09,CALL,0,Y,2026-01-12 10:00:00,batch_002,workqueue_actions_batch_002.csv
47608,1042,9,2026-01-11,REVIEW,1,N,2026-01-12 10:00:00,batch_002,workqueue_actions_batch_002.csv
47609,1138,11,2026-01-09,CALL,0,Y,2026-01-12 10:00:00,batch_002,workqueue_actions_batch_002.csv
47610,3728,17,2026-01-10,NOTE,4,N,2026-01-12 10:00:00,batch_002,workqueue_actions_batch_002.csv
47611,1918,7,2026-01-08,NOTE,3,Y,2026-01-12 10:00:00,batch_002,workqueue_actions_batch_002.csv
47612,2837,12,2026-01-10,ESCALATE,0,N,2026-01-12 10:00:00,batch_002,workqueue_actions_batch_002.csv
47613,1927,6,2026-01-08,CALL,0,N,2026-01-12 10:00:00,batch_002,workqueue_actions_batch_002.csv
47614,4519,12,2026-01-06,ESCALATE,3,N,2026-01-12 10:00:00,batch_002,workqueue_actions_batch_002.csv
47615,1884,2,2026-01-09,ESCALATE,3,N,2026-01-12 10:00:00,batch_002,workqueue_actions_batch_002.csv
47616,4184,19,2026-01-09,ESCALATE,1,N,2026-01-12 10:00:00,batch_002,workqueue_actions_batch_002.csv
47617,3065,18,2026-01-08,ESCALATE,1,Y,2026-01-12 10:00:00,batch_002,workqueue_actions_batch_002.csv
47618,4926,19,2026-01-07,ESCALATE,4,N,2026-01-12 10:00:00,batch_002,workqueue_actions_batch_002.csv
47619,3403,20,2026-01-12,REVIEW,2,Y,2026-01-12 10:00:00,batch_002,workqueue_actions_batch_002.csv
47620,4653,5,2026-01-09,ESCALATE,1,Y,2026-01-12 10:00:00,batch_002,workqueue_actions_batch_002.csv
47621,3856,10,2026-01-10,NOTE,4,N,2026-01-12 10:00:00,batch_002,workqueue_actions_batch_002.csv
47622,4839,7,2026-01-06,CALL,2,Y,2026-01-12 10:00:00,batch_002,workqueue_actions_batch_002.csv
47623,4695,13,2026-01-09,REVIEW,4,Y,2026-01-12 10:00:00,batch_002,workqueue_actions_batch_002.csv
47624,3293,15,2026-01-10,NOTE,1,Y,2026-01-12 10:00:00,batch_002,workqueue_actions_batch_002.csv
47625,2341,9,2026-01-05,NOTE,1,N,2026-01-12 10:00:00,batch_002,workqueue_actions_batch_002.csv
47626,3434,13,2026-01-08,NOTE,0,N,2026-01-12 10:00:00,batch_002,workqueue_actions_batch_002.csv
47627,5291,2,2026-01-07,REVIEW,4,N,2026-01-12 10:00:00,batch_002,workqueue_actions_batch_002.csv
47628,1697,6,2026-01-10,REVIEW,2,N,2026-01-12 10:00:00,batch_002,workqueue_actions_batch_002.csv
47629,2591,17,2026-01-07,CALL,0,N,2026-01-12 10:00:00,batch_002,workqueue_actions_batch_002.csv
47630,2286,2,2026-01-10,REVIEW,0,N,2026-01-12 10:00:00,batch_002,workqueue_actions_batch_002.csv
47631,2189,9,2026-01-10,REVIEW,2,Y,2026-01-12 10:00:00,batch_002,workqueue_actions_batch_002.csv
47632,5045,8,2026-01-09,CALL,0,N,2026-01-12 10:00:00,batch_002,workqueue_actions_batch_002.csv
47633,4081,18,2026-01-09,ESCALATE,0,N,2026-01-12 10:00:00,batch_002,workqueue_actions_batch_002.csv
47634,4007,2,2026-01-06,REVIEW,1,N,2026-01-12 10:00:00,batch_002,workqueue_actions_batch_002.csv
47635,1540,8,2026-01-06,NOTE,1,N,2026-01-12 10:00:00,batch_002,workqueue_actions_batch_002.csv
47636,1265,1,2026-01-10,CALL,1,Y,2026-01-12 10:00:00,batch_002,workqueue_actions_batch_002.csv
47637,3357,20,2026-01-07,ESCALATE,3,N,2026-01-12 10:00:00,batch_002,workqueue_actions_batch_002.csv
47638,4663,18,2026-01-11,NOTE,1,Y,2026-01-12 10:00:00,batch_002,workqueue_actions_batch_002.csv
47639,2232,6,2026-01-05,CALL,1,N,2026-01-12 10:00:00,batch_002,workqueue_actions_batch_002.csv
47640,1692,18,2026-01-11,CALL,1,N,2026-01-12 10:00:00,batch_002,workqueue_actions_batch_002.csv
47641,2798,13,2026-01-05,NOTE,3,N,2026-01-12 10:00:00,batch_002,workqueue_actions_batch_002.csv
47642,5077,13,2026-01-05,ESCALATE,3,Y,2026-01-12 10:00:00,batch_002,workqueue_actions_batch_002.csv
47643,2096,17,2026-01-12,CALL,4,N,2026-01-12 10:00:00,batch_002,workqueue_actions_batch_002.csv
47644,3717,4,2026-01-08,ESCALATE,1,Y,2026-01-12 10:00:00,batch_002,workqueue_actions_batch_002.csv
47645,1662,3,2026-01-07,NOTE,1,Y,2026-01-12 10:00:00,batch_002,workqueue_actions_batch_002.csv
47646,3532,14,2026-01-10,NOTE,4,N,2026-01-12 10:00:00,batch_002,workqueue_actions_batch_002.csv
47647,5055,18,2026-01-09,CALL,1,N,2026-01-12 10:00:00,batch_002,workqueue_actions_batch_002.csv
47648,1702,12,2026-01-08,REVIEW,1,Y,2026-01-12 10:00:00,batch_002,workqueue_actions_batch_002.csv
47649,3425,9,2026-01-12,NOTE,4,N,2026-01-12 10:00:00,batch_002,workqueue_actions_batch_002.csv
47650,1983,14,2026-01-07,REVIEW,1,Y,2026-01-12 10:00:00,batch_002,workqueue_actions_batch_002.csv
47651,3065,1,2026-01-07,ESCALATE,2,N,2026-01-12 10:00:00,batch_002,workqueue_actions_batch_002.csv
47652,1447,3,2026-01-06,CALL,0,N,2026-01-12 10:00:00,batch_002,workqueue_actions_batch_002.csv
47653,3367,20,2026-01-07,CALL,4,Y,2026-01-12 10:00:00,batch_002,workqueue_actions_batch_002.csv
47654,4807,6,2026-01-06,REVIEW,1,Y,2026-01-12 10:00:00,batch_002,workqueue_actions_batch_002.csv
47655,2194,15,2026-01-09,CALL,4,N,2026-01-12 10:00:00,batch_002,workqueue_actions_batch_002.csv
47656,1921,8,2026-01-09,NOTE,3,N,2026-01-12 10:00:00,batch_002,workqueue_actions_batch_002.csv
47657,4964,15,2026-01-12,NOTE,4,N,2026-01-12 10:00:00,batch_002,workqueue_actions_batch_002.csv
47658,3506,10,2026-01-11,CALL,2,N,2026-01-12 10:00:00,batch_002,workqueue_actions_batch_002.csv
47659,2158,12,2026-01-06,REVIEW,1,N,2026-01-12 10:00:00,batch_002,workqueue_actions_batch_002.csv
47660,4763,9,2026-01-09,ESCALATE,4,N,2026-01-12 10:00:00,batch_002,workqueue_actions_batch_002.csv
47661,4080,15,2026-01-10,CALL,4,N,2026-01-12 10:00:00,batch_002,workqueue_actions_batch_002.csv
47662,1286,13,2026-01-08,REVIEW,3,N,2026-01-12 10:00:00,batch_002,workqueue_actions_batch_002.csv
47663,3913,19,2026-01-10,CALL,3,N,2026-01-12 10:00:00,batch_002,workqueue_actions_batch_002.csv
47664,1356,7,2026-01-07,ESCALATE,1,Y,2026-01-12 10:00:00,batch_002,workqueue_actions_batch_002.csv
47665,4180,15,2026-01-07,ESCALATE,0,N,2026-01-12 10:00:00,batch_002,workqueue_actions_batch_002.csv
47666,4288,4,2026-01-06,REVIEW,3,Y,2026-01-12 10:00:00,batch_002,workqueue_actions_batch_002.csv
47667,3714,4,2026-01-09,REVIEW,0,Y,2026-01-12 10:00:00,batch_002,workqueue_actions_batch_002.csv
47668,4074,19,2026-01-08,REVIEW,3,Y,2026-01-12 10:00:00,batch_002,workqueue_actions_batch_002.csv
47669,4558,16,2026-01-11,CALL,2,N,2026-01-12 10:00:00,batch_002,workqueue_actions_batch_002.csv
47670,1916,16,2026-01-10,CALL,0,N,2026-01-12 10:00:00,batch_002,workqueue_actions_batch_002.csv
47671,2451,2,2026-01-09,CALL,4,N,2026-01-12 10:00:00,batch_002,workqueue_actions_batch_002.csv
47672,1988,18,2026-01-05,CALL,1,N,2026-01-12 10:00:00,batch_002,workqueue_actions_batch_002.csv
47673,5071,16,2026-01-12,CALL,2,N,2026-01-12 10:00:00,batch_002,workqueue_actions_batch_002.csv
47674,3011,12,2026-01-05,REVIEW,0,N,2026-01-12 10:00:00,batch_002,workqueue_actions_batch_002.csv
47675,3775,19,2026-01-10,ESCALATE,3,N,2026-01-12 10:00:00,batch_002,workqueue_actions_batch_002.csv
47676,1344,13,2026-01-11,NOTE,2,Y,2026-01-12 10:00:00,batch_002,workqueue_actions_batch_002.csv
47677,3398,7,2026-01-10,REVIEW,3,Y,2026-01-12 10:00:00,batch_002,workqueue_actions_batch_002.csv
47678,4644,18,2026-01-06,CALL,0,Y,2026-01-12 10:00:00,batch_002,workqueue_actions_batch_002.csv
47679,4510,13,2026-01-10,ESCALATE,2,N,2026-01-12 10:00:00,batch_002,workqueue_actions_batch_002.csv
47680,4500,11,2026-01-12,ESCALATE,3,Y,2026-01-12 10:00:00,batch_002,workqueue_actions_batch_002.csv
47681,4095,13,2026-01-08,NOTE,1,N,2026-01-12 10:00:00,batch_002,workqueue_actions_batch_002.csv
47682,3745,11,2026-01-12,NOTE,0,Y,2026-01-12 10:00:00,batch_002,workqueue_actions_batch_002.csv
47683,5186,4,2026-01-09,ESCALATE,1,N,2026-01-12 10:00:00,batch_002,workqueue_actions_batch_002.csv
47684,3864,6,2026-01-11,ESCALATE,4,N,2026-01-12 10:00:00,batch_002,workqueue_actions_batch_002.csv
47685,5280,4,2026-01-12,NOTE,4,Y,2026-01-12 10:00:00,batch_002,workqueue_actions_batch_002.csv
47686,1682,19,2026-01-05,ESCALATE,3,N,2026-01-12 10:00:00,batch_002,workqueue_actions_batch_002.csv
47687,2473,10,2026-01-07,NOTE,4,N,2026-01-12 10:00:00,batch_002,workqueue_actions_batch_002.csv
47688,3918,12,2026-01-07,CALL,4,Y,2026-01-12 10:00:00,batch_002,workqueue_actions_batch_002.csv
47689,1770,13,2026-01-07,ESCALATE,1,N,2026-01-12 10:00:00,batch_002,workqueue_actions_batch_002.csv
47690,1267,17,2026-01-08,NOTE,4,Y,2026-01-12 10:00:00,batch_002,workqueue_actions_batch_002.csv
47691,4879,13,2026-01-07,REVIEW,3,Y,2026-01-12 10:00:00,batch_002,workqueue_actions_batch_002.csv
47692,1494,4,2026-01-11,NOTE,4,Y,2026-01-12 10:00:00,batch_002,workqueue_actions_batch_002.csv
47693,3600,8,2026-01-07,CALL,4,Y,2026-01-12 10:00:00,batch_002,workqueue_actions_batch_002.csv
47694,3125,9,2026-01-10,NOTE,3,N,2026-01-12 10:00:00,batch_002,workqueue_actions_batch_002.csv
47695,3023,12,2026-01-08,NOTE,2,Y,2026-01-12 10:00:00,batch_002,workqueue_actions_batch_002.csv
47696,2090,13,2026-01-10,CALL,4,N,2026-01-12 10:00:00,batch_002,workqueue_actions_batch_002.csv
47697,4508,9,2026-01-05,NOTE,2,Y,2026-01-12 10:00:00,batch_002,workqueue_actions_batch_002.csv
47698,4655,1,2026-01-09,CALL,2,N,2026-01-12 10:00:00,batch_002,workqueue_actions_batch_002.csv
47699,4613,20,2026-01-06,REVIEW,2,Y,2026-01-12 10:00:00,batch_002,workqueue_actions_batch_002.csv
47700,5196,9,2026-01-05,CALL,1,N,2026-01-12 10:00:00,batch_002,workqueue_actions_batch_002.csv
47701,4781,17,2026-01-09,ESCALATE,4,Y,2026-01-12 10:00:00,batch_002,workqueue_actions_batch_002.csv
47702,4763,7,2026-01-12,REVIEW,3,Y,2026-01-12 10:00:00,batch_002,workqueue_actions_batch_002.csv
47703,1585,3,2026-01-10,REVIEW,1,N,2026-01-12 10:00:00,batch_002,workqueue_actions_batch_002.csv
47704,5085,18,2026-01-05,NOTE,2,N,2026-01-12 10:00:00,batch_002,workqueue_actions_batch_002.csv
47705,2751,17,2026-01-05,NOTE,3,Y,2026-01-12 10:00:00,batch_002,workqueue_actions_batch_002.csv
47706,4684,6,2026-01-08,REVIEW,4,Y,2026-01-12 10:00:00,batch_002,workqueue_actions_batch_002.csv
47707,2932,13,2026-01-08,NOTE,2,Y,2026-01-12 10:00:00,batch_002,workqueue_actions_batch_002.csv
47708,5143,19,2026-01-05,CALL,4,Y,2026-01-12 10:00:00,batch_002,workqueue_actions_batch_002.csv
47709,4872,9,2026-01-07,REVIEW,1,Y,2026-01-12 10:00:00,batch_002,workqueue_actions_batch_002.csv
47710,3523,1,2026-01-07,ESCALATE,2,N,2026-01-12 10:00:00,batch_002,workqueue_actions_batch_002.csv
47711,3167,11,2026-01-12,REVIEW,4,Y,2026-01-12 10:00:00,batch_002,workqueue_actions_batch_002.csv
47712,2682,18,2026-01-05,ESCALATE,4,Y,2026-01-12 10:00:00,batch_002,workqueue_actions_batch_002.csv
47713,3342,17,2026-01-07,REVIEW,4,N,2026-01-12 10:00:00,batch_002,workqueue_actions_batch_002.csv
47714,1082,14,2026-01-10,ESCALATE,4,N,2026-01-12 10:00:00,batch_002,workqueue_actions_batch_002.csv
47715,3039,14,2026-01-06,NOTE,3,Y,2026-01-12 10:00:00,batch_002,workqueue_actions_batch_002.csv
47716,4232,19,2026-01-09,NOTE,1,N,2026-01-12 10:00:00,batch_002,workqueue_actions_batch_002.csv
47717,2137,9,2026-01-05,NOTE,0,N,2026-01-12 10:00:00,batch_002,workqueue_actions_batch_002.csv
47718,3589,1,2026-01-07,CALL,0,N,2026-01-12 10:00:00,batch_002,workqueue_actions_batch_002.csv
47719,3550,15,2026-01-08,ESCALATE,1,N,2026-01-12 10:00:00,batch_002,workqueue_actions_batch_002.csv
47720,3986,6,2026-01-08,REVIEW,1,Y,2026-01-12 10:00:00,batch_002,workqueue_actions_batch_002.csv
47721,3786,16,2026-01-07,ESCALATE,0,Y,2026-01-12 10:00:00,batch_002,workqueue_actions_batch_002.csv
47722,3095,4,2026-01-12,REVIEW,3,Y,2026-01-12 10:00:00,batch_002,workqueue_actions_batch_002.csv
47723,2285,1,2026-01-06,NOTE,2,Y,2026-01-12 10:00:00,batch_002,workqueue_actions_batch_002.csv
47724,1184,20,2026-01-11,REVIEW,4,Y,2026-01-12 10:00:00,batch_002,workqueue_actions_batch_002.csv
47725,5071,11,2026-01-08,NOTE,3,Y,2026-01-12 10:00:00,batch_002,workqueue_actions_batch_002.csv
47726,5295,7,2026-01-07,NOTE,2,N,2026-01-12 10:00:00,batch_002,workqueue_actions_batch_002.csv
47727,2592,1,2026-01-10,CALL,4,N,2026-01-12 10:00:00,batch_002,workqueue_actions_batch_002.csv
47728,4537,2,2026-01-10,ESCALATE,4,N,2026-01-12 10:00:00,batch_002,workqueue_actions_batch_002.csv
47729,1454,20,2026-01-10,NOTE,2,Y,2026-01-12 10:00:00,batch_002,workqueue_actions_batch_002.csv
47730,1268,15,2026-01-08,CALL,1,N,2026-01-12 10:00:00,batch_002,workqueue_actions_batch_002.csv
47731,5111,9,2026-01-08,ESCALATE,1,N,2026-01-12 10:00:00,batch_002,workqueue_actions_batch_002.csv
47732,4337,10,2026-01-08,ESCALATE,1,Y,2026-01-12 10:00:00,batch_002,workqueue_actions_batch_002.csv
47733,5290,5,2026-01-11,ESCALATE,3,N,2026-01-12 10:00:00,batch_002,workqueue_actions_batch_002.csv
47734,1023,19,2026-01-09,NOTE,1,N,2026-01-12 10:00:00,batch_002,workqueue_actions_batch_002.csv
47735,4647,11,2026-01-07,ESCALATE,0,Y,2026-01-12 10:00:00,batch_002,workqueue_actions_batch_002.csv
47736,3623,8,2026-01-08,NOTE,0,N,2026-01-12 10:00:00,batch_002,workqueue_actions_batch_002.csv
47737,2936,20,2026-01-10,CALL,1,Y,2026-01-12 10:00:00,batch_002,workqueue_actions_batch_002.csv
47738,4272,18,2026-01-10,CALL,2,Y,2026-01-12 10:00:00,batch_002,workqueue_actions_batch_002.csv
47739,2402,4,2026-01-12,REVIEW,1,N,2026-01-12 10:00:00,batch_002,workqueue_actions_batch_002.csv
47740,3299,2,2026-01-06,REVIEW,1,Y,2026-01-12 10:00:00,batch_002,workqueue_actions_batch_002.csv
47741,1161,11,2026-01-06,NOTE,0,Y,2026-01-12 10:00:00,batch_002,workqueue_actions_batch_002.csv
47742,5173,2,2026-01-12,CALL,4,N,2026-01-12 10:00:00,batch_002,workqueue_actions_batch_002.csv
47743,4597,3,2026-01-10,ESCALATE,0,N,2026-01-12 10:00:00,batch_002,workqueue_actions_batch_002.csv
47744,3250,11,2026-01-12,REVIEW,0,Y,2026-01-12 10:00:00,batch_002,workqueue_actions_batch_002.csv
47745,1802,1,2026-01-05,ESCALATE,0,Y,2026-01-12 10:00:00,batch_002,workqueue_actions_batch_002.csv
47746,1738,9,2026-01-07,CALL,0,N,2026-01-12 10:00:00,batch_002,workqueue_actions_batch_002.csv
47747,2112,6,2026-01-10,CALL,2,N,2026-01-12 10:00:00,batch_002,workqueue_actions_batch_002.csv
47748,2324,14,2026-01-07,ESCALATE,1,N,2026-01-12 10:00:00,batch_002,workqueue_actions_batch_002.csv
47749,2762,11,2026-01-09,ESCALATE,2,N,2026-01-12 10:00:00,batch_002,workqueue_actions_batch_002.csv
47750,3997,11,2026-01-05,ESCALATE,0,N,2026-01-12 10:00:00,batch_002,workqueue_actions_batch_002.csv
47751,1260,10,2026-01-10,REVIEW,3,Y,2026-01-12 10:00:00,batch_002,workqueue_actions_batch_002.csv
47752,3494,2,2026-01-12,ESCALATE,1,N,2026-01-12 10:00:00,batch_002,workqueue_actions_batch_002.csv
47753,1541,8,2026-01-05,CALL,3,Y,2026-01-12 10:00:00,batch_002,workqueue_actions_batch_002.csv
47754,2375,11,2026-01-08,CALL,1,Y,2026-01-12 10:00:00,batch_002,workqueue_actions_batch_002.csv
47755,4274,10,2026-01-08,CALL,4,Y,2026-01-12 10:00:00,batch_002,workqueue_actions_batch_002.csv
47756,1513,10,2026-01-05,NOTE,4,N,2026-01-12 10:00:00,batch_002,workqueue_actions_batch_002.csv
47757,3245,19,2026-01-05,CALL,4,Y,2026-01-12 10:00:00,batch_002,workqueue_actions_batch_002.csv
47758,3841,9,2026-01-12,ESCALATE,0,Y,2026-01-12 10:00:00,batch_002,workqueue_actions_batch_002.csv
47759,2106,7,2026-01-10,ESCALATE,3,N,2026-01-12 10:00:00,batch_002,workqueue_actions_batch_002.csv
47760,3158,8,2026-01-05,REVIEW,1,Y,2026-01-12 10:00:00,batch_002,workqueue_actions_batch_002.csv
47761,1526,10,2026-01-11,REVIEW,2,Y,2026-01-12 10:00:00,batch_002,workqueue_actions_batch_002.csv
47762,4012,15,2026-01-05,REVIEW,0,N,2026-01-12 10:00:00,batch_002,workqueue_actions_batch_002.csv
47763,4737,4,2026-01-10,ESCALATE,1,Y,2026-01-12 10:00:00,batch_002,workqueue_actions_batch_002.csv
47764,4032,19,2026-01-11,REVIEW,2,Y,2026-01-12 10:00:00,batch_002,workqueue_actions_batch_002.csv
47765,1225,18,2026-01-11,CALL,0,Y,2026-01-12 10:00:00,batch_002,workqueue_actions_batch_002.csv
47766,5013,11,2026-01-10,REVIEW,1,N,2026-01-12 10:00:00,batch_002,workqueue_actions_batch_002.csv
47767,5187,1,2026-01-06,ESCALATE,2,N,2026-01-12 10:00:00,batch_002,workqueue_actions_batch_002.csv
47768,2690,9,2026-01-08,NOTE,0,Y,2026-01-12 10:00:00,batch_002,workqueue_actions_batch_002.csv
47769,4783,11,2026-01-08,NOTE,0,Y,2026-01-12 10:00:00,batch_002,workqueue_actions_batch_002.csv
47770,3786,10,2026-01-09,CALL,3,N,2026-01-12 10:00:00,batch_002,workqueue_actions_batch_002.csv
47771,2711,1,2026-01-10,REVIEW,1,N,2026-01-12 10:00:00,batch_002,workqueue_actions_batch_002.csv
47772,3443,17,2026-01-10,ESCALATE,1,N,2026-01-12 10:00:00,batch_002,workqueue_actions_batch_002.csv
47773,1098,14,2026-01-12,NOTE,3,N,2026-01-12 10:00:00,batch_002,workqueue_actions_batch_002.csv
47774,1946,12,2026-01-06,REVIEW,4,Y,2026-01-12 10:00:00,batch_002,workqueue_actions_batch_002.csv
47775,1402,16,2026-01-08,NOTE,2,N,2026-01-12 10:00:00,batch_002,workqueue_actions_batch_002.csv
47776,5000,7,2026-01-09,NOTE,4,Y,2026-01-12 10:00:00,batch_002,workqueue_actions_batch_002.csv
47777,3962,11,2026-01-10,ESCALATE,0,N,2026-01-12 10:00:00,batch_002,workqueue_actions_batch_002.csv
47778,2478,12,2026-01-07,CALL,2,N,2026-01-12 10:00:00,batch_002,workqueue_actions_batch_002.csv
47779,1122,14,2026-01-12,NOTE,1,Y,2026-01-12 10:00:00,batch_002,workqueue_actions_batch_002.csv
47780,3857,9,2026-01-11,ESCALATE,4,Y,2026-01-12 10:00:00,batch_002,workqueue_actions_batch_002.csv
47781,3854,20,2026-01-10,CALL,0,Y,2026-01-12 10:00:00,batch_002,workqueue_actions_batch_002.csv
47782,3692,16,2026-01-07,REVIEW,2,N,2026-01-12 10:00:00,batch_002,workqueue_actions_batch_002.csv
47783,5127,16,2026-01-11,ESCALATE,0,Y,2026-01-12 10:00:00,batch_002,workqueue_actions_batch_002.csv
47784,1508,7,2026-01-11,ESCALATE,2,Y,2026-01-12 10:00:00,batch_002,workqueue_actions_batch_002.csv
47785,1252,5,2026-01-07,REVIEW,3,N,2026-01-12 10:00:00,batch_002,workqueue_actions_batch_002.csv
47786,2591,14,2026-01-05,CALL,0,Y,2026-01-12 10:00:00,batch_002,workqueue_actions_batch_002.csv
47787,3580,5,2026-01-09,CALL,1,Y,2026-01-12 10:00:00,batch_002,workqueue_actions_batch_002.csv
47788,1859,3,2026-01-08,REVIEW,4,Y,2026-01-12 10:00:00,batch_002,workqueue_actions_batch_002.csv
47789,4493,1,2026-01-07,REVIEW,3,Y,2026-01-12 10:00:00,batch_002,workqueue_actions_batch_002.csv
47790,2490,16,2026-01-11,REVIEW,3,Y,2026-01-12 10:00:00,batch_002,workqueue_actions_batch_002.csv
47791,4093,11,2026-01-07,NOTE,3,Y,2026-01-12 10:00:00,batch_002,workqueue_actions_batch_002.csv
47792,4087,13,2026-01-05,CALL,0,N,2026-01-12 10:00:00,batch_002,workqueue_actions_batch_002.csv
47793,4122,10,2026-01-09,CALL,4,Y,2026-01-12 10:00:00,batch_002,workqueue_actions_batch_002.csv
47794,2640,17,2026-01-12,ESCALATE,0,N,2026-01-12 10:00:00,batch_002,workqueue_actions_batch_002.csv
47795,3945,14,2026-01-06,NOTE,0,Y,2026-01-12 10:00:00,batch_002,workqueue_actions_batch_002.csv
47796,1786,20,2026-01-07,NOTE,4,Y,2026-01-12 10:00:00,batch_002,workqueue_actions_batch_002.csv
47797,4643,1,2026-01-07,ESCALATE,4,Y,2026-01-12 10:00:00,batch_002,workqueue_actions_batch_002.csv
47798,3823,20,2026-01-11,CALL,3,N,2026-01-12 10:00:00,batch_002,workqueue_actions_batch_002.csv
47799,2546,10,2026-01-12,REVIEW,3,Y,2026-01-12 10:00:00,batch_002,workqueue_actions_batch_002.csv
47800,2009,20,2026-01-10,NOTE,2,N,2026-01-12 10:00:00,batch_002,workqueue_actions_batch_002.csv
47801,3547,3,2026-01-09,ESCALATE,1,Y,2026-01-12 10:00:00,batch_002,workqueue_actions_batch_002.csv
47802,4277,17,2026-01-09,ESCALATE,2,Y,2026-01-12 10:00:00,batch_002,workqueue_actions_batch_002.csv
47803,1978,18,2026-01-07,ESCALATE,3,N,2026-01-12 10:00:00,batch_002,workqueue_actions_batch_002.csv
47804,1488,17,2026-01-11,CALL,1,N,2026-01-12 10:00:00,batch_002,workqueue_actions_batch_002.csv
47805,3869,19,2026-01-06,NOTE,2,Y,2026-01-12 10:00:00,batch_002,workqueue_actions_batch_002.csv
47806,3851,11,2026-01-11,CALL,4,Y,2026-01-12 10:00:00,batch_002,workqueue_actions_batch_002.csv
47807,2854,20,2026-01-10,CALL,4,N,2026-01-12 10:00:00,batch_002,workqueue_actions_batch_002.csv
47808,1836,17,2026-01-11,ESCALATE,0,Y,2026-01-12 10:00:00,batch_002,workqueue_actions_batch_002.csv
47809,3850,4,2026-01-11,REVIEW,1,Y,2026-01-12 10:00:00,batch_002,workqueue_actions_batch_002.csv
47810,2454,6,2026-01-08,ESCALATE,0,N,2026-01-12 10:00:00,batch_002,workqueue_actions_batch_002.csv
47811,4948,1,2026-01-07,NOTE,1,Y,2026-01-12 10:00:00,batch_002,workqueue_actions_batch_002.csv
47812,1433,15,2026-01-09,NOTE,4,N,2026-01-12 10:00:00,batch_002,workqueue_actions_batch_002.csv
47813,1898,13,2026-01-05,CALL,0,Y,2026-01-12 10:00:00,batch_002,workqueue_actions_batch_002.csv
47814,4926,16,2026-01-07,REVIEW,0,Y,2026-01-12 10:00:00,batch_002,workqueue_actions_batch_002.csv
47815,1552,13,2026-01-11,ESCALATE,3,Y,2026-01-12 10:00:00,batch_002,workqueue_actions_batch_002.csv
47816,1351,10,2026-01-11,NOTE,0,Y,2026-01-12 10:00:00,batch_002,workqueue_actions_batch_002.csv
47817,4038,10,2026-01-07,NOTE,4,Y,2026-01-12 10:00:00,batch_002,workqueue_actions_batch_002.csv
47818,2821,15,2026-01-10,NOTE,3,Y,2026-01-12 10:00:00,batch_002,workqueue_actions_batch_002.csv
47819,3034,16,2026-01-10,NOTE,0,N,2026-01-12 10:00:00,batch_002,workqueue_actions_batch_002.csv
47820,3430,4,2026-01-07,ESCALATE,3,Y,2026-01-12 10:00:00,batch_002,workqueue_actions_batch_002.csv
47821,3618,14,2026-01-10,ESCALATE,2,N,2026-01-12 10:00:00,batch_002,workqueue_actions_batch_002.csv
47822,4891,12,2026-01-08,NOTE,0,Y,2026-01-12 10:00:00,batch_002,workqueue_actions_batch_002.csv
47823,4050,1,2026-01-05,NOTE,0,Y,2026-01-12 10:00:00,batch_002,workqueue_actions_batch_002.csv
47824,1225,2,2026-01-05,NOTE,3,N,2026-01-12 10:00:00,batch_002,workqueue_actions_batch_002.csv
47825,3465,11,2026-01-12,ESCALATE,4,N,2026-01-12 10:00:00,batch_002,workqueue_actions_batch_002.csv
47826,4351,7,2026-01-11,CALL,1,Y,2026-01-12 10:00:00,batch_002,workqueue_actions_batch_002.csv
47827,4366,18,2026-01-09,CALL,3,Y,2026-01-12 10:00:00,batch_002,workqueue_actions_batch_002.csv
47828,4682,16,2026-01-11,REVIEW,1,Y,2026-01-12 10:00:00,batch_002,workqueue_actions_batch_002.csv
47829,2398,14,2026-01-12,REVIEW,3,N,2026-01-12 10:00:00,batch_002,workqueue_actions_batch_002.csv
47830,2839,11,2026-01-12,CALL,2,N,2026-01-12 10:00:00,batch_002,workqueue_actions_batch_002.csv
47831,4508,6,2026-01-10,CALL,1,Y,2026-01-12 10:00:00,batch_002,workqueue_actions_batch_002.csv
47832,2826,6,2026-01-08,REVIEW,0,N,2026-01-12 10:00:00,batch_002,workqueue_actions_batch_002.csv
47833,4845,8,2026-01-06,NOTE,4,Y,2026-01-12 10:00:00,batch_002,workqueue_actions_batch_002.csv
47834,1967,8,2026-01-09,REVIEW,3,N,2026-01-12 10:00:00,batch_002,workqueue_actions_batch_002.csv
47835,3385,14,2026-01-05,NOTE,2,Y,2026-01-12 10:00:00,batch_002,workqueue_actions_batch_002.csv
47836,4451,1,2026-01-10,ESCALATE,3,Y,2026-01-12 10:00:00,batch_002,workqueue_actions_batch_002.csv
47837,1820,18,2026-01-08,CALL,1,Y,2026-01-12 10:00:00,batch_002,workqueue_actions_batch_002.csv
47838,4395,1,2026-01-09,REVIEW,0,Y,2026-01-12 10:00:00,batch_002,workqueue_actions_batch_002.csv
47839,3408,13,2026-01-10,ESCALATE,3,N,2026-01-12 10:00:00,batch_002,workqueue_actions_batch_002.csv
47840,3191,20,2026-01-05,ESCALATE,4,Y,2026-01-12 10:00:00,batch_002,workqueue_actions_batch_002.csv
47841,1911,17,2026-01-09,ESCALATE,3,Y,2026-01-12 10:00:00,batch_002,workqueue_actions_batch_002.csv
47842,3446,5,2026-01-05,NOTE,4,Y,2026-01-12 10:00:00,batch_002,workqueue_actions_batch_002.csv
47843,4218,6,2026-01-08,CALL,1,Y,2026-01-12 10:00:00,batch_002,workqueue_actions_batch_002.csv
47844,4508,12,2026-01-05,ESCALATE,4,N,2026-01-12 10:00:00,batch_002,workqueue_actions_batch_002.csv
47845,3555,8,2026-01-07,REVIEW,3,N,2026-01-12 10:00:00,batch_002,workqueue_actions_batch_002.csv
47846,5198,18,2026-01-07,CALL,4,N,2026-01-12 10:00:00,batch_002,workqueue_actions_batch_002.csv
47847,1182,19,2026-01-08,REVIEW,1,N,2026-01-12 10:00:00,batch_002,workqueue_actions_batch_002.csv
47848,3020,8,2026-01-08,NOTE,0,Y,2026-01-12 10:00:00,batch_002,workqueue_actions_batch_002.csv
47849,3356,12,2026-01-12,CALL,1,N,2026-01-12 10:00:00,batch_002,workqueue_actions_batch_002.csv
47850,4125,4,2026-01-12,REVIEW,1,N,2026-01-12 10:00:00,batch_002,workqueue_actions_batch_002.csv
47851,1944,8,2026-01-06,NOTE,2,Y,2026-01-12 10:00:00,batch_002,workqueue_actions_batch_002.csv
47852,3618,10,2026-01-05,ESCALATE,3,Y,2026-01-12 10:00:00,batch_002,workqueue_actions_batch_002.csv
47853,3989,13,2026-01-12,NOTE,2,N,2026-01-12 10:00:00,batch_002,workqueue_actions_batch_002.csv
47854,2571,13,2026-01-12,ESCALATE,0,Y,2026-01-12 10:00:00,batch_002,workqueue_actions_batch_002.csv
47855,1908,8,2026-01-06,CALL,4,Y,2026-01-12 10:00:00,batch_002,workqueue_actions_batch_002.csv
47856,3008,10,2026-01-11,CALL,4,N,2026-01-12 10:00:00,batch_002,workqueue_actions_batch_002.csv
47857,2575,14,2026-01-08,REVIEW,4,Y,2026-01-12 10:00:00,batch_002,workqueue_actions_batch_002.csv
47858,1144,18,2026-01-09,CALL,1,N,2026-01-12 10:00:00,batch_002,workqueue_actions_batch_002.csv
47859,1806,19,2026-01-11,CALL,4,Y,2026-01-12 10:00:00,batch_002,workqueue_actions_batch_002.csv
47860,4564,10,2026-01-12,REVIEW,4,Y,2026-01-12 10:00:00,batch_002,workqueue_actions_batch_002.csv
47861,3999,11,2026-01-10,REVIEW,2,Y,2026-01-12 10:00:00,batch_002,workqueue_actions_batch_002.csv
47862,2779,19,2026-01-07,NOTE,1,N,2026-01-12 10:00:00,batch_002,workqueue_actions_batch_002.csv
47863,2170,7,2026-01-12,CALL,0,Y,2026-01-12 10:00:00,batch_002,workqueue_actions_batch_002.csv
47864,4653,1,2026-01-06,CALL,2,Y,2026-01-12 10:00:00,batch_002,workqueue_actions_batch_002.csv
47865,4059,2,2026-01-05,CALL,0,N,2026-01-12 10:00:00,batch_002,workqueue_actions_batch_002.csv
47866,1055,17,2026-01-08,NOTE,3,Y,2026-01-12 10:00:00,batch_002,workqueue_actions_batch_002.csv
47867,1894,12,2026-01-08,REVIEW,2,Y,2026-01-12 10:00:00,batch_002,workqueue_actions_batch_002.csv
47868,4930,6,2026-01-09,REVIEW,0,Y,2026-01-12 10:00:00,batch_002,workqueue_actions_batch_002.csv
47869,2049,11,2026-01-06,NOTE,0,N,2026-01-12 10:00:00,batch_002,workqueue_actions_batch_002.csv
47870,4508,1,2026-01-05,REVIEW,0,Y,2026-01-12 10:00:00,batch_002,workqueue_actions_batch_002.csv
47871,2020,5,2026-01-09,REVIEW,0,Y,2026-01-12 10:00:00,batch_002,workqueue_actions_batch_002.csv
47872,5116,8,2026-01-10,NOTE,1,N,2026-01-12 10:00:00,batch_002,workqueue_actions_batch_002.csv
47873,4853,12,2026-01-10,ESCALATE,2,Y,2026-01-12 10:00:00,batch_002,workqueue_actions_batch_002.csv
47874,1804,8,2026-01-08,ESCALATE,3,N,2026-01-12 10:00:00,batch_002,workqueue_actions_batch_002.csv
47875,3166,7,2026-01-06,ESCALATE,0,N,2026-01-12 10:00:00,batch_002,workqueue_actions_batch_002.csv
47876,2948,9,2026-01-05,ESCALATE,3,Y,2026-01-12 10:00:00,batch_002,workqueue_actions_batch_002.csv
47877,4207,14,2026-01-12,REVIEW,2,N,2026-01-12 10:00:00,batch_002,workqueue_actions_batch_002.csv
47878,2788,8,2026-01-10,NOTE,3,N,2026-01-12 10:00:00,batch_002,workqueue_actions_batch_002.csv
47879,1324,9,2026-01-11,REVIEW,4,N,2026-01-12 10:00:00,batch_002,workqueue_actions_batch_002.csv
47880,1112,18,2026-01-08,REVIEW,4,N,2026-01-12 10:00:00,batch_002,workqueue_actions_batch_002.csv
47881,3148,9,2026-01-08,NOTE,1,Y,2026-01-12 10:00:00,batch_002,workqueue_actions_batch_002.csv
47882,4411,8,2026-01-10,REVIEW,2,Y,2026-01-12 10:00:00,batch_002,workqueue_actions_batch_002.csv
47883,1121,2,2026-01-08,NOTE,2,Y,2026-01-12 10:00:00,batch_002,workqueue_actions_batch_002.csv
47884,3413,2,2026-01-09,NOTE,1,Y,2026-01-12 10:00:00,batch_002,workqueue_actions_batch_002.csv
47885,4486,17,2026-01-07,CALL,2,N,2026-01-12 10:00:00,batch_002,workqueue_actions_batch_002.csv
47886,2760,14,2026-01-12,CALL,1,Y,2026-01-12 10:00:00,batch_002,workqueue_actions_batch_002.csv
47887,2294,15,2026-01-05,CALL,3,N,2026-01-12 10:00:00,batch_002,workqueue_actions_batch_002.csv
47888,1168,18,2026-01-11,REVIEW,3,N,2026-01-12 10:00:00,batch_002,workqueue_actions_batch_002.csv
47889,1992,16,2026-01-10,REVIEW,3,N,2026-01-12 10:00:00,batch_002,workqueue_actions_batch_002.csv
47890,1116,8,2026-01-12,ESCALATE,3,N,2026-01-12 10:00:00,batch_002,workqueue_actions_batch_002.csv
47891,4895,17,2026-01-05,ESCALATE,3,N,2026-01-12 10:00:00,batch_002,workqueue_actions_batch_002.csv
47892,2348,19,2026-01-07,REVIEW,0,N,2026-01-12 10:00:00,batch_002,workqueue_actions_batch_002.csv
47893,1209,1,2026-01-12,ESCALATE,1,N,2026-01-12 10:00:00,batch_002,workqueue_actions_batch_002.csv
47894,3922,1,2026-01-11,ESCALATE,1,N,2026-01-12 10:00:00,batch_002,workqueue_actions_batch_002.csv
47895,1139,5,2026-01-10,ESCALATE,3,N,2026-01-12 10:00:00,batch_002,workqueue_actions_batch_002.csv
47896,1812,14,2026-01-12,CALL,3,N,2026-01-12 10:00:00,batch_002,workqueue_actions_batch_002.csv
47897,3659,8,2026-01-08,NOTE,2,Y,2026-01-12 10:00:00,batch_002,workqueue_actions_batch_002.csv
47898,2786,8,2026-01-06,REVIEW,3,N,2026-01-12 10:00:00,batch_002,workqueue_actions_batch_002.csv
47899,5050,12,2026-01-07,NOTE,0,N,2026-01-12 10:00:00,batch_002,workqueue_actions_batch_002.csv
47900,2410,3,2026-01-06,NOTE,3,N,2026-01-12 10:00:00,batch_002,workqueue_actions_batch_002.csv
47901,5297,10,2026-01-09,REVIEW,0,Y,2026-01-12 10:00:00,batch_002,workqueue_actions_batch_002.csv
47902,3900,20,2026-01-07,REVIEW,4,Y,2026-01-12 10:00:00,batch_002,workqueue_actions_batch_002.csv
47903,3036,10,2026-01-06,CALL,4,N,2026-01-12 10:00:00,batch_002,workqueue_actions_batch_002.csv
47904,4083,19,2026-01-08,NOTE,1,Y,2026-01-12 10:00:00,batch_002,workqueue_actions_batch_002.csv
47905,2319,7,2026-01-12,NOTE,4,Y,2026-01-12 10:00:00,batch_002,workqueue_actions_batch_002.csv
47906,5121,20,2026-01-06,REVIEW,3,N,2026-01-12 10:00:00,batch_002,workqueue_actions_batch_002.csv
47907,3552,18,2026-01-07,REVIEW,0,N,2026-01-12 10:00:00,batch_002,workqueue_actions_batch_002.csv
47908,3845,9,2026-01-05,CALL,1,N,2026-01-12 10:00:00,batch_002,workqueue_actions_batch_002.csv
47909,2339,9,2026-01-05,NOTE,1,N,2026-01-12 10:00:00,batch_002,workqueue_actions_batch_002.csv
47910,1981,5,2026-01-05,NOTE,3,Y,2026-01-12 10:00:00,batch_002,workqueue_actions_batch_002.csv
47911,2777,14,2026-01-08,ESCALATE,2,N,2026-01-12 10:00:00,batch_002,workqueue_actions_batch_002.csv
47912,2117,10,2026-01-08,REVIEW,1,Y,2026-01-12 10:00:00,batch_002,workqueue_actions_batch_002.csv
47913,4159,11,2026-01-12,REVIEW,0,N,2026-01-12 10:00:00,batch_002,workqueue_actions_batch_002.csv
47914,5154,19,2026-01-09,ESCALATE,1,Y,2026-01-12 10:00:00,batch_002,workqueue_actions_batch_002.csv
47915,2582,13,2026-01-10,REVIEW,3,Y,2026-01-12 10:00:00,batch_002,workqueue_actions_batch_002.csv
47916,4749,11,2026-01-12,ESCALATE,1,Y,2026-01-12 10:00:00,batch_002,workqueue_actions_batch_002.csv
47917,4650,1,2026-01-11,NOTE,0,N,2026-01-12 10:00:00,batch_002,workqueue_actions_batch_002.csv
47918,4253,9,2026-01-07,CALL,2,Y,2026-01-12 10:00:00,batch_002,workqueue_actions_batch_002.csv
47919,4946,10,2026-01-06,REVIEW,2,Y,2026-01-12 10:00:00,batch_002,workqueue_actions_batch_002.csv
47920,2811,11,2026-01-10,ESCALATE,4,N,2026-01-12 10:00:00,batch_002,workqueue_actions_batch_002.csv
47921,2397,9,2026-01-05,REVIEW,2,Y,2026-01-12 10:00:00,batch_002,workqueue_actions_batch_002.csv
47922,3113,17,2026-01-06,CALL,3,N,2026-01-12 10:00:00,batch_002,workqueue_actions_batch_002.csv
47923,3591,10,2026-01-06,NOTE,4,N,2026-01-12 10:00:00,batch_002,workqueue_actions_batch_002.csv
47924,3496,2,2026-01-11,ESCALATE,3,Y,2026-01-12 10:00:00,batch_002,workqueue_actions_batch_002.csv
47925,1468,3,2026-01-08,REVIEW,3,Y,2026-01-12 10:00:00,batch_002,workqueue_actions_batch_002.csv
47926,3176,1,2026-01-06,ESCALATE,1,Y,2026-01-12 10:00:00,batch_002,workqueue_actions_batch_002.csv
47927,3768,20,2026-01-05,REVIEW,3,N,2026-01-12 10:00:00,batch_002,workqueue_actions_batch_002.csv
47928,1666,13,2026-01-07,REVIEW,1,N,2026-01-12 10:00:00,batch_002,workqueue_actions_batch_002.csv
47929,2252,5,2026-01-07,CALL,4,Y,2026-01-12 10:00:00,batch_002,workqueue_actions_batch_002.csv
47930,3596,6,2026-01-11,NOTE,0,N,2026-01-12 10:00:00,batch_002,workqueue_actions_batch_002.csv
47931,1390,6,2026-01-07,CALL,4,N,2026-01-12 10:00:00,batch_002,workqueue_actions_batch_002.csv
47932,1342,8,2026-01-10,REVIEW,1,Y,2026-01-12 10:00:00,batch_002,workqueue_actions_batch_002.csv
47933,2392,19,2026-01-07,ESCALATE,3,N,2026-01-12 10:00:00,batch_002,workqueue_actions_batch_002.csv
47934,2172,2,2026-01-11,NOTE,0,N,2026-01-12 10:00:00,batch_002,workqueue_actions_batch_002.csv
47935,4944,18,2026-01-07,REVIEW,3,Y,2026-01-12 10:00:00,batch_002,workqueue_actions_batch_002.csv
47936,1080,14,2026-01-10,REVIEW,4,N,2026-01-12 10:00:00,batch_002,workqueue_actions_batch_002.csv
47937,3030,19,2026-01-07,CALL,3,Y,2026-01-12 10:00:00,batch_002,workqueue_actions_batch_002.csv
47938,4855,7,2026-01-10,NOTE,0,N,2026-01-12 10:00:00,batch_002,workqueue_actions_batch_002.csv
47939,1631,2,2026-01-08,ESCALATE,2,Y,2026-01-12 10:00:00,batch_002,workqueue_actions_batch_002.csv
47940,3941,8,2026-01-09,REVIEW,0,N,2026-01-12 10:00:00,batch_002,workqueue_actions_batch_002.csv
47941,3016,14,2026-01-12,NOTE,0,N,2026-01-12 10:00:00,batch_002,workqueue_actions_batch_002.csv
47942,5281,20,2026-01-05,ESCALATE,2,Y,2026-01-12 10:00:00,batch_002,workqueue_actions_batch_002.csv
47943,1869,16,2026-01-12,REVIEW,0,Y,2026-01-12 10:00:00,batch_002,workqueue_actions_batch_002.csv
47944,1276,11,2026-01-12,CALL,0,N,2026-01-12 10:00:00,batch_002,workqueue_actions_batch_002.csv
47945,3918,9,2026-01-06,REVIEW,3,Y,2026-01-12 10:00:00,batch_002,workqueue_actions_batch_002.csv
47946,2374,8,2026-01-08,CALL,1,N,2026-01-12 10:00:00,batch_002,workqueue_actions_batch_002.csv
47947,1965,17,2026-01-06,NOTE,4,N,2026-01-12 10:00:00,batch_002,workqueue_actions_batch_002.csv
47948,1527,3,2026-01-06,ESCALATE,3,Y,2026-01-12 10:00:00,batch_002,workqueue_actions_batch_002.csv
47949,3044,15,2026-01-08,ESCALATE,3,Y,2026-01-12 10:00:00,batch_002,workqueue_actions_batch_002.csv
47950,4244,8,2026-01-11,CALL,1,Y,2026-01-12 10:00:00,batch_002,workqueue_actions_batch_002.csv
47951,2930,2,2026-01-09,NOTE,3,Y,2026-01-12 10:00:00,batch_002,workqueue_actions_batch_002.csv
47952,3753,20,2026-01-11,ESCALATE,4,N,2026-01-12 10:00:00,batch_002,workqueue_actions_batch_002.csv
47953,3139,8,2026-01-11,NOTE,2,N,2026-01-12 10:00:00,batch_002,workqueue_actions_batch_002.csv
47954,1626,20,2026-01-12,CALL,4,N,2026-01-12 10:00:00,batch_002,workqueue_actions_batch_002.csv
47955,5082,18,2026-01-10,NOTE,1,N,2026-01-12 10:00:00,batch_002,workqueue_actions_batch_002.csv
47956,1775,16,2026-01-12,ESCALATE,3,N,2026-01-12 10:00:00,batch_002,workqueue_actions_batch_002.csv
47957,4522,12,2026-01-08,CALL,1,N,2026-01-12 10:00:00,batch_002,workqueue_actions_batch_002.csv
47958,2040,6,2026-01-09,ESCALATE,1,Y,2026-01-12 10:00:00,batch_002,workqueue_actions_batch_002.csv
47959,1893,16,2026-01-06,CALL,4,Y,2026-01-12 10:00:00,batch_002,workqueue_actions_batch_002.csv
47960,2399,17,2026-01-06,NOTE,1,Y,2026-01-12 10:00:00,batch_002,workqueue_actions_batch_002.csv
47961,5090,17,2026-01-08,NOTE,0,Y,2026-01-12 10:00:00,batch_002,workqueue_actions_batch_002.csv
47962,5215,18,2026-01-09,NOTE,0,Y,2026-01-12 10:00:00,batch_002,workqueue_actions_batch_002.csv
47963,5062,15,2026-01-07,CALL,0,N,2026-01-12 10:00:00,batch_002,workqueue_actions_batch_002.csv
47964,2242,15,2026-01-08,CALL,3,N,2026-01-12 10:00:00,batch_002,workqueue_actions_batch_002.csv
47965,1468,3,2026-01-07,CALL,2,N,2026-01-12 10:00:00,batch_002,workqueue_actions_batch_002.csv
47966,4486,3,2026-01-10,NOTE,0,Y,2026-01-12 10:00:00,batch_002,workqueue_actions_batch_002.csv
47967,3887,1,2026-01-09,REVIEW,3,N,2026-01-12 10:00:00,batch_002,workqueue_actions_batch_002.csv
47968,4996,18,2026-01-11,ESCALATE,2,Y,2026-01-12 10:00:00,batch_002,workqueue_actions_batch_002.csv
47969,1911,6,2026-01-06,REVIEW,2,Y,2026-01-12 10:00:00,batch_002,workqueue_actions_batch_002.csv
47970,3164,1,2026-01-10,REVIEW,3,N,2026-01-12 10:00:00,batch_002,workqueue_actions_batch_002.csv
47971,2935,12,2026-01-11,ESCALATE,2,N,2026-01-12 10:00:00,batch_002,workqueue_actions_batch_002.csv
47972,4109,13,2026-01-06,ESCALATE,4,N,2026-01-12 10:00:00,batch_002,workqueue_actions_batch_002.csv
47973,3823,6,2026-01-09,NOTE,1,N,2026-01-12 10:00:00,batch_002,workqueue_actions_batch_002.csv
47974,1816,7,2026-01-10,REVIEW,0,N,2026-01-12 10:00:00,batch_002,workqueue_actions_batch_002.csv
47975,4900,3,2026-01-05,CALL,0,N,2026-01-12 10:00:00,batch_002,workqueue_actions_batch_002.csv
47976,1148,13,2026-01-06,NOTE,2,Y,2026-01-12 10:00:00,batch_002,workqueue_actions_batch_002.csv
47977,1271,18,2026-01-07,CALL,3,N,2026-01-12 10:00:00,batch_002,workqueue_actions_batch_002.csv
47978,3280,2,2026-01-11,NOTE,3,Y,2026-01-12 10:00:00,batch_002,workqueue_actions_batch_002.csv
47979,2284,6,2026-01-12,CALL,0,Y,2026-01-12 10:00:00,batch_002,workqueue_actions_batch_002.csv
47980,4297,5,2026-01-12,CALL,1,N,2026-01-12 10:00:00,batch_002,workqueue_actions_batch_002.csv
47981,2513,14,2026-01-09,CALL,2,N,2026-01-12 10:00:00,batch_002,workqueue_actions_batch_002.csv
47982,1444,12,2026-01-08,NOTE,0,Y,2026-01-12 10:00:00,batch_002,workqueue_actions_batch_002.csv
47983,4067,19,2026-01-07,REVIEW,3,N,2026-01-12 10:00:00,batch_002,workqueue_actions_batch_002.csv
47984,2056,7,2026-01-11,CALL,0,Y,2026-01-12 10:00:00,batch_002,workqueue_actions_batch_002.csv
47985,2491,5,2026-01-09,ESCALATE,3,N,2026-01-12 10:00:00,batch_002,workqueue_actions_batch_002.csv
47986,2730,3,2026-01-07,ESCALATE,3,Y,2026-01-12 10:00:00,batch_002,workqueue_actions_batch_002.csv
47987,1471,20,2026-01-06,NOTE,4,N,2026-01-12 10:00:00,batch_002,workqueue_actions_batch_002.csv
47988,1280,1,2026-01-08,ESCALATE,0,Y,2026-01-12 10:00:00,batch_002,workqueue_actions_batch_002.csv
47989,3946,4,2026-01-09,NOTE,1,Y,2026-01-12 10:00:00,batch_002,workqueue_actions_batch_002.csv
47990,5241,8,2026-01-09,REVIEW,3,N,2026-01-12 10:00:00,batch_002,workqueue_actions_batch_002.csv
47991,3980,20,2026-01-07,REVIEW,4,Y,2026-01-12 10:00:00,batch_002,workqueue_actions_batch_002.csv
47992,1527,13,2026-01-05,REVIEW,2,Y,2026-01-12 10:00:00,batch_002,workqueue_actions_batch_002.csv
47993,2671,4,2026-01-12,NOTE,4,Y,2026-01-12 10:00:00,batch_002,workqueue_actions_batch_002.csv
47994,4683,20,2026-01-06,REVIEW,2,Y,2026-01-12 10:00:00,batch_002,workqueue_actions_batch_002.csv
47995,4404,19,2026-01-12,ESCALATE,4,N,2026-01-12 10:00:00,batch_002,workqueue_actions_batch_002.csv
47996,4376,5,2026-01-12,NOTE,2,Y,2026-01-12 10:00:00,batch_002,workqueue_actions_batch_002.csv
47997,4384,3,2026-01-12,NOTE,3,Y,2026-01-12 10:00:00,batch_002,workqueue_actions_batch_002.csv
47998,3138,18,2026-01-05,REVIEW,4,N,2026-01-12 10:00:00,batch_002,workqueue_actions_batch_002.csv
47999,3530,5,2026-01-11,REVIEW,0,Y,2026-01-12 10:00:00,batch_002,workqueue_actions_batch_002.csv
48000,2120,2,2026-01-08,REVIEW,1,Y,2026-01-12 10:00:00,batch_002,workqueue_actions_batch_002.csv
48001,4582,9,2026-01-05,NOTE,1,Y,2026-01-12 10:00:00,batch_002,workqueue_actions_batch_002.csv
48002,3418,20,2026-01-08,NOTE,3,N,2026-01-12 10:00:00,batch_002,workqueue_actions_batch_002.csv
48003,3707,8,2026-01-09,ESCALATE,3,N,2026-01-12 10:00:00,batch_002,workqueue_actions_batch_002.csv
48004,3605,1,2026-01-08,CALL,4,Y,2026-01-12 10:00:00,batch_002,workqueue_actions_batch_002.csv
48005,3379,8,2026-01-08,CALL,0,Y,2026-01-12 10:00:00,batch_002,workqueue_actions_batch_002.csv
48006,3815,19,2026-01-09,NOTE,4,Y,2026-01-12 10:00:00,batch_002,workqueue_actions_batch_002.csv
48007,3991,11,2026-01-05,ESCALATE,4,Y,2026-01-12 10:00:00,batch_002,workqueue_actions_batch_002.csv
48008,4888,18,2026-01-05,NOTE,0,N,2026-01-12 10:00:00,batch_002,workqueue_actions_batch_002.csv
48009,3840,11,2026-01-10,ESCALATE,0,Y,2026-01-12 10:00:00,batch_002,workqueue_actions_batch_002.csv
48010,5138,3,2026-01-09,CALL,1,N,2026-01-12 10:00:00,batch_002,workqueue_actions_batch_002.csv
48011,2092,4,2026-01-09,REVIEW,4,Y,2026-01-12 10:00:00,batch_002,workqueue_actions_batch_002.csv
48012,4111,10,2026-01-10,REVIEW,0,Y,2026-01-12 10:00:00,batch_002,workqueue_actions_batch_002.csv
48013,1456,5,2026-01-10,NOTE,4,Y,2026-01-12 10:00:00,batch_002,workqueue_actions_batch_002.csv
48014,5048,9,2026-01-12,ESCALATE,4,Y,2026-01-12 10:00:00,batch_002,workqueue_actions_batch_002.csv
48015,4228,16,2026-01-05,REVIEW,2,Y,2026-01-12 10:00:00,batch_002,workqueue_actions_batch_002.csv
48016,1150,9,2026-01-05,ESCALATE,1,N,2026-01-12 10:00:00,batch_002,workqueue_actions_batch_002.csv
48017,3242,8,2026-01-12,REVIEW,4,Y,2026-01-12 10:00:00,batch_002,workqueue_actions_batch_002.csv
48018,4996,8,2026-01-12,REVIEW,2,Y,2026-01-12 10:00:00,batch_002,workqueue_actions_batch_002.csv
48019,1125,2,2026-01-07,NOTE,3,N,2026-01-12 10:00:00,batch_002,workqueue_actions_batch_002.csv
48020,2748,10,2026-01-10,REVIEW,0,Y,2026-01-12 10:00:00,batch_002,workqueue_actions_batch_002.csv
48021,2636,15,2026-01-12,REVIEW,3,N,2026-01-12 10:00:00,batch_002,workqueue_actions_batch_002.csv
48022,1747,11,2026-01-09,NOTE,0,N,2026-01-12 10:00:00,batch_002,workqueue_actions_batch_002.csv
48023,4066,3,2026-01-08,REVIEW,0,N,2026-01-12 10:00:00,batch_002,workqueue_actions_batch_002.csv
48024,5255,18,2026-01-07,REVIEW,0,Y,2026-01-12 10:00:00,batch_002,workqueue_actions_batch_002.csv
48025,3031,4,2026-01-10,CALL,3,Y,2026-01-12 10:00:00,batch_002,workqueue_actions_batch_002.csv
48026,4013,7,2026-01-08,NOTE,0,Y,2026-01-12 10:00:00,batch_002,workqueue_actions_batch_002.csv
48027,2589,13,2026-01-06,CALL,3,N,2026-01-12 10:00:00,batch_002,workqueue_actions_batch_002.csv
48028,5091,9,2026-01-08,REVIEW,1,N,2026-01-12 10:00:00,batch_002,workqueue_actions_batch_002.csv
48029,3203,20,2026-01-06,ESCALATE,0,N,2026-01-12 10:00:00,batch_002,workqueue_actions_batch_002.csv
48030,4477,12,2026-01-10,CALL,2,N,2026-01-12 10:00:00,batch_002,workqueue_actions_batch_002.csv
48031,3026,20,2026-01-11,CALL,1,Y,2026-01-12 10:00:00,batch_002,workqueue_actions_batch_002.csv
48032,3163,2,2026-01-08,ESCALATE,0,N,2026-01-12 10:00:00,batch_002,workqueue_actions_batch_002.csv
48033,1266,19,2026-01-11,NOTE,3,Y,2026-01-12 10:00:00,batch_002,workqueue_actions_batch_002.csv
48034,2957,6,2026-01-07,CALL,3,Y,2026-01-12 10:00:00,batch_002,workqueue_actions_batch_002.csv
48035,2302,8,2026-01-06,NOTE,0,N,2026-01-12 10:00:00,batch_002,workqueue_actions_batch_002.csv
48036,4451,8,2026-01-05,ESCALATE,0,N,2026-01-12 10:00:00,batch_002,workqueue_actions_batch_002.csv
48037,2788,13,2026-01-08,NOTE,1,Y,2026-01-12 10:00:00,batch_002,workqueue_actions_batch_002.csv
48038,3533,11,2026-01-06,CALL,0,Y,2026-01-12 10:00:00,batch_002,workqueue_actions_batch_002.csv
48039,1567,20,2026-01-11,REVIEW,0,N,2026-01-12 10:00:00,batch_002,workqueue_actions_batch_002.csv
48040,3320,15,2026-01-06,CALL,1,N,2026-01-12 10:00:00,batch_002,workqueue_actions_batch_002.csv
48041,3661,8,2026-01-09,CALL,1,N,2026-01-12 10:00:00,batch_002,workqueue_actions_batch_002.csv
48042,4618,8,2026-01-07,NOTE,4,N,2026-01-12 10:00:00,batch_002,workqueue_actions_batch_002.csv
48043,2503,3,2026-01-08,CALL,2,Y,2026-01-12 10:00:00,batch_002,workqueue_actions_batch_002.csv
48044,2527,5,2026-01-06,NOTE,0,Y,2026-01-12 10:00:00,batch_002,workqueue_actions_batch_002.csv
48045,4022,7,2026-01-05,REVIEW,3,N,2026-01-12 10:00:00,batch_002,workqueue_actions_batch_002.csv
48046,1781,20,2026-01-12,REVIEW,2,Y,2026-01-12 10:00:00,batch_002,workqueue_actions_batch_002.csv
48047,2848,6,2026-01-08,CALL,1,Y,2026-01-12 10:00:00,batch_002,workqueue_actions_batch_002.csv
48048,2875,3,2026-01-08,CALL,2,Y,2026-01-12 10:00:00,batch_002,workqueue_actions_batch_002.csv
48049,2710,14,2026-01-05,REVIEW,1,N,2026-01-12 10:00:00,batch_002,workqueue_actions_batch_002.csv
48050,3885,5,2026-01-10,NOTE,0,N,2026-01-12 10:00:00,batch_002,workqueue_actions_batch_002.csv
48051,2972,13,2026-01-09,ESCALATE,0,Y,2026-01-12 10:00:00,batch_002,workqueue_actions_batch_002.csv
48052,3252,6,2026-01-07,NOTE,1,N,2026-01-12 10:00:00,batch_002,workqueue_actions_batch_002.csv
48053,4656,1,2026-01-11,NOTE,4,Y,2026-01-12 10:00:00,batch_002,workqueue_actions_batch_002.csv
48054,4265,13,2026-01-05,ESCALATE,3,Y,2026-01-12 10:00:00,batch_002,workqueue_actions_batch_002.csv
48055,3659,9,2026-01-07,NOTE,4,Y,2026-01-12 10:00:00,batch_002,workqueue_actions_batch_002.csv
48056,3695,20,2026-01-10,REVIEW,1,Y,2026-01-12 10:00:00,batch_002,workqueue_actions_batch_002.csv
48057,4245,19,2026-01-05,NOTE,0,Y,2026-01-12 10:00:00,batch_002,workqueue_actions_batch_002.csv
48058,4394,4,2026-01-06,REVIEW,1,Y,2026-01-12 10:00:00,batch_002,workqueue_actions_batch_002.csv
48059,4871,10,2026-01-06,NOTE,1,Y,2026-01-12 10:00:00,batch_002,workqueue_actions_batch_002.csv
48060,4418,1,2026-01-05,CALL,4,Y,2026-01-12 10:00:00,batch_002,workqueue_actions_batch_002.csv
48061,3109,15,2026-01-08,CALL,3,N,2026-01-12 10:00:00,batch_002,workqueue_actions_batch_002.csv
48062,5151,15,2026-01-07,ESCALATE,4,Y,2026-01-12 10:00:00,batch_002,workqueue_actions_batch_002.csv
48063,4827,2,2026-01-06,ESCALATE,4,N,2026-01-12 10:00:00,batch_002,workqueue_actions_batch_002.csv
48064,1985,17,2026-01-06,CALL,2,N,2026-01-12 10:00:00,batch_002,workqueue_actions_batch_002.csv
48065,2283,17,2026-01-10,NOTE,0,N,2026-01-12 10:00:00,batch_002,workqueue_actions_batch_002.csv
48066,2872,8,2026-01-06,ESCALATE,1,Y,2026-01-12 10:00:00,batch_002,workqueue_actions_batch_002.csv
48067,3096,1,2026-01-07,CALL,1,N,2026-01-12 10:00:00,batch_002,workqueue_actions_batch_002.csv
48068,3552,5,2026-01-11,ESCALATE,3,Y,2026-01-12 10:00:00,batch_002,workqueue_actions_batch_002.csv
48069,3288,4,2026-01-09,REVIEW,0,N,2026-01-12 10:00:00,batch_002,workqueue_actions_batch_002.csv
48070,3405,14,2026-01-09,NOTE,0,Y,2026-01-12 10:00:00,batch_002,workqueue_actions_batch_002.csv
48071,3058,20,2026-01-09,CALL,2,N,2026-01-12 10:00:00,batch_002,workqueue_actions_batch_002.csv
48072,2547,10,2026-01-09,ESCALATE,2,Y,2026-01-12 10:00:00,batch_002,workqueue_actions_batch_002.csv
48073,3489,16,2026-01-06,ESCALATE,3,Y,2026-01-12 10:00:00,batch_002,workqueue_actions_batch_002.csv
48074,3606,2,2026-01-10,ESCALATE,4,N,2026-01-12 10:00:00,batch_002,workqueue_actions_batch_002.csv
48075,4772,5,2026-01-06,ESCALATE,1,Y,2026-01-12 10:00:00,batch_002,workqueue_actions_batch_002.csv
48076,1375,16,2026-01-12,CALL,4,N,2026-01-12 10:00:00,batch_002,workqueue_actions_batch_002.csv
48077,3449,2,2026-01-08,ESCALATE,3,Y,2026-01-12 10:00:00,batch_002,workqueue_actions_batch_002.csv
48078,2962,17,2026-01-12,CALL,1,Y,2026-01-12 10:00:00,batch_002,workqueue_actions_batch_002.csv
48079,4162,3,2026-01-07,NOTE,2,N,2026-01-12 10:00:00,batch_002,workqueue_actions_batch_002.csv
48080,3133,9,2026-01-09,NOTE,3,N,2026-01-12 10:00:00,batch_002,workqueue_actions_batch_002.csv
48081,1706,11,2026-01-11,ESCALATE,2,N,2026-01-12 10:00:00,batch_002,workqueue_actions_batch_002.csv
48082,5021,11,2026-01-06,CALL,1,Y,2026-01-12 10:00:00,batch_002,workqueue_actions_batch_002.csv
48083,2632,15,2026-01-08,NOTE,0,Y,2026-01-12 10:00:00,batch_002,workqueue_actions_batch_002.csv
48084,3056,9,2026-01-07,CALL,1,N,2026-01-12 10:00:00,batch_002,workqueue_actions_batch_002.csv
48085,3442,9,2026-01-12,ESCALATE,4,N,2026-01-12 10:00:00,batch_002,workqueue_actions_batch_002.csv
48086,2338,9,2026-01-07,ESCALATE,1,N,2026-01-12 10:00:00,batch_002,workqueue_actions_batch_002.csv
48087,2080,16,2026-01-10,NOTE,0,Y,2026-01-12 10:00:00,batch_002,workqueue_actions_batch_002.csv
48088,4209,20,2026-01-05,NOTE,0,Y,2026-01-12 10:00:00,batch_002,workqueue_actions_batch_002.csv
48089,1987,17,2026-01-11,NOTE,1,N,2026-01-12 10:00:00,batch_002,workqueue_actions_batch_002.csv
48090,2044,14,2026-01-07,ESCALATE,1,N,2026-01-12 10:00:00,batch_002,workqueue_actions_batch_002.csv
48091,3095,10,2026-01-12,REVIEW,1,Y,2026-01-12 10:00:00,batch_002,workqueue_actions_batch_002.csv
48092,3615,1,2026-01-09,CALL,3,N,2026-01-12 10:00:00,batch_002,workqueue_actions_batch_002.csv
48093,2095,4,2026-01-08,ESCALATE,2,Y,2026-01-12 10:00:00,batch_002,workqueue_actions_batch_002.csv
48094,1356,17,2026-01-12,CALL,2,Y,2026-01-12 10:00:00,batch_002,workqueue_actions_batch_002.csv
48095,2557,8,2026-01-12,REVIEW,2,Y,2026-01-12 10:00:00,batch_002,workqueue_actions_batch_002.csv
48096,4573,14,2026-01-09,CALL,0,N,2026-01-12 10:00:00,batch_002,workqueue_actions_batch_002.csv
48097,4327,10,2026-01-06,CALL,1,Y,2026-01-12 10:00:00,batch_002,workqueue_actions_batch_002.csv
48098,1332,8,2026-01-09,ESCALATE,3,Y,2026-01-12 10:00:00,batch_002,workqueue_actions_batch_002.csv
48099,3733,15,2026-01-09,REVIEW,4,Y,2026-01-12 10:00:00,batch_002,workqueue_actions_batch_002.csv
48100,3248,16,2026-01-11,ESCALATE,1,N,2026-01-12 10:00:00,batch_002,workqueue_actions_batch_002.csv
48101,4056,4,2026-01-10,CALL,2,N,2026-01-12 10:00:00,batch_002,workqueue_actions_batch_002.csv
48102,1851,5,2026-01-08,NOTE,1,N,2026-01-12 10:00:00,batch_002,workqueue_actions_batch_002.csv
48103,3241,12,2026-01-10,NOTE,1,N,2026-01-12 10:00:00,batch_002,workqueue_actions_batch_002.csv
48104,1504,16,2026-01-09,REVIEW,2,N,2026-01-12 10:00:00,batch_002,workqueue_actions_batch_002.csv
48105,3496,16,2026-01-09,NOTE,0,N,2026-01-12 10:00:00,batch_002,workqueue_actions_batch_002.csv
48106,4215,3,2026-01-12,NOTE,0,N,2026-01-12 10:00:00,batch_002,workqueue_actions_batch_002.csv
48107,4034,2,2026-01-10,CALL,2,Y,2026-01-12 10:00:00,batch_002,workqueue_actions_batch_002.csv
48108,2475,17,2026-01-10,ESCALATE,2,N,2026-01-12 10:00:00,batch_002,workqueue_actions_batch_002.csv
48109,4646,12,2026-01-10,REVIEW,3,Y,2026-01-12 10:00:00,batch_002,workqueue_actions_batch_002.csv
48110,3379,11,2026-01-11,REVIEW,1,N,2026-01-12 10:00:00,batch_002,workqueue_actions_batch_002.csv
48111,1672,8,2026-01-10,CALL,0,Y,2026-01-12 10:00:00,batch_002,workqueue_actions_batch_002.csv
48112,2631,18,2026-01-11,ESCALATE,3,Y,2026-01-12 10:00:00,batch_002,workqueue_actions_batch_002.csv
48113,1662,12,2026-01-07,CALL,0,Y,2026-01-12 10:00:00,batch_002,workqueue_actions_batch_002.csv
48114,1139,4,2026-01-06,REVIEW,3,N,2026-01-12 10:00:00,batch_002,workqueue_actions_batch_002.csv
48115,4320,13,2026-01-08,NOTE,4,N,2026-01-12 10:00:00,batch_002,workqueue_actions_batch_002.csv
48116,1508,20,2026-01-08,ESCALATE,2,Y,2026-01-12 10:00:00,batch_002,workqueue_actions_batch_002.csv
48117,1236,17,2026-01-11,ESCALATE,3,Y,2026-01-12 10:00:00,batch_002,workqueue_actions_batch_002.csv
48118,2027,4,2026-01-08,CALL,1,N,2026-01-12 10:00:00,batch_002,workqueue_actions_batch_002.csv
48119,4738,3,2026-01-08,ESCALATE,1,N,2026-01-12 10:00:00,batch_002,workqueue_actions_batch_002.csv
48120,3266,11,2026-01-12,NOTE,3,N,2026-01-12 10:00:00,batch_002,workqueue_actions_batch_002.csv
48121,4880,17,2026-01-06,ESCALATE,0,Y,2026-01-12 10:00:00,batch_002,workqueue_actions_batch_002.csv
48122,3073,4,2026-01-08,CALL,0,N,2026-01-12 10:00:00,batch_002,workqueue_actions_batch_002.csv
48123,3046,10,2026-01-06,NOTE,1,Y,2026-01-12 10:00:00,batch_002,workqueue_actions_batch_002.csv
48124,3671,20,2026-01-06,CALL,2,Y,2026-01-12 10:00:00,batch_002,workqueue_actions_batch_002.csv
48125,2259,6,2026-01-12,ESCALATE,4,N,2026-01-12 10:00:00,batch_002,workqueue_actions_batch_002.csv
48126,3423,5,2026-01-10,CALL,1,Y,2026-01-12 10:00:00,batch_002,workqueue_actions_batch_002.csv
48127,2805,2,2026-01-06,NOTE,4,N,2026-01-12 10:00:00,batch_002,workqueue_actions_batch_002.csv
48128,4523,12,2026-01-12,NOTE,3,N,2026-01-12 10:00:00,batch_002,workqueue_actions_batch_002.csv
48129,2253,9,2026-01-06,CALL,1,N,2026-01-12 10:00:00,batch_002,workqueue_actions_batch_002.csv
48130,1691,9,2026-01-05,ESCALATE,0,Y,2026-01-12 10:00:00,batch_002,workqueue_actions_batch_002.csv
48131,1588,3,2026-01-08,REVIEW,2,Y,2026-01-12 10:00:00,batch_002,workqueue_actions_batch_002.csv
48132,2213,18,2026-01-10,REVIEW,0,Y,2026-01-12 10:00:00,batch_002,workqueue_actions_batch_002.csv
48133,4552,8,2026-01-05,ESCALATE,1,Y,2026-01-12 10:00:00,batch_002,workqueue_actions_batch_002.csv
48134,3064,20,2026-01-06,NOTE,1,N,2026-01-12 10:00:00,batch_002,workqueue_actions_batch_002.csv
48135,3029,2,2026-01-06,CALL,2,N,2026-01-12 10:00:00,batch_002,workqueue_actions_batch_002.csv
48136,1354,3,2026-01-05,NOTE,1,N,2026-01-12 10:00:00,batch_002,workqueue_actions_batch_002.csv
48137,4083,14,2026-01-06,REVIEW,0,Y,2026-01-12 10:00:00,batch_002,workqueue_actions_batch_002.csv
48138,4155,19,2026-01-09,ESCALATE,0,Y,2026-01-12 10:00:00,batch_002,workqueue_actions_batch_002.csv
48139,2927,8,2026-01-05,CALL,4,Y,2026-01-12 10:00:00,batch_002,workqueue_actions_batch_002.csv
48140,5281,7,2026-01-06,NOTE,3,Y,2026-01-12 10:00:00,batch_002,workqueue_actions_batch_002.csv
48141,4120,12,2026-01-10,REVIEW,0,N,2026-01-12 10:00:00,batch_002,workqueue_actions_batch_002.csv
48142,3692,20,2026-01-08,CALL,1,N,2026-01-12 10:00:00,batch_002,workqueue_actions_batch_002.csv
48143,1347,1,2026-01-12,ESCALATE,2,N,2026-01-12 10:00:00,batch_002,workqueue_actions_batch_002.csv
48144,3354,18,2026-01-08,REVIEW,2,N,2026-01-12 10:00:00,batch_002,workqueue_actions_batch_002.csv
48145,1586,7,2026-01-06,ESCALATE,2,Y,2026-01-12 10:00:00,batch_002,workqueue_actions_batch_002.csv
48146,1271,5,2026-01-08,REVIEW,4,Y,2026-01-12 10:00:00,batch_002,workqueue_actions_batch_002.csv
48147,1461,3,2026-01-10,REVIEW,0,Y,2026-01-12 10:00:00,batch_002,workqueue_actions_batch_002.csv
48148,3994,6,2026-01-12,ESCALATE,3,N,2026-01-12 10:00:00,batch_002,workqueue_actions_batch_002.csv
48149,2105,19,2026-01-10,REVIEW,0,N,2026-01-12 10:00:00,batch_002,workqueue_actions_batch_002.csv
48150,3453,11,2026-01-12,ESCALATE,0,Y,2026-01-12 10:00:00,batch_002,workqueue_actions_batch_002.csv
48151,3472,4,2026-01-08,NOTE,0,N,2026-01-12 10:00:00,batch_002,workqueue_actions_batch_002.csv
48152,1792,1,2026-01-11,ESCALATE,4,Y,2026-01-12 10:00:00,batch_002,workqueue_actions_batch_002.csv
48153,1647,6,2026-01-10,ESCALATE,0,Y,2026-01-12 10:00:00,batch_002,workqueue_actions_batch_002.csv
48154,4516,19,2026-01-06,ESCALATE,3,Y,2026-01-12 10:00:00,batch_002,workqueue_actions_batch_002.csv
48155,1717,9,2026-01-08,CALL,4,N,2026-01-12 10:00:00,batch_002,workqueue_actions_batch_002.csv
48156,4458,7,2026-01-08,REVIEW,4,Y,2026-01-12 10:00:00,batch_002,workqueue_actions_batch_002.csv
48157,1310,8,2026-01-12,NOTE,3,Y,2026-01-12 10:00:00,batch_002,workqueue_actions_batch_002.csv
48158,4106,9,2026-01-12,NOTE,0,N,2026-01-12 10:00:00,batch_002,workqueue_actions_batch_002.csv
48159,1817,9,2026-01-11,REVIEW,3,N,2026-01-12 10:00:00,batch_002,workqueue_actions_batch_002.csv
48160,5001,3,2026-01-09,REVIEW,0,N,2026-01-12 10:00:00,batch_002,workqueue_actions_batch_002.csv
48161,1737,2,2026-01-08,NOTE,0,N,2026-01-12 10:00:00,batch_002,workqueue_actions_batch_002.csv
48162,3787,6,2026-01-06,ESCALATE,1,Y,2026-01-12 10:00:00,batch_002,workqueue_actions_batch_002.csv
48163,1639,15,2026-01-06,NOTE,1,N,2026-01-12 10:00:00,batch_002,workqueue_actions_batch_002.csv
48164,1086,7,2026-01-12,ESCALATE,0,Y,2026-01-12 10:00:00,batch_002,workqueue_actions_batch_002.csv
48165,5253,17,2026-01-11,ESCALATE,1,N,2026-01-12 10:00:00,batch_002,workqueue_actions_batch_002.csv
48166,3685,1,2026-01-09,ESCALATE,0,Y,2026-01-12 10:00:00,batch_002,workqueue_actions_batch_002.csv
48167,4306,16,2026-01-07,ESCALATE,4,Y,2026-01-12 10:00:00,batch_002,workqueue_actions_batch_002.csv
48168,2425,19,2026-01-10,NOTE,4,N,2026-01-12 10:00:00,batch_002,workqueue_actions_batch_002.csv
48169,4092,18,2026-01-07,CALL,1,N,2026-01-12 10:00:00,batch_002,workqueue_actions_batch_002.csv
48170,2478,12,2026-01-12,CALL,0,Y,2026-01-12 10:00:00,batch_002,workqueue_actions_batch_002.csv
48171,4262,4,2026-01-07,ESCALATE,3,Y,2026-01-12 10:00:00,batch_002,workqueue_actions_batch_002.csv
48172,5055,6,2026-01-11,REVIEW,3,N,2026-01-12 10:00:00,batch_002,workqueue_actions_batch_002.csv
48173,4207,2,2026-01-05,ESCALATE,1,Y,2026-01-12 10:00:00,batch_002,workqueue_actions_batch_002.csv
48174,5106,10,2026-01-06,CALL,3,N,2026-01-12 10:00:00,batch_002,workqueue_actions_batch_002.csv
48175,2291,4,2026-01-10,REVIEW,4,Y,2026-01-12 10:00:00,batch_002,workqueue_actions_batch_002.csv
48176,3550,12,2026-01-06,CALL,2,Y,2026-01-12 10:00:00,batch_002,workqueue_actions_batch_002.csv
48177,2416,19,2026-01-08,CALL,0,Y,2026-01-12 10:00:00,batch_002,workqueue_actions_batch_002.csv
48178,4309,16,2026-01-12,REVIEW,4,Y,2026-01-12 10:00:00,batch_002,workqueue_actions_batch_002.csv
48179,4236,5,2026-01-07,ESCALATE,4,N,2026-01-12 10:00:00,batch_002,workqueue_actions_batch_002.csv
48180,2915,18,2026-01-09,CALL,4,N,2026-01-12 10:00:00,batch_002,workqueue_actions_batch_002.csv
48181,1824,16,2026-01-11,REVIEW,4,N,2026-01-12 10:00:00,batch_002,workqueue_actions_batch_002.csv
48182,2490,7,2026-01-05,REVIEW,1,N,2026-01-12 10:00:00,batch_002,workqueue_actions_batch_002.csv
48183,4940,17,2026-01-07,CALL,3,N,2026-01-12 10:00:00,batch_002,workqueue_actions_batch_002.csv
48184,2220,8,2026-01-06,REVIEW,1,N,2026-01-12 10:00:00,batch_002,workqueue_actions_batch_002.csv
48185,3379,4,2026-01-10,REVIEW,0,Y,2026-01-12 10:00:00,batch_002,workqueue_actions_batch_002.csv
48186,1041,6,2026-01-12,CALL,2,Y,2026-01-12 10:00:00,batch_002,workqueue_actions_batch_002.csv
48187,2460,16,2026-01-08,REVIEW,1,N,2026-01-12 10:00:00,batch_002,workqueue_actions_batch_002.csv
48188,4441,17,2026-01-08,ESCALATE,3,N,2026-01-12 10:00:00,batch_002,workqueue_actions_batch_002.csv
48189,4160,8,2026-01-11,REVIEW,2,N,2026-01-12 10:00:00,batch_002,workqueue_actions_batch_002.csv
48190,3077,4,2026-01-07,ESCALATE,0,Y,2026-01-12 10:00:00,batch_002,workqueue_actions_batch_002.csv
48191,2557,19,2026-01-11,REVIEW,4,N,2026-01-12 10:00:00,batch_002,workqueue_actions_batch_002.csv
48192,1154,14,2026-01-08,CALL,2,Y,2026-01-12 10:00:00,batch_002,workqueue_actions_batch_002.csv
48193,2711,20,2026-01-10,CALL,2,Y,2026-01-12 10:00:00,batch_002,workqueue_actions_batch_002.csv
48194,1457,1,2026-01-05,CALL,1,N,2026-01-12 10:00:00,batch_002,workqueue_actions_batch_002.csv
48195,3331,7,2026-01-07,ESCALATE,4,Y,2026-01-12 10:00:00,batch_002,workqueue_actions_batch_002.csv
48196,2106,3,2026-01-06,NOTE,3,Y,2026-01-12 10:00:00,batch_002,workqueue_actions_batch_002.csv
48197,2238,8,2026-01-07,NOTE,4,N,2026-01-12 10:00:00,batch_002,workqueue_actions_batch_002.csv
48198,4916,3,2026-01-06,CALL,2,Y,2026-01-12 10:00:00,batch_002,workqueue_actions_batch_002.csv
48199,1753,4,2026-01-10,CALL,0,Y,2026-01-12 10:00:00,batch_002,workqueue_actions_batch_002.csv
48200,1711,15,2026-01-05,NOTE,0,N,2026-01-12 10:00:00,batch_002,workqueue_actions_batch_002.csv
48201,1196,19,2026-01-07,CALL,3,Y,2026-01-12 10:00:00,batch_002,workqueue_actions_batch_002.csv
48202,4182,17,2026-01-08,REVIEW,3,N,2026-01-12 10:00:00,batch_002,workqueue_actions_batch_002.csv
48203,3602,15,2026-01-09,CALL,3,N,2026-01-12 10:00:00,batch_002,workqueue_actions_batch_002.csv
48204,3201,10,2026-01-11,CALL,3,N,2026-01-12 10:00:00,batch_002,workqueue_actions_batch_002.csv
48205,2536,5,2026-01-07,CALL,0,Y,2026-01-12 10:00:00,batch_002,workqueue_actions_batch_002.csv
48206,2204,16,2026-01-11,ESCALATE,2,Y,2026-01-12 10:00:00,batch_002,workqueue_actions_batch_002.csv
48207,2129,7,2026-01-10,ESCALATE,2,N,2026-01-12 10:00:00,batch_002,workqueue_actions_batch_002.csv
48208,3490,7,2026-01-12,NOTE,1,Y,2026-01-12 10:00:00,batch_002,workqueue_actions_batch_002.csv
48209,4669,10,2026-01-09,CALL,4,N,2026-01-12 10:00:00,batch_002,workqueue_actions_batch_002.csv
48210,2290,11,2026-01-05,REVIEW,0,N,2026-01-12 10:00:00,batch_002,workqueue_actions_batch_002.csv
48211,3301,17,2026-01-12,REVIEW,3,N,2026-01-12 10:00:00,batch_002,workqueue_actions_batch_002.csv
48212,1557,4,2026-01-09,CALL,1,Y,2026-01-12 10:00:00,batch_002,workqueue_actions_batch_002.csv
48213,2080,18,2026-01-06,NOTE,0,N,2026-01-12 10:00:00,batch_002,workqueue_actions_batch_002.csv
48214,5287,18,2026-01-06,CALL,4,N,2026-01-12 10:00:00,batch_002,workqueue_actions_batch_002.csv
48215,1072,12,2026-01-09,NOTE,1,N,2026-01-12 10:00:00,batch_002,workqueue_actions_batch_002.csv
48216,2313,9,2026-01-08,REVIEW,2,N,2026-01-12 10:00:00,batch_002,workqueue_actions_batch_002.csv
48217,3852,13,2026-01-12,NOTE,2,Y,2026-01-12 10:00:00,batch_002,workqueue_actions_batch_002.csv
48218,3717,20,2026-01-05,CALL,1,N,2026-01-12 10:00:00,batch_002,workqueue_actions_batch_002.csv
48219,2830,16,2026-01-12,CALL,0,N,2026-01-12 10:00:00,batch_002,workqueue_actions_batch_002.csv
48220,4793,10,2026-01-07,NOTE,2,N,2026-01-12 10:00:00,batch_002,workqueue_actions_batch_002.csv
48221,2841,11,2026-01-12,NOTE,1,Y,2026-01-12 10:00:00,batch_002,workqueue_actions_batch_002.csv
48222,2970,9,2026-01-11,NOTE,1,Y,2026-01-12 10:00:00,batch_002,workqueue_actions_batch_002.csv
48223,3448,20,2026-01-08,NOTE,1,Y,2026-01-12 10:00:00,batch_002,workqueue_actions_batch_002.csv
48224,3634,16,2026-01-12,REVIEW,4,Y,2026-01-12 10:00:00,batch_002,workqueue_actions_batch_002.csv
48225,2908,1,2026-01-09,REVIEW,1,Y,2026-01-12 10:00:00,batch_002,workqueue_actions_batch_002.csv
48226,2942,11,2026-01-07,ESCALATE,3,N,2026-01-12 10:00:00,batch_002,workqueue_actions_batch_002.csv
48227,4993,3,2026-01-07,NOTE,0,Y,2026-01-12 10:00:00,batch_002,workqueue_actions_batch_002.csv
48228,2520,17,2026-01-12,ESCALATE,0,Y,2026-01-12 10:00:00,batch_002,workqueue_actions_batch_002.csv
48229,4081,10,2026-01-10,CALL,0,Y,2026-01-12 10:00:00,batch_002,workqueue_actions_batch_002.csv
48230,3813,12,2026-01-11,ESCALATE,0,N,2026-01-12 10:00:00,batch_002,workqueue_actions_batch_002.csv
48231,3818,2,2026-01-10,REVIEW,0,Y,2026-01-12 10:00:00,batch_002,workqueue_actions_batch_002.csv
48232,2914,6,2026-01-08,ESCALATE,3,N,2026-01-12 10:00:00,batch_002,workqueue_actions_batch_002.csv
48233,2502,12,2026-01-05,CALL,1,Y,2026-01-12 10:00:00,batch_002,workqueue_actions_batch_002.csv
48234,5069,13,2026-01-10,ESCALATE,3,Y,2026-01-12 10:00:00,batch_002,workqueue_actions_batch_002.csv
48235,1621,12,2026-01-11,NOTE,2,N,2026-01-12 10:00:00,batch_002,workqueue_actions_batch_002.csv
48236,4667,20,2026-01-11,CALL,3,N,2026-01-12 10:00:00,batch_002,workqueue_actions_batch_002.csv
48237,2673,10,2026-01-07,REVIEW,1,N,2026-01-12 10:00:00,batch_002,workqueue_actions_batch_002.csv
48238,4941,20,2026-01-11,REVIEW,4,N,2026-01-12 10:00:00,batch_002,workqueue_actions_batch_002.csv
48239,4625,7,2026-01-08,REVIEW,2,Y,2026-01-12 10:00:00,batch_002,workqueue_actions_batch_002.csv
48240,3355,6,2026-01-11,CALL,3,N,2026-01-12 10:00:00,batch_002,workqueue_actions_batch_002.csv
48241,1250,17,2026-01-05,REVIEW,0,N,2026-01-12 10:00:00,batch_002,workqueue_actions_batch_002.csv
48242,2914,20,2026-01-10,ESCALATE,3,N,2026-01-12 10:00:00,batch_002,workqueue_actions_batch_002.csv
48243,2389,3,2026-01-10,ESCALATE,1,Y,2026-01-12 10:00:00,batch_002,workqueue_actions_batch_002.csv
48244,1483,6,2026-01-10,ESCALATE,2,Y,2026-01-12 10:00:00,batch_002,workqueue_actions_batch_002.csv
48245,3894,5,2026-01-08,CALL,3,N,2026-01-12 10:00:00,batch_002,workqueue_actions_batch_002.csv
48246,4470,20,2026-01-08,ESCALATE,4,Y,2026-01-12 10:00:00,batch_002,workqueue_actions_batch_002.csv
48247,2708,10,2026-01-05,CALL,3,N,2026-01-12 10:00:00,batch_002,workqueue_actions_batch_002.csv
48248,2845,17,2026-01-11,REVIEW,2,Y,2026-01-12 10:00:00,batch_002,workqueue_actions_batch_002.csv
48249,2738,16,2026-01-07,NOTE,3,N,2026-01-12 10:00:00,batch_002,workqueue_actions_batch_002.csv
48250,2698,20,2026-01-10,ESCALATE,4,Y,2026-01-12 10:00:00,batch_002,workqueue_actions_batch_002.csv
48251,5171,14,2026-01-12,NOTE,0,N,2026-01-12 10:00:00,batch_002,workqueue_actions_batch_002.csv
48252,4571,16,2026-01-05,NOTE,2,Y,2026-01-12 10:00:00,batch_002,workqueue_actions_batch_002.csv
48253,1310,5,2026-01-07,REVIEW,4,Y,2026-01-12 10:00:00,batch_002,workqueue_actions_batch_002.csv
48254,4692,19,2026-01-11,REVIEW,1,Y,2026-01-12 10:00:00,batch_002,workqueue_actions_batch_002.csv
48255,4986,11,2026-01-09,CALL,0,Y,2026-01-12 10:00:00,batch_002,workqueue_actions_batch_002.csv
48256,4168,11,2026-01-08,ESCALATE,3,N,2026-01-12 10:00:00,batch_002,workqueue_actions_batch_002.csv
48257,4094,19,2026-01-09,NOTE,4,N,2026-01-12 10:00:00,batch_002,workqueue_actions_batch_002.csv
48258,5218,8,2026-01-11,REVIEW,0,Y,2026-01-12 10:00:00,batch_002,workqueue_actions_batch_002.csv
48259,4242,13,2026-01-05,ESCALATE,2,N,2026-01-12 10:00:00,batch_002,workqueue_actions_batch_002.csv
48260,1999,16,2026-01-10,NOTE,3,Y,2026-01-12 10:00:00,batch_002,workqueue_actions_batch_002.csv
48261,3228,19,2026-01-12,ESCALATE,2,N,2026-01-12 10:00:00,batch_002,workqueue_actions_batch_002.csv
48262,3862,1,2026-01-12,NOTE,3,N,2026-01-12 10:00:00,batch_002,workqueue_actions_batch_002.csv
48263,4545,11,2026-01-11,CALL,4,Y,2026-01-12 10:00:00,batch_002,workqueue_actions_batch_002.csv
48264,2099,20,2026-01-06,CALL,1,Y,2026-01-12 10:00:00,batch_002,workqueue_actions_batch_002.csv
48265,4103,19,2026-01-09,CALL,3,Y,2026-01-12 10:00:00,batch_002,workqueue_actions_batch_002.csv
48266,4672,6,2026-01-10,ESCALATE,2,N,2026-01-12 10:00:00,batch_002,workqueue_actions_batch_002.csv
48267,2144,14,2026-01-12,CALL,0,Y,2026-01-12 10:00:00,batch_002,workqueue_actions_batch_002.csv
48268,4322,9,2026-01-08,REVIEW,3,N,2026-01-12 10:00:00,batch_002,workqueue_actions_batch_002.csv
48269,5009,3,2026-01-10,CALL,0,N,2026-01-12 10:00:00,batch_002,workqueue_actions_batch_002.csv
48270,2540,7,2026-01-07,NOTE,2,N,2026-01-12 10:00:00,batch_002,workqueue_actions_batch_002.csv
48271,5278,2,2026-01-10,CALL,4,Y,2026-01-12 10:00:00,batch_002,workqueue_actions_batch_002.csv
48272,1768,12,2026-01-07,REVIEW,1,N,2026-01-12 10:00:00,batch_002,workqueue_actions_batch_002.csv
48273,2499,15,2026-01-11,NOTE,0,Y,2026-01-12 10:00:00,batch_002,workqueue_actions_batch_002.csv
48274,4433,7,2026-01-10,NOTE,1,N,2026-01-12 10:00:00,batch_002,workqueue_actions_batch_002.csv
48275,5050,15,2026-01-12,ESCALATE,1,N,2026-01-12 10:00:00,batch_002,workqueue_actions_batch_002.csv
48276,1499,13,2026-01-11,CALL,4,Y,2026-01-12 10:00:00,batch_002,workqueue_actions_batch_002.csv
48277,1677,3,2026-01-07,NOTE,0,Y,2026-01-12 10:00:00,batch_002,workqueue_actions_batch_002.csv
48278,1599,8,2026-01-05,CALL,2,Y,2026-01-12 10:00:00,batch_002,workqueue_actions_batch_002.csv
48279,3616,9,2026-01-08,REVIEW,0,N,2026-01-12 10:00:00,batch_002,workqueue_actions_batch_002.csv
48280,1357,2,2026-01-07,NOTE,4,Y,2026-01-12 10:00:00,batch_002,workqueue_actions_batch_002.csv
48281,5198,3,2026-01-10,ESCALATE,0,Y,2026-01-12 10:00:00,batch_002,workqueue_actions_batch_002.csv
48282,3102,14,2026-01-05,CALL,2,N,2026-01-12 10:00:00,batch_002,workqueue_actions_batch_002.csv
48283,4833,3,2026-01-11,NOTE,2,N,2026-01-12 10:00:00,batch_002,workqueue_actions_batch_002.csv
48284,3942,12,2026-01-11,REVIEW,0,Y,2026-01-12 10:00:00,batch_002,workqueue_actions_batch_002.csv
48285,1659,2,2026-01-08,REVIEW,4,N,2026-01-12 10:00:00,batch_002,workqueue_actions_batch_002.csv
48286,3160,2,2026-01-08,ESCALATE,3,N,2026-01-12 10:00:00,batch_002,workqueue_actions_batch_002.csv
48287,3353,15,2026-01-07,CALL,2,Y,2026-01-12 10:00:00,batch_002,workqueue_actions_batch_002.csv
48288,5246,3,2026-01-10,NOTE,2,N,2026-01-12 10:00:00,batch_002,workqueue_actions_batch_002.csv
48289,4027,20,2026-01-08,REVIEW,3,Y,2026-01-12 10:00:00,batch_002,workqueue_actions_batch_002.csv
48290,1664,10,2026-01-12,NOTE,0,Y,2026-01-12 10:00:00,batch_002,workqueue_actions_batch_002.csv
48291,4769,1,2026-01-08,ESCALATE,4,Y,2026-01-12 10:00:00,batch_002,workqueue_actions_batch_002.csv
48292,2753,1,2026-01-05,CALL,3,N,2026-01-12 10:00:00,batch_002,workqueue_actions_batch_002.csv
48293,2732,2,2026-01-07,CALL,0,Y,2026-01-12 10:00:00,batch_002,workqueue_actions_batch_002.csv
48294,3458,10,2026-01-11,REVIEW,2,N,2026-01-12 10:00:00,batch_002,workqueue_actions_batch_002.csv
48295,3464,16,2026-01-12,ESCALATE,1,Y,2026-01-12 10:00:00,batch_002,workqueue_actions_batch_002.csv
48296,2039,12,2026-01-08,REVIEW,3,N,2026-01-12 10:00:00,batch_002,workqueue_actions_batch_002.csv
48297,3015,2,2026-01-08,CALL,1,N,2026-01-12 10:00:00,batch_002,workqueue_actions_batch_002.csv
48298,2578,4,2026-01-07,NOTE,0,N,2026-01-12 10:00:00,batch_002,workqueue_actions_batch_002.csv
48299,4469,15,2026-01-10,CALL,0,N,2026-01-12 10:00:00,batch_002,workqueue_actions_batch_002.csv
48300,1721,14,2026-01-10,NOTE,0,Y,2026-01-12 10:00:00,batch_002,workqueue_actions_batch_002.csv
48301,1559,16,2026-01-06,NOTE,0,Y,2026-01-12 10:00:00,batch_002,workqueue_actions_batch_002.csv
48302,2514,6,2026-01-06,ESCALATE,2,N,2026-01-12 10:00:00,batch_002,workqueue_actions_batch_002.csv
48303,2153,19,2026-01-11,NOTE,0,Y,2026-01-12 10:00:00,batch_002,workqueue_actions_batch_002.csv
48304,2577,15,2026-01-08,REVIEW,1,Y,2026-01-12 10:00:00,batch_002,workqueue_actions_batch_002.csv
48305,2619,2,2026-01-11,REVIEW,3,Y,2026-01-12 10:00:00,batch_002,workqueue_actions_batch_002.csv
48306,1360,15,2026-01-12,REVIEW,2,N,2026-01-12 10:00:00,batch_002,workqueue_actions_batch_002.csv
48307,3594,14,2026-01-08,REVIEW,3,N,2026-01-12 10:00:00,batch_002,workqueue_actions_batch_002.csv
48308,3329,7,2026-01-06,ESCALATE,3,N,2026-01-12 10:00:00,batch_002,workqueue_actions_batch_002.csv
48309,1700,10,2026-01-12,CALL,2,N,2026-01-12 10:00:00,batch_002,workqueue_actions_batch_002.csv
48310,2400,2,2026-01-07,ESCALATE,1,N,2026-01-12 10:00:00,batch_002,workqueue_actions_batch_002.csv
48311,1658,9,2026-01-09,ESCALATE,1,N,2026-01-12 10:00:00,batch_002,workqueue_actions_batch_002.csv
48312,3538,18,2026-01-10,CALL,4,Y,2026-01-12 10:00:00,batch_002,workqueue_actions_batch_002.csv
48313,4939,15,2026-01-09,ESCALATE,2,N,2026-01-12 10:00:00,batch_002,workqueue_actions_batch_002.csv
48314,2376,9,2026-01-11,ESCALATE,3,N,2026-01-12 10:00:00,batch_002,workqueue_actions_batch_002.csv
48315,2334,7,2026-01-10,NOTE,4,Y,2026-01-12 10:00:00,batch_002,workqueue_actions_batch_002.csv
48316,2492,9,2026-01-07,ESCALATE,4,Y,2026-01-12 10:00:00,batch_002,workqueue_actions_batch_002.csv
48317,4781,15,2026-01-09,NOTE,1,Y,2026-01-12 10:00:00,batch_002,workqueue_actions_batch_002.csv
48318,4073,10,2026-01-05,ESCALATE,3,N,2026-01-12 10:00:00,batch_002,workqueue_actions_batch_002.csv
48319,5117,11,2026-01-05,NOTE,0,N,2026-01-12 10:00:00,batch_002,workqueue_actions_batch_002.csv
48320,2799,17,2026-01-09,REVIEW,4,Y,2026-01-12 10:00:00,batch_002,workqueue_actions_batch_002.csv
48321,4758,1,2026-01-11,ESCALATE,0,Y,2026-01-12 10:00:00,batch_002,workqueue_actions_batch_002.csv
48322,2282,18,2026-01-09,ESCALATE,1,N,2026-01-12 10:00:00,batch_002,workqueue_actions_batch_002.csv
48323,3168,5,2026-01-06,ESCALATE,2,Y,2026-01-12 10:00:00,batch_002,workqueue_actions_batch_002.csv
48324,2186,9,2026-01-11,CALL,3,N,2026-01-12 10:00:00,batch_002,workqueue_actions_batch_002.csv
48325,4182,3,2026-01-05,NOTE,3,Y,2026-01-12 10:00:00,batch_002,workqueue_actions_batch_002.csv
48326,2336,7,2026-01-05,CALL,4,N,2026-01-12 10:00:00,batch_002,workqueue_actions_batch_002.csv
48327,3388,4,2026-01-09,ESCALATE,1,N,2026-01-12 10:00:00,batch_002,workqueue_actions_batch_002.csv
48328,4922,4,2026-01-08,ESCALATE,0,N,2026-01-12 10:00:00,batch_002,workqueue_actions_batch_002.csv
48329,4400,9,2026-01-10,REVIEW,3,Y,2026-01-12 10:00:00,batch_002,workqueue_actions_batch_002.csv
48330,4425,17,2026-01-07,REVIEW,2,N,2026-01-12 10:00:00,batch_002,workqueue_actions_batch_002.csv
48331,1500,18,2026-01-12,NOTE,2,Y,2026-01-12 10:00:00,batch_002,workqueue_actions_batch_002.csv
48332,3698,9,2026-01-05,NOTE,0,Y,2026-01-12 10:00:00,batch_002,workqueue_actions_batch_002.csv
48333,2204,20,2026-01-09,REVIEW,3,N,2026-01-12 10:00:00,batch_002,workqueue_actions_batch_002.csv
48334,4004,20,2026-01-08,CALL,1,Y,2026-01-12 10:00:00,batch_002,workqueue_actions_batch_002.csv
48335,3420,12,2026-01-12,NOTE,1,N,2026-01-12 10:00:00,batch_002,workqueue_actions_batch_002.csv
48336,3329,16,2026-01-05,CALL,0,Y,2026-01-12 10:00:00,batch_002,workqueue_actions_batch_002.csv
48337,5059,11,2026-01-08,CALL,4,N,2026-01-12 10:00:00,batch_002,workqueue_actions_batch_002.csv
48338,4245,8,2026-01-11,NOTE,4,Y,2026-01-12 10:00:00,batch_002,workqueue_actions_batch_002.csv
48339,3520,17,2026-01-12,NOTE,1,N,2026-01-12 10:00:00,batch_002,workqueue_actions_batch_002.csv
48340,4372,13,2026-01-12,REVIEW,3,Y,2026-01-12 10:00:00,batch_002,workqueue_actions_batch_002.csv
48341,3874,12,2026-01-07,ESCALATE,3,N,2026-01-12 10:00:00,batch_002,workqueue_actions_batch_002.csv
48342,2693,20,2026-01-11,REVIEW,4,N,2026-01-12 10:00:00,batch_002,workqueue_actions_batch_002.csv
48343,4006,6,2026-01-12,CALL,3,N,2026-01-12 10:00:00,batch_002,workqueue_actions_batch_002.csv
48344,2189,13,2026-01-08,CALL,1,Y,2026-01-12 10:00:00,batch_002,workqueue_actions_batch_002.csv
48345,4609,3,2026-01-11,CALL,0,Y,2026-01-12 10:00:00,batch_002,workqueue_actions_batch_002.csv
48346,4143,6,2026-01-10,NOTE,1,Y,2026-01-12 10:00:00,batch_002,workqueue_actions_batch_002.csv
48347,3503,9,2026-01-11,REVIEW,4,N,2026-01-12 10:00:00,batch_002,workqueue_actions_batch_002.csv
48348,2257,13,2026-01-05,NOTE,2,Y,2026-01-12 10:00:00,batch_002,workqueue_actions_batch_002.csv
48349,4516,1,2026-01-06,ESCALATE,2,N,2026-01-12 10:00:00,batch_002,workqueue_actions_batch_002.csv
48350,2479,4,2026-01-09,CALL,3,Y,2026-01-12 10:00:00,batch_002,workqueue_actions_batch_002.csv
48351,4110,8,2026-01-09,ESCALATE,4,N,2026-01-12 10:00:00,batch_002,workqueue_actions_batch_002.csv
48352,1192,14,2026-01-09,REVIEW,1,N,2026-01-12 10:00:00,batch_002,workqueue_actions_batch_002.csv
48353,2010,17,2026-01-12,ESCALATE,1,Y,2026-01-12 10:00:00,batch_002,workqueue_actions_batch_002.csv
48354,2773,12,2026-01-08,CALL,0,N,2026-01-12 10:00:00,batch_002,workqueue_actions_batch_002.csv
48355,1677,4,2026-01-08,CALL,4,N,2026-01-12 10:00:00,batch_002,workqueue_actions_batch_002.csv
48356,4279,20,2026-01-06,ESCALATE,2,Y,2026-01-12 10:00:00,batch_002,workqueue_actions_batch_002.csv
48357,5031,5,2026-01-12,CALL,4,Y,2026-01-12 10:00:00,batch_002,workqueue_actions_batch_002.csv
48358,4208,2,2026-01-06,CALL,4,Y,2026-01-12 10:00:00,batch_002,workqueue_actions_batch_002.csv
48359,3591,15,2026-01-05,ESCALATE,2,N,2026-01-12 10:00:00,batch_002,workqueue_actions_batch_002.csv
48360,1724,19,2026-01-07,NOTE,1,Y,2026-01-12 10:00:00,batch_002,workqueue_actions_batch_002.csv
48361,4635,13,2026-01-05,CALL,2,N,2026-01-12 10:00:00,batch_002,workqueue_actions_batch_002.csv
48362,1935,8,2026-01-09,ESCALATE,1,Y,2026-01-12 10:00:00,batch_002,workqueue_actions_batch_002.csv
48363,1671,16,2026-01-05,NOTE,0,Y,2026-01-12 10:00:00,batch_002,workqueue_actions_batch_002.csv
48364,1774,6,2026-01-07,CALL,0,N,2026-01-12 10:00:00,batch_002,workqueue_actions_batch_002.csv
48365,1421,2,2026-01-06,NOTE,1,Y,2026-01-12 10:00:00,batch_002,workqueue_actions_batch_002.csv
48366,3125,2,2026-01-05,ESCALATE,0,N,2026-01-12 10:00:00,batch_002,workqueue_actions_batch_002.csv
48367,3200,3,2026-01-09,ESCALATE,2,N,2026-01-12 10:00:00,batch_002,workqueue_actions_batch_002.csv
48368,2253,13,2026-01-07,ESCALATE,2,N,2026-01-12 10:00:00,batch_002,workqueue_actions_batch_002.csv
48369,4210,10,2026-01-05,NOTE,4,N,2026-01-12 10:00:00,batch_002,workqueue_actions_batch_002.csv
48370,1188,6,2026-01-09,REVIEW,0,N,2026-01-12 10:00:00,batch_002,workqueue_actions_batch_002.csv
48371,1596,1,2026-01-08,NOTE,0,N,2026-01-12 10:00:00,batch_002,workqueue_actions_batch_002.csv
48372,1974,12,2026-01-10,NOTE,0,N,2026-01-12 10:00:00,batch_002,workqueue_actions_batch_002.csv
48373,4622,9,2026-01-06,NOTE,2,N,2026-01-12 10:00:00,batch_002,workqueue_actions_batch_002.csv
48374,1277,11,2026-01-12,REVIEW,1,Y,2026-01-12 10:00:00,batch_002,workqueue_actions_batch_002.csv
48375,4941,13,2026-01-08,ESCALATE,2,Y,2026-01-12 10:00:00,batch_002,workqueue_actions_batch_002.csv
48376,4862,18,2026-01-05,NOTE,3,Y,2026-01-12 10:00:00,batch_002,workqueue_actions_batch_002.csv
48377,2306,14,2026-01-10,CALL,3,N,2026-01-12 10:00:00,batch_002,workqueue_actions_batch_002.csv
48378,1279,1,2026-01-08,NOTE,0,N,2026-01-12 10:00:00,batch_002,workqueue_actions_batch_002.csv
48379,3215,9,2026-01-06,REVIEW,4,Y,2026-01-12 10:00:00,batch_002,workqueue_actions_batch_002.csv
48380,3518,15,2026-01-12,ESCALATE,4,N,2026-01-12 10:00:00,batch_002,workqueue_actions_batch_002.csv
48381,4148,6,2026-01-11,NOTE,2,N,2026-01-12 10:00:00,batch_002,workqueue_actions_batch_002.csv
48382,2729,10,2026-01-05,REVIEW,3,N,2026-01-12 10:00:00,batch_002,workqueue_actions_batch_002.csv
48383,1673,16,2026-01-11,CALL,3,N,2026-01-12 10:00:00,batch_002,workqueue_actions_batch_002.csv
48384,1533,2,2026-01-11,REVIEW,2,N,2026-01-12 10:00:00,batch_002,workqueue_actions_batch_002.csv
48385,3895,14,2026-01-05,NOTE,1,N,2026-01-12 10:00:00,batch_002,workqueue_actions_batch_002.csv
48386,2471,5,2026-01-05,REVIEW,4,N,2026-01-12 10:00:00,batch_002,workqueue_actions_batch_002.csv
48387,1071,4,2026-01-06,REVIEW,0,N,2026-01-12 10:00:00,batch_002,workqueue_actions_batch_002.csv
48388,4601,15,2026-01-07,ESCALATE,3,N,2026-01-12 10:00:00,batch_002,workqueue_actions_batch_002.csv
48389,3949,10,2026-01-09,NOTE,2,N,2026-01-12 10:00:00,batch_002,workqueue_actions_batch_002.csv
48390,2399,18,2026-01-07,REVIEW,1,Y,2026-01-12 10:00:00,batch_002,workqueue_actions_batch_002.csv
48391,3506,11,2026-01-09,ESCALATE,3,Y,2026-01-12 10:00:00,batch_002,workqueue_actions_batch_002.csv
48392,3096,3,2026-01-07,REVIEW,3,N,2026-01-12 10:00:00,batch_002,workqueue_actions_batch_002.csv
48393,3696,6,2026-01-12,NOTE,2,N,2026-01-12 10:00:00,batch_002,workqueue_actions_batch_002.csv
48394,3605,10,2026-01-07,NOTE,0,Y,2026-01-12 10:00:00,batch_002,workqueue_actions_batch_002.csv
48395,1559,19,2026-01-11,NOTE,3,Y,2026-01-12 10:00:00,batch_002,workqueue_actions_batch_002.csv
48396,3724,15,2026-01-08,NOTE,1,Y,2026-01-12 10:00:00,batch_002,workqueue_actions_batch_002.csv
48397,4305,9,2026-01-11,ESCALATE,2,N,2026-01-12 10:00:00,batch_002,workqueue_actions_batch_002.csv
48398,3985,15,2026-01-12,ESCALATE,2,Y,2026-01-12 10:00:00,batch_002,workqueue_actions_batch_002.csv
48399,1991,20,2026-01-10,ESCALATE,3,N,2026-01-12 10:00:00,batch_002,workqueue_actions_batch_002.csv
48400,4634,19,2026-01-10,NOTE,4,N,2026-01-12 10:00:00,batch_002,workqueue_actions_batch_002.csv
48401,5116,12,2026-01-12,NOTE,1,Y,2026-01-12 10:00:00,batch_002,workqueue_actions_batch_002.csv
48402,3957,10,2026-01-05,ESCALATE,4,Y,2026-01-12 10:00:00,batch_002,workqueue_actions_batch_002.csv
48403,3070,14,2026-01-06,ESCALATE,0,Y,2026-01-12 10:00:00,batch_002,workqueue_actions_batch_002.csv
48404,3376,1,2026-01-06,NOTE,0,Y,2026-01-12 10:00:00,batch_002,workqueue_actions_batch_002.csv
48405,1885,5,2026-01-06,NOTE,4,N,2026-01-12 10:00:00,batch_002,workqueue_actions_batch_002.csv
48406,2192,6,2026-01-12,ESCALATE,0,N,2026-01-12 10:00:00,batch_002,workqueue_actions_batch_002.csv
48407,2736,6,2026-01-09,REVIEW,0,Y,2026-01-12 10:00:00,batch_002,workqueue_actions_batch_002.csv
48408,3884,9,2026-01-10,ESCALATE,4,N,2026-01-12 10:00:00,batch_002,workqueue_actions_batch_002.csv
48409,2501,2,2026-01-10,REVIEW,1,N,2026-01-12 10:00:00,batch_002,workqueue_actions_batch_002.csv
48410,2973,7,2026-01-09,CALL,4,Y,2026-01-12 10:00:00,batch_002,workqueue_actions_batch_002.csv
48411,3714,9,2026-01-11,ESCALATE,4,N,2026-01-12 10:00:00,batch_002,workqueue_actions_batch_002.csv
48412,4037,14,2026-01-07,REVIEW,3,Y,2026-01-12 10:00:00,batch_002,workqueue_actions_batch_002.csv
48413,1237,7,2026-01-05,REVIEW,2,Y,2026-01-12 10:00:00,batch_002,workqueue_actions_batch_002.csv
48414,5220,6,2026-01-05,REVIEW,4,Y,2026-01-12 10:00:00,batch_002,workqueue_actions_batch_002.csv
48415,1184,11,2026-01-09,REVIEW,1,Y,2026-01-12 10:00:00,batch_002,workqueue_actions_batch_002.csv
48416,2272,4,2026-01-12,CALL,3,N,2026-01-12 10:00:00,batch_002,workqueue_actions_batch_002.csv
48417,2503,5,2026-01-08,CALL,4,N,2026-01-12 10:00:00,batch_002,workqueue_actions_batch_002.csv
48418,1662,9,2026-01-05,CALL,2,Y,2026-01-12 10:00:00,batch_002,workqueue_actions_batch_002.csv
48419,1316,17,2026-01-06,NOTE,2,Y,2026-01-12 10:00:00,batch_002,workqueue_actions_batch_002.csv
48420,1344,20,2026-01-10,ESCALATE,3,Y,2026-01-12 10:00:00,batch_002,workqueue_actions_batch_002.csv
48421,4831,8,2026-01-09,CALL,4,Y,2026-01-12 10:00:00,batch_002,workqueue_actions_batch_002.csv
48422,2798,4,2026-01-08,REVIEW,3,Y,2026-01-12 10:00:00,batch_002,workqueue_actions_batch_002.csv
48423,3606,15,2026-01-10,ESCALATE,1,Y,2026-01-12 10:00:00,batch_002,workqueue_actions_batch_002.csv
48424,2395,17,2026-01-10,CALL,2,N,2026-01-12 10:00:00,batch_002,workqueue_actions_batch_002.csv
48425,1450,7,2026-01-10,ESCALATE,4,N,2026-01-12 10:00:00,batch_002,workqueue_actions_batch_002.csv
48426,3190,10,2026-01-12,ESCALATE,1,N,2026-01-12 10:00:00,batch_002,workqueue_actions_batch_002.csv
48427,4996,18,2026-01-07,NOTE,4,N,2026-01-12 10:00:00,batch_002,workqueue_actions_batch_002.csv
48428,1899,15,2026-01-06,ESCALATE,3,Y,2026-01-12 10:00:00,batch_002,workqueue_actions_batch_002.csv
48429,2724,19,2026-01-08,REVIEW,4,Y,2026-01-12 10:00:00,batch_002,workqueue_actions_batch_002.csv
48430,2694,6,2026-01-10,REVIEW,3,N,2026-01-12 10:00:00,batch_002,workqueue_actions_batch_002.csv
48431,3139,7,2026-01-11,REVIEW,2,Y,2026-01-12 10:00:00,batch_002,workqueue_actions_batch_002.csv
48432,2075,6,2026-01-08,REVIEW,3,N,2026-01-12 10:00:00,batch_002,workqueue_actions_batch_002.csv
48433,4887,5,2026-01-09,REVIEW,2,N,2026-01-12 10:00:00,batch_002,workqueue_actions_batch_002.csv
48434,3347,10,2026-01-08,ESCALATE,4,N,2026-01-12 10:00:00,batch_002,workqueue_actions_batch_002.csv
48435,2165,9,2026-01-05,ESCALATE,0,N,2026-01-12 10:00:00,batch_002,workqueue_actions_batch_002.csv
48436,2032,7,2026-01-12,CALL,1,N,2026-01-12 10:00:00,batch_002,workqueue_actions_batch_002.csv
48437,3620,7,2026-01-08,CALL,0,N,2026-01-12 10:00:00,batch_002,workqueue_actions_batch_002.csv
48438,1372,17,2026-01-06,REVIEW,4,Y,2026-01-12 10:00:00,batch_002,workqueue_actions_batch_002.csv
48439,2847,10,2026-01-11,CALL,4,Y,2026-01-12 10:00:00,batch_002,workqueue_actions_batch_002.csv
48440,1293,17,2026-01-11,REVIEW,2,N,2026-01-12 10:00:00,batch_002,workqueue_actions_batch_002.csv
48441,3824,9,2026-01-11,NOTE,3,N,2026-01-12 10:00:00,batch_002,workqueue_actions_batch_002.csv
48442,1755,12,2026-01-12,REVIEW,0,N,2026-01-12 10:00:00,batch_002,workqueue_actions_batch_002.csv
48443,1278,1,2026-01-06,ESCALATE,0,N,2026-01-12 10:00:00,batch_002,workqueue_actions_batch_002.csv
48444,1269,2,2026-01-11,ESCALATE,3,Y,2026-01-12 10:00:00,batch_002,workqueue_actions_batch_002.csv
48445,4514,1,2026-01-06,REVIEW,3,N,2026-01-12 10:00:00,batch_002,workqueue_actions_batch_002.csv
48446,2240,10,2026-01-08,ESCALATE,3,N,2026-01-12 10:00:00,batch_002,workqueue_actions_batch_002.csv
48447,1745,12,2026-01-07,CALL,0,N,2026-01-12 10:00:00,batch_002,workqueue_actions_batch_002.csv
48448,4700,1,2026-01-09,REVIEW,4,N,2026-01-12 10:00:00,batch_002,workqueue_actions_batch_002.csv
48449,4384,17,2026-01-07,CALL,3,N,2026-01-12 10:00:00,batch_002,workqueue_actions_batch_002.csv
48450,3311,20,2026-01-09,ESCALATE,4,Y,2026-01-12 10:00:00,batch_002,workqueue_actions_batch_002.csv
48451,4465,2,2026-01-05,ESCALATE,4,Y,2026-01-12 10:00:00,batch_002,workqueue_actions_batch_002.csv
48452,3544,17,2026-01-09,CALL,3,N,2026-01-12 10:00:00,batch_002,workqueue_actions_batch_002.csv
48453,2339,2,2026-01-06,REVIEW,1,N,2026-01-12 10:00:00,batch_002,workqueue_actions_batch_002.csv
48454,3112,13,2026-01-11,REVIEW,3,N,2026-01-12 10:00:00,batch_002,workqueue_actions_batch_002.csv
48455,1042,15,2026-01-11,NOTE,0,Y,2026-01-12 10:00:00,batch_002,workqueue_actions_batch_002.csv
48456,4054,2,2026-01-12,ESCALATE,4,Y,2026-01-12 10:00:00,batch_002,workqueue_actions_batch_002.csv
48457,2755,18,2026-01-06,ESCALATE,2,Y,2026-01-12 10:00:00,batch_002,workqueue_actions_batch_002.csv
48458,3962,8,2026-01-06,NOTE,2,Y,2026-01-12 10:00:00,batch_002,workqueue_actions_batch_002.csv
48459,5143,2,2026-01-07,REVIEW,0,Y,2026-01-12 10:00:00,batch_002,workqueue_actions_batch_002.csv
48460,2288,2,2026-01-08,ESCALATE,3,N,2026-01-12 10:00:00,batch_002,workqueue_actions_batch_002.csv
48461,2815,12,2026-01-12,CALL,0,Y,2026-01-12 10:00:00,batch_002,workqueue_actions_batch_002.csv
48462,3893,18,2026-01-06,REVIEW,2,N,2026-01-12 10:00:00,batch_002,workqueue_actions_batch_002.csv
48463,4971,16,2026-01-06,REVIEW,1,N,2026-01-12 10:00:00,batch_002,workqueue_actions_batch_002.csv
48464,2266,18,2026-01-08,ESCALATE,1,N,2026-01-12 10:00:00,batch_002,workqueue_actions_batch_002.csv
48465,4271,8,2026-01-11,ESCALATE,2,Y,2026-01-12 10:00:00,batch_002,workqueue_actions_batch_002.csv
48466,4775,4,2026-01-08,NOTE,2,N,2026-01-12 10:00:00,batch_002,workqueue_actions_batch_002.csv
48467,2049,19,2026-01-07,ESCALATE,0,N,2026-01-12 10:00:00,batch_002,workqueue_actions_batch_002.csv
48468,1237,18,2026-01-11,REVIEW,0,N,2026-01-12 10:00:00,batch_002,workqueue_actions_batch_002.csv
48469,4824,9,2026-01-07,ESCALATE,0,Y,2026-01-12 10:00:00,batch_002,workqueue_actions_batch_002.csv
48470,2952,1,2026-01-10,ESCALATE,4,Y,2026-01-12 10:00:00,batch_002,workqueue_actions_batch_002.csv
48471,1860,14,2026-01-09,ESCALATE,2,Y,2026-01-12 10:00:00,batch_002,workqueue_actions_batch_002.csv
48472,3480,13,2026-01-10,CALL,0,Y,2026-01-12 10:00:00,batch_002,workqueue_actions_batch_002.csv
48473,4506,2,2026-01-11,REVIEW,0,Y,2026-01-12 10:00:00,batch_002,workqueue_actions_batch_002.csv
48474,4846,1,2026-01-12,ESCALATE,3,Y,2026-01-12 10:00:00,batch_002,workqueue_actions_batch_002.csv
48475,1018,13,2026-01-08,ESCALATE,1,Y,2026-01-12 10:00:00,batch_002,workqueue_actions_batch_002.csv
48476,3128,6,2026-01-12,ESCALATE,2,Y,2026-01-12 10:00:00,batch_002,workqueue_actions_batch_002.csv
48477,2863,9,2026-01-10,REVIEW,3,Y,2026-01-12 10:00:00,batch_002,workqueue_actions_batch_002.csv
48478,2254,5,2026-01-07,CALL,3,Y,2026-01-12 10:00:00,batch_002,workqueue_actions_batch_002.csv
48479,3041,2,2026-01-05,NOTE,2,N,2026-01-12 10:00:00,batch_002,workqueue_actions_batch_002.csv
48480,1647,18,2026-01-09,NOTE,3,N,2026-01-12 10:00:00,batch_002,workqueue_actions_batch_002.csv
48481,1090,14,2026-01-10,ESCALATE,2,N,2026-01-12 10:00:00,batch_002,workqueue_actions_batch_002.csv
48482,5121,18,2026-01-08,CALL,0,Y,2026-01-12 10:00:00,batch_002,workqueue_actions_batch_002.csv
48483,4470,3,2026-01-07,ESCALATE,3,Y,2026-01-12 10:00:00,batch_002,workqueue_actions_batch_002.csv
48484,3946,19,2026-01-11,ESCALATE,1,Y,2026-01-12 10:00:00,batch_002,workqueue_actions_batch_002.csv
48485,4214,16,2026-01-12,CALL,0,Y,2026-01-12 10:00:00,batch_002,workqueue_actions_batch_002.csv
48486,2824,14,2026-01-11,CALL,2,N,2026-01-12 10:00:00,batch_002,workqueue_actions_batch_002.csv
48487,3468,4,2026-01-12,REVIEW,3,Y,2026-01-12 10:00:00,batch_002,workqueue_actions_batch_002.csv
48488,4243,5,2026-01-05,REVIEW,4,Y,2026-01-12 10:00:00,batch_002,workqueue_actions_batch_002.csv
48489,3460,10,2026-01-05,NOTE,1,N,2026-01-12 10:00:00,batch_002,workqueue_actions_batch_002.csv
48490,4603,13,2026-01-10,ESCALATE,4,Y,2026-01-12 10:00:00,batch_002,workqueue_actions_batch_002.csv
48491,2763,1,2026-01-10,REVIEW,4,Y,2026-01-12 10:00:00,batch_002,workqueue_actions_batch_002.csv
48492,1838,1,2026-01-07,REVIEW,3,N,2026-01-12 10:00:00,batch_002,workqueue_actions_batch_002.csv
48493,4721,11,2026-01-08,REVIEW,4,Y,2026-01-12 10:00:00,batch_002,workqueue_actions_batch_002.csv
48494,4220,17,2026-01-12,REVIEW,0,Y,2026-01-12 10:00:00,batch_002,workqueue_actions_batch_002.csv
48495,3098,1,2026-01-08,NOTE,3,N,2026-01-12 10:00:00,batch_002,workqueue_actions_batch_002.csv
48496,4525,9,2026-01-07,NOTE,3,N,2026-01-12 10:00:00,batch_002,workqueue_actions_batch_002.csv
48497,3254,12,2026-01-09,NOTE,0,N,2026-01-12 10:00:00,batch_002,workqueue_actions_batch_002.csv
48498,4982,8,2026-01-12,ESCALATE,3,N,2026-01-12 10:00:00,batch_002,workqueue_actions_batch_002.csv
48499,4053,1,2026-01-11,NOTE,4,N,2026-01-12 10:00:00,batch_002,workqueue_actions_batch_002.csv
48500,1106,5,2026-01-11,REVIEW,4,N,2026-01-12 10:00:00,batch_002,workqueue_actions_batch_002.csv
48501,1701,11,2026-01-11,REVIEW,1,Y,2026-01-12 10:00:00,batch_002,workqueue_actions_batch_002.csv
48502,2463,17,2026-01-08,REVIEW,1,Y,2026-01-12 10:00:00,batch_002,workqueue_actions_batch_002.csv
48503,2454,20,2026-01-10,NOTE,0,N,2026-01-12 10:00:00,batch_002,workqueue_actions_batch_002.csv
48504,4275,12,2026-01-07,ESCALATE,3,N,2026-01-12 10:00:00,batch_002,workqueue_actions_batch_002.csv
48505,1833,18,2026-01-11,ESCALATE,4,Y,2026-01-12 10:00:00,batch_002,workqueue_actions_batch_002.csv
48506,4717,18,2026-01-08,CALL,2,Y,2026-01-12 10:00:00,batch_002,workqueue_actions_batch_002.csv
48507,2021,13,2026-01-09,ESCALATE,2,Y,2026-01-12 10:00:00,batch_002,workqueue_actions_batch_002.csv
48508,2169,6,2026-01-09,CALL,4,Y,2026-01-12 10:00:00,batch_002,workqueue_actions_batch_002.csv
48509,1783,4,2026-01-07,CALL,0,N,2026-01-12 10:00:00,batch_002,workqueue_actions_batch_002.csv
48510,4810,6,2026-01-10,NOTE,1,Y,2026-01-12 10:00:00,batch_002,workqueue_actions_batch_002.csv
48511,2841,2,2026-01-10,REVIEW,1,Y,2026-01-12 10:00:00,batch_002,workqueue_actions_batch_002.csv
48512,3088,7,2026-01-08,CALL,0,Y,2026-01-12 10:00:00,batch_002,workqueue_actions_batch_002.csv
48513,4711,3,2026-01-09,NOTE,4,Y,2026-01-12 10:00:00,batch_002,workqueue_actions_batch_002.csv
48514,2583,4,2026-01-11,ESCALATE,0,N,2026-01-12 10:00:00,batch_002,workqueue_actions_batch_002.csv
48515,3600,6,2026-01-06,REVIEW,1,N,2026-01-12 10:00:00,batch_002,workqueue_actions_batch_002.csv
48516,2183,2,2026-01-05,CALL,1,N,2026-01-12 10:00:00,batch_002,workqueue_actions_batch_002.csv
48517,2438,16,2026-01-09,ESCALATE,4,N,2026-01-12 10:00:00,batch_002,workqueue_actions_batch_002.csv
48518,4096,2,2026-01-11,NOTE,1,Y,2026-01-12 10:00:00,batch_002,workqueue_actions_batch_002.csv
48519,3263,13,2026-01-07,NOTE,3,Y,2026-01-12 10:00:00,batch_002,workqueue_actions_batch_002.csv
48520,4827,16,2026-01-10,CALL,4,Y,2026-01-12 10:00:00,batch_002,workqueue_actions_batch_002.csv
48521,3266,14,2026-01-12,NOTE,1,N,2026-01-12 10:00:00,batch_002,workqueue_actions_batch_002.csv
48522,2484,4,2026-01-06,ESCALATE,4,Y,2026-01-12 10:00:00,batch_002,workqueue_actions_batch_002.csv
48523,3669,8,2026-01-06,REVIEW,2,Y,2026-01-12 10:00:00,batch_002,workqueue_actions_batch_002.csv
48524,4270,18,2026-01-06,ESCALATE,2,Y,2026-01-12 10:00:00,batch_002,workqueue_actions_batch_002.csv
48525,3564,18,2026-01-07,REVIEW,1,N,2026-01-12 10:00:00,batch_002,workqueue_actions_batch_002.csv
48526,1492,12,2026-01-11,REVIEW,0,N,2026-01-12 10:00:00,batch_002,workqueue_actions_batch_002.csv
48527,4141,17,2026-01-06,ESCALATE,2,N,2026-01-12 10:00:00,batch_002,workqueue_actions_batch_002.csv
48528,2209,9,2026-01-09,ESCALATE,4,N,2026-01-12 10:00:00,batch_002,workqueue_actions_batch_002.csv
48529,3662,9,2026-01-11,ESCALATE,2,N,2026-01-12 10:00:00,batch_002,workqueue_actions_batch_002.csv
48530,2347,17,2026-01-06,ESCALATE,1,Y,2026-01-12 10:00:00,batch_002,workqueue_actions_batch_002.csv
48531,4456,15,2026-01-06,ESCALATE,0,N,2026-01-12 10:00:00,batch_002,workqueue_actions_batch_002.csv
48532,4777,6,2026-01-11,CALL,3,N,2026-01-12 10:00:00,batch_002,workqueue_actions_batch_002.csv
48533,4161,7,2026-01-09,REVIEW,3,N,2026-01-12 10:00:00,batch_002,workqueue_actions_batch_002.csv
48534,1919,20,2026-01-10,ESCALATE,4,N,2026-01-12 10:00:00,batch_002,workqueue_actions_batch_002.csv
48535,3469,16,2026-01-07,REVIEW,4,Y,2026-01-12 10:00:00,batch_002,workqueue_actions_batch_002.csv
48536,2600,17,2026-01-10,CALL,2,N,2026-01-12 10:00:00,batch_002,workqueue_actions_batch_002.csv
48537,3194,1,2026-01-10,NOTE,4,N,2026-01-12 10:00:00,batch_002,workqueue_actions_batch_002.csv
48538,2863,14,2026-01-09,ESCALATE,2,N,2026-01-12 10:00:00,batch_002,workqueue_actions_batch_002.csv
48539,1342,19,2026-01-11,REVIEW,0,N,2026-01-12 10:00:00,batch_002,workqueue_actions_batch_002.csv
48540,5236,9,2026-01-11,CALL,3,Y,2026-01-12 10:00:00,batch_002,workqueue_actions_batch_002.csv
48541,1193,7,2026-01-08,REVIEW,2,Y,2026-01-12 10:00:00,batch_002,workqueue_actions_batch_002.csv
48542,4014,7,2026-01-11,CALL,4,Y,2026-01-12 10:00:00,batch_002,workqueue_actions_batch_002.csv
48543,2587,10,2026-01-08,ESCALATE,0,N,2026-01-12 10:00:00,batch_002,workqueue_actions_batch_002.csv
48544,5195,3,2026-01-08,NOTE,4,Y,2026-01-12 10:00:00,batch_002,workqueue_actions_batch_002.csv
48545,2074,11,2026-01-05,NOTE,0,N,2026-01-12 10:00:00,batch_002,workqueue_actions_batch_002.csv
48546,4345,10,2026-01-12,REVIEW,1,Y,2026-01-12 10:00:00,batch_002,workqueue_actions_batch_002.csv
48547,5176,7,2026-01-05,REVIEW,4,N,2026-01-12 10:00:00,batch_002,workqueue_actions_batch_002.csv
48548,3455,13,2026-01-11,NOTE,3,Y,2026-01-12 10:00:00,batch_002,workqueue_actions_batch_002.csv
48549,4849,20,2026-01-12,NOTE,4,Y,2026-01-12 10:00:00,batch_002,workqueue_actions_batch_002.csv
48550,1082,8,2026-01-12,NOTE,1,Y,2026-01-12 10:00:00,batch_002,workqueue_actions_batch_002.csv
48551,4650,12,2026-01-07,CALL,4,N,2026-01-12 10:00:00,batch_002,workqueue_actions_batch_002.csv
48552,3160,17,2026-01-06,ESCALATE,0,N,2026-01-12 10:00:00,batch_002,workqueue_actions_batch_002.csv
48553,3934,15,2026-01-12,CALL,1,N,2026-01-12 10:00:00,batch_002,workqueue_actions_batch_002.csv
48554,2678,20,2026-01-06,CALL,3,Y,2026-01-12 10:00:00,batch_002,workqueue_actions_batch_002.csv
48555,4412,6,2026-01-12,NOTE,1,N,2026-01-12 10:00:00,batch_002,workqueue_actions_batch_002.csv
48556,3282,12,2026-01-06,CALL,1,Y,2026-01-12 10:00:00,batch_002,workqueue_actions_batch_002.csv
48557,3409,17,2026-01-12,ESCALATE,1,N,2026-01-12 10:00:00,batch_002,workqueue_actions_batch_002.csv
48558,2623,17,2026-01-06,ESCALATE,3,Y,2026-01-12 10:00:00,batch_002,workqueue_actions_batch_002.csv
48559,3876,7,2026-01-07,CALL,4,N,2026-01-12 10:00:00,batch_002,workqueue_actions_batch_002.csv
48560,2223,4,2026-01-10,NOTE,2,Y,2026-01-12 10:00:00,batch_002,workqueue_actions_batch_002.csv
48561,3465,2,2026-01-06,NOTE,2,Y,2026-01-12 10:00:00,batch_002,workqueue_actions_batch_002.csv
48562,4568,9,2026-01-09,ESCALATE,3,Y,2026-01-12 10:00:00,batch_002,workqueue_actions_batch_002.csv
48563,1418,3,2026-01-10,CALL,0,N,2026-01-12 10:00:00,batch_002,workqueue_actions_batch_002.csv
48564,3921,8,2026-01-08,ESCALATE,3,N,2026-01-12 10:00:00,batch_002,workqueue_actions_batch_002.csv
48565,1689,8,2026-01-06,CALL,4,N,2026-01-12 10:00:00,batch_002,workqueue_actions_batch_002.csv
48566,2127,3,2026-01-05,CALL,3,N,2026-01-12 10:00:00,batch_002,workqueue_actions_batch_002.csv
48567,2455,14,2026-01-11,NOTE,1,Y,2026-01-12 10:00:00,batch_002,workqueue_actions_batch_002.csv
48568,4843,9,2026-01-08,NOTE,0,N,2026-01-12 10:00:00,batch_002,workqueue_actions_batch_002.csv
48569,2227,17,2026-01-09,REVIEW,1,Y,2026-01-12 10:00:00,batch_002,workqueue_actions_batch_002.csv
48570,2277,8,2026-01-12,ESCALATE,0,N,2026-01-12 10:00:00,batch_002,workqueue_actions_batch_002.csv
48571,3272,6,2026-01-12,CALL,1,Y,2026-01-12 10:00:00,batch_002,workqueue_actions_batch_002.csv
48572,4374,6,2026-01-09,ESCALATE,2,N,2026-01-12 10:00:00,batch_002,workqueue_actions_batch_002.csv
48573,3576,4,2026-01-10,REVIEW,4,N,2026-01-12 10:00:00,batch_002,workqueue_actions_batch_002.csv
48574,2836,19,2026-01-09,NOTE,3,N,2026-01-12 10:00:00,batch_002,workqueue_actions_batch_002.csv
48575,3769,1,2026-01-08,REVIEW,1,N,2026-01-12 10:00:00,batch_002,workqueue_actions_batch_002.csv
48576,2414,17,2026-01-05,NOTE,0,N,2026-01-12 10:00:00,batch_002,workqueue_actions_batch_002.csv
48577,3982,15,2026-01-11,REVIEW,2,N,2026-01-12 10:00:00,batch_002,workqueue_actions_batch_002.csv
48578,2300,4,2026-01-08,NOTE,3,Y,2026-01-12 10:00:00,batch_002,workqueue_actions_batch_002.csv
48579,5061,6,2026-01-09,ESCALATE,3,N,2026-01-12 10:00:00,batch_002,workqueue_actions_batch_002.csv
48580,2454,10,2026-01-05,REVIEW,4,Y,2026-01-12 10:00:00,batch_002,workqueue_actions_batch_002.csv
48581,3961,3,2026-01-10,NOTE,1,N,2026-01-12 10:00:00,batch_002,workqueue_actions_batch_002.csv
48582,4581,15,2026-01-10,ESCALATE,1,Y,2026-01-12 10:00:00,batch_002,workqueue_actions_batch_002.csv
48583,3883,12,2026-01-06,NOTE,0,Y,2026-01-12 10:00:00,batch_002,workqueue_actions_batch_002.csv
48584,4177,2,2026-01-07,NOTE,1,Y,2026-01-12 10:00:00,batch_002,workqueue_actions_batch_002.csv
48585,1656,18,2026-01-09,ESCALATE,1,Y,2026-01-12 10:00:00,batch_002,workqueue_actions_batch_002.csv
48586,4514,10,2026-01-12,NOTE,3,Y,2026-01-12 10:00:00,batch_002,workqueue_actions_batch_002.csv
48587,2830,10,2026-01-11,CALL,4,Y,2026-01-12 10:00:00,batch_002,workqueue_actions_batch_002.csv
48588,5011,7,2026-01-09,CALL,0,N,2026-01-12 10:00:00,batch_002,workqueue_actions_batch_002.csv
48589,3540,12,2026-01-08,ESCALATE,1,Y,2026-01-12 10:00:00,batch_002,workqueue_actions_batch_002.csv
48590,2345,17,2026-01-07,ESCALATE,4,Y,2026-01-12 10:00:00,batch_002,workqueue_actions_batch_002.csv
48591,3621,16,2026-01-08,REVIEW,3,N,2026-01-12 10:00:00,batch_002,workqueue_actions_batch_002.csv
48592,2480,16,2026-01-11,NOTE,2,Y,2026-01-12 10:00:00,batch_002,workqueue_actions_batch_002.csv
48593,1088,11,2026-01-09,REVIEW,2,Y,2026-01-12 10:00:00,batch_002,workqueue_actions_batch_002.csv
48594,4898,12,2026-01-07,NOTE,4,N,2026-01-12 10:00:00,batch_002,workqueue_actions_batch_002.csv
48595,2721,11,2026-01-07,NOTE,3,N,2026-01-12 10:00:00,batch_002,workqueue_actions_batch_002.csv
48596,4489,14,2026-01-05,REVIEW,0,Y,2026-01-12 10:00:00,batch_002,workqueue_actions_batch_002.csv
48597,1739,10,2026-01-07,REVIEW,1,Y,2026-01-12 10:00:00,batch_002,workqueue_actions_batch_002.csv
48598,4814,11,2026-01-11,NOTE,1,N,2026-01-12 10:00:00,batch_002,workqueue_actions_batch_002.csv
48599,2804,20,2026-01-12,ESCALATE,1,Y,2026-01-12 10:00:00,batch_002,workqueue_actions_batch_002.csv
48600,1944,13,2026-01-08,CALL,1,Y,2026-01-12 10:00:00,batch_002,workqueue_actions_batch_002.csv
48601,2218,16,2026-01-06,CALL,0,N,2026-01-12 10:00:00,batch_002,workqueue_actions_batch_002.csv
48602,4917,18,2026-01-12,REVIEW,1,N,2026-01-12 10:00:00,batch_002,workqueue_actions_batch_002.csv
48603,2404,15,2026-01-09,NOTE,3,N,2026-01-12 10:00:00,batch_002,workqueue_actions_batch_002.csv
48604,1706,15,2026-01-09,NOTE,1,Y,2026-01-12 10:00:00,batch_002,workqueue_actions_batch_002.csv
48605,3353,14,2026-01-10,NOTE,0,Y,2026-01-12 10:00:00,batch_002,workqueue_actions_batch_002.csv
48606,1540,2,2026-01-10,CALL,1,N,2026-01-12 10:00:00,batch_002,workqueue_actions_batch_002.csv
48607,1839,5,2026-01-05,ESCALATE,0,N,2026-01-12 10:00:00,batch_002,workqueue_actions_batch_002.csv
48608,3888,17,2026-01-05,NOTE,3,Y,2026-01-12 10:00:00,batch_002,workqueue_actions_batch_002.csv
48609,3253,13,2026-01-07,ESCALATE,4,N,2026-01-12 10:00:00,batch_002,workqueue_actions_batch_002.csv
48610,4528,6,2026-01-05,CALL,0,Y,2026-01-12 10:00:00,batch_002,workqueue_actions_batch_002.csv
48611,3528,10,2026-01-11,NOTE,2,Y,2026-01-12 10:00:00,batch_002,workqueue_actions_batch_002.csv
48612,2696,2,2026-01-07,CALL,0,N,2026-01-12 10:00:00,batch_002,workqueue_actions_batch_002.csv
48613,1325,17,2026-01-07,NOTE,2,Y,2026-01-12 10:00:00,batch_002,workqueue_actions_batch_002.csv
48614,4699,12,2026-01-08,ESCALATE,0,Y,2026-01-12 10:00:00,batch_002,workqueue_actions_batch_002.csv
48615,1036,5,2026-01-08,CALL,4,N,2026-01-12 10:00:00,batch_002,workqueue_actions_batch_002.csv
48616,5124,3,2026-01-12,REVIEW,2,Y,2026-01-12 10:00:00,batch_002,workqueue_actions_batch_002.csv
48617,3793,19,2026-01-10,REVIEW,3,N,2026-01-12 10:00:00,batch_002,workqueue_actions_batch_002.csv
48618,1148,18,2026-01-06,REVIEW,4,N,2026-01-12 10:00:00,batch_002,workqueue_actions_batch_002.csv
48619,2490,12,2026-01-09,REVIEW,3,N,2026-01-12 10:00:00,batch_002,workqueue_actions_batch_002.csv
48620,5086,5,2026-01-06,ESCALATE,3,N,2026-01-12 10:00:00,batch_002,workqueue_actions_batch_002.csv
48621,4502,1,2026-01-09,CALL,3,Y,2026-01-12 10:00:00,batch_002,workqueue_actions_batch_002.csv
48622,1276,14,2026-01-09,NOTE,4,Y,2026-01-12 10:00:00,batch_002,workqueue_actions_batch_002.csv
48623,1714,12,2026-01-07,NOTE,3,Y,2026-01-12 10:00:00,batch_002,workqueue_actions_batch_002.csv
48624,3655,20,2026-01-11,REVIEW,0,Y,2026-01-12 10:00:00,batch_002,workqueue_actions_batch_002.csv
48625,4163,11,2026-01-05,REVIEW,1,N,2026-01-12 10:00:00,batch_002,workqueue_actions_batch_002.csv
48626,5041,10,2026-01-12,ESCALATE,0,Y,2026-01-12 10:00:00,batch_002,workqueue_actions_batch_002.csv
48627,4331,16,2026-01-05,REVIEW,3,Y,2026-01-12 10:00:00,batch_002,workqueue_actions_batch_002.csv
48628,2044,5,2026-01-09,ESCALATE,4,N,2026-01-12 10:00:00,batch_002,workqueue_actions_batch_002.csv
48629,2063,20,2026-01-10,NOTE,0,N,2026-01-12 10:00:00,batch_002,workqueue_actions_batch_002.csv
48630,2145,14,2026-01-07,NOTE,4,Y,2026-01-12 10:00:00,batch_002,workqueue_actions_batch_002.csv
48631,4983,19,2026-01-09,ESCALATE,2,Y,2026-01-12 10:00:00,batch_002,workqueue_actions_batch_002.csv
48632,4176,9,2026-01-05,CALL,1,Y,2026-01-12 10:00:00,batch_002,workqueue_actions_batch_002.csv
48633,2399,2,2026-01-06,ESCALATE,4,N,2026-01-12 10:00:00,batch_002,workqueue_actions_batch_002.csv
48634,2153,8,2026-01-05,CALL,3,Y,2026-01-12 10:00:00,batch_002,workqueue_actions_batch_002.csv
48635,2621,20,2026-01-11,ESCALATE,4,Y,2026-01-12 10:00:00,batch_002,workqueue_actions_batch_002.csv
48636,2436,12,2026-01-12,CALL,3,N,2026-01-12 10:00:00,batch_002,workqueue_actions_batch_002.csv
48637,4431,20,2026-01-10,CALL,3,Y,2026-01-12 10:00:00,batch_002,workqueue_actions_batch_002.csv
48638,2881,14,2026-01-11,NOTE,3,Y,2026-01-12 10:00:00,batch_002,workqueue_actions_batch_002.csv
48639,4949,2,2026-01-05,REVIEW,1,N,2026-01-12 10:00:00,batch_002,workqueue_actions_batch_002.csv
48640,4501,19,2026-01-12,CALL,0,N,2026-01-12 10:00:00,batch_002,workqueue_actions_batch_002.csv
48641,3190,1,2026-01-05,ESCALATE,3,N,2026-01-12 10:00:00,batch_002,workqueue_actions_batch_002.csv
48642,4081,12,2026-01-11,REVIEW,2,N,2026-01-12 10:00:00,batch_002,workqueue_actions_batch_002.csv
48643,5026,14,2026-01-08,REVIEW,0,Y,2026-01-12 10:00:00,batch_002,workqueue_actions_batch_002.csv
48644,4003,17,2026-01-11,ESCALATE,4,N,2026-01-12 10:00:00,batch_002,workqueue_actions_batch_002.csv
48645,3289,7,2026-01-07,ESCALATE,1,Y,2026-01-12 10:00:00,batch_002,workqueue_actions_batch_002.csv
48646,1935,1,2026-01-09,NOTE,3,N,2026-01-12 10:00:00,batch_002,workqueue_actions_batch_002.csv
48647,3884,20,2026-01-08,ESCALATE,2,Y,2026-01-12 10:00:00,batch_002,workqueue_actions_batch_002.csv
48648,1201,1,2026-01-12,REVIEW,1,N,2026-01-12 10:00:00,batch_002,workqueue_actions_batch_002.csv
48649,1943,7,2026-01-05,REVIEW,1,N,2026-01-12 10:00:00,batch_002,workqueue_actions_batch_002.csv
48650,3727,6,2026-01-10,ESCALATE,4,Y,2026-01-12 10:00:00,batch_002,workqueue_actions_batch_002.csv
48651,1880,11,2026-01-08,NOTE,2,N,2026-01-12 10:00:00,batch_002,workqueue_actions_batch_002.csv
48652,1955,2,2026-01-06,REVIEW,0,Y,2026-01-12 10:00:00,batch_002,workqueue_actions_batch_002.csv
48653,2797,17,2026-01-11,NOTE,4,Y,2026-01-12 10:00:00,batch_002,workqueue_actions_batch_002.csv
48654,4395,10,2026-01-07,CALL,4,N,2026-01-12 10:00:00,batch_002,workqueue_actions_batch_002.csv
48655,2245,18,2026-01-06,REVIEW,3,Y,2026-01-12 10:00:00,batch_002,workqueue_actions_batch_002.csv
48656,2845,10,2026-01-05,CALL,4,Y,2026-01-12 10:00:00,batch_002,workqueue_actions_batch_002.csv
48657,2881,14,2026-01-09,ESCALATE,0,N,2026-01-12 10:00:00,batch_002,workqueue_actions_batch_002.csv
48658,1672,11,2026-01-06,REVIEW,2,Y,2026-01-12 10:00:00,batch_002,workqueue_actions_batch_002.csv
48659,4250,8,2026-01-09,REVIEW,0,N,2026-01-12 10:00:00,batch_002,workqueue_actions_batch_002.csv
48660,5226,14,2026-01-06,ESCALATE,0,N,2026-01-12 10:00:00,batch_002,workqueue_actions_batch_002.csv
48661,3059,11,2026-01-12,ESCALATE,4,N,2026-01-12 10:00:00,batch_002,workqueue_actions_batch_002.csv
48662,4981,3,2026-01-12,ESCALATE,1,Y,2026-01-12 10:00:00,batch_002,workqueue_actions_batch_002.csv
48663,1959,15,2026-01-11,NOTE,4,N,2026-01-12 10:00:00,batch_002,workqueue_actions_batch_002.csv
48664,4941,20,2026-01-10,REVIEW,3,Y,2026-01-12 10:00:00,batch_002,workqueue_actions_batch_002.csv
48665,2356,1,2026-01-08,NOTE,3,N,2026-01-12 10:00:00,batch_002,workqueue_actions_batch_002.csv
48666,4487,4,2026-01-08,ESCALATE,3,Y,2026-01-12 10:00:00,batch_002,workqueue_actions_batch_002.csv
48667,3451,9,2026-01-05,ESCALATE,3,N,2026-01-12 10:00:00,batch_002,workqueue_actions_batch_002.csv
48668,1337,17,2026-01-07,CALL,4,Y,2026-01-12 10:00:00,batch_002,workqueue_actions_batch_002.csv
48669,3588,8,2026-01-12,REVIEW,3,Y,2026-01-12 10:00:00,batch_002,workqueue_actions_batch_002.csv
48670,1765,17,2026-01-12,NOTE,2,N,2026-01-12 10:00:00,batch_002,workqueue_actions_batch_002.csv
48671,2241,8,2026-01-12,REVIEW,3,N,2026-01-12 10:00:00,batch_002,workqueue_actions_batch_002.csv
48672,3925,17,2026-01-09,CALL,2,Y,2026-01-12 10:00:00,batch_002,workqueue_actions_batch_002.csv
48673,2959,7,2026-01-12,NOTE,2,N,2026-01-12 10:00:00,batch_002,workqueue_actions_batch_002.csv
48674,1221,12,2026-01-08,CALL,4,N,2026-01-12 10:00:00,batch_002,workqueue_actions_batch_002.csv
48675,3514,20,2026-01-11,REVIEW,2,Y,2026-01-12 10:00:00,batch_002,workqueue_actions_batch_002.csv
48676,1731,6,2026-01-11,REVIEW,1,N,2026-01-12 10:00:00,batch_002,workqueue_actions_batch_002.csv
48677,3351,1,2026-01-12,NOTE,3,Y,2026-01-12 10:00:00,batch_002,workqueue_actions_batch_002.csv
48678,3737,1,2026-01-09,ESCALATE,2,Y,2026-01-12 10:00:00,batch_002,workqueue_actions_batch_002.csv
48679,3880,10,2026-01-09,NOTE,3,N,2026-01-12 10:00:00,batch_002,workqueue_actions_batch_002.csv
48680,2535,14,2026-01-11,CALL,1,N,2026-01-12 10:00:00,batch_002,workqueue_actions_batch_002.csv
48681,5227,13,2026-01-12,NOTE,3,N,2026-01-12 10:00:00,batch_002,workqueue_actions_batch_002.csv
48682,1543,13,2026-01-12,REVIEW,2,Y,2026-01-12 10:00:00,batch_002,workqueue_actions_batch_002.csv
48683,4114,3,2026-01-06,NOTE,1,N,2026-01-12 10:00:00,batch_002,workqueue_actions_batch_002.csv
48684,4494,9,2026-01-07,ESCALATE,3,Y,2026-01-12 10:00:00,batch_002,workqueue_actions_batch_002.csv
48685,1772,13,2026-01-08,REVIEW,0,N,2026-01-12 10:00:00,batch_002,workqueue_actions_batch_002.csv
48686,4377,9,2026-01-08,ESCALATE,4,Y,2026-01-12 10:00:00,batch_002,workqueue_actions_batch_002.csv
48687,1404,2,2026-01-09,CALL,0,Y,2026-01-12 10:00:00,batch_002,workqueue_actions_batch_002.csv
48688,4032,18,2026-01-06,ESCALATE,2,N,2026-01-12 10:00:00,batch_002,workqueue_actions_batch_002.csv
48689,4183,17,2026-01-07,ESCALATE,4,N,2026-01-12 10:00:00,batch_002,workqueue_actions_batch_002.csv
48690,2327,11,2026-01-09,NOTE,2,N,2026-01-12 10:00:00,batch_002,workqueue_actions_batch_002.csv
48691,2006,5,2026-01-10,CALL,2,Y,2026-01-12 10:00:00,batch_002,workqueue_actions_batch_002.csv
48692,1777,4,2026-01-09,NOTE,1,Y,2026-01-12 10:00:00,batch_002,workqueue_actions_batch_002.csv
48693,4917,1,2026-01-12,CALL,0,N,2026-01-12 10:00:00,batch_002,workqueue_actions_batch_002.csv
48694,2253,15,2026-01-06,REVIEW,2,N,2026-01-12 10:00:00,batch_002,workqueue_actions_batch_002.csv
48695,3468,2,2026-01-07,ESCALATE,0,Y,2026-01-12 10:00:00,batch_002,workqueue_actions_batch_002.csv
48696,2375,11,2026-01-06,REVIEW,3,N,2026-01-12 10:00:00,batch_002,workqueue_actions_batch_002.csv
48697,1726,14,2026-01-05,CALL,4,N,2026-01-12 10:00:00,batch_002,workqueue_actions_batch_002.csv
48698,1239,10,2026-01-11,ESCALATE,3,Y,2026-01-12 10:00:00,batch_002,workqueue_actions_batch_002.csv
48699,3856,2,2026-01-12,NOTE,4,Y,2026-01-12 10:00:00,batch_002,workqueue_actions_batch_002.csv
48700,4114,1,2026-01-09,REVIEW,3,Y,2026-01-12 10:00:00,batch_002,workqueue_actions_batch_002.csv
48701,3168,18,2026-01-07,ESCALATE,4,N,2026-01-12 10:00:00,batch_002,workqueue_actions_batch_002.csv
48702,3073,14,2026-01-11,NOTE,3,N,2026-01-12 10:00:00,batch_002,workqueue_actions_batch_002.csv
48703,5017,5,2026-01-07,CALL,0,Y,2026-01-12 10:00:00,batch_002,workqueue_actions_batch_002.csv
48704,2373,17,2026-01-07,REVIEW,2,N,2026-01-12 10:00:00,batch_002,workqueue_actions_batch_002.csv
48705,2760,11,2026-01-11,ESCALATE,2,Y,2026-01-12 10:00:00,batch_002,workqueue_actions_batch_002.csv
48706,2700,14,2026-01-07,ESCALATE,1,N,2026-01-12 10:00:00,batch_002,workqueue_actions_batch_002.csv
48707,4300,16,2026-01-12,REVIEW,2,N,2026-01-12 10:00:00,batch_002,workqueue_actions_batch_002.csv
48708,1986,4,2026-01-08,CALL,2,N,2026-01-12 10:00:00,batch_002,workqueue_actions_batch_002.csv
48709,2088,4,2026-01-12,NOTE,0,Y,2026-01-12 10:00:00,batch_002,workqueue_actions_batch_002.csv
48710,4083,11,2026-01-05,REVIEW,2,Y,2026-01-12 10:00:00,batch_002,workqueue_actions_batch_002.csv
48711,4601,1,2026-01-08,REVIEW,4,N,2026-01-12 10:00:00,batch_002,workqueue_actions_batch_002.csv
48712,3303,9,2026-01-07,REVIEW,2,Y,2026-01-12 10:00:00,batch_002,workqueue_actions_batch_002.csv
48713,1135,20,2026-01-09,CALL,3,Y,2026-01-12 10:00:00,batch_002,workqueue_actions_batch_002.csv
48714,1738,20,2026-01-10,ESCALATE,2,Y,2026-01-12 10:00:00,batch_002,workqueue_actions_batch_002.csv
48715,2639,8,2026-01-10,NOTE,2,Y,2026-01-12 10:00:00,batch_002,workqueue_actions_batch_002.csv
48716,1894,15,2026-01-12,ESCALATE,3,N,2026-01-12 10:00:00,batch_002,workqueue_actions_batch_002.csv
48717,3666,4,2026-01-07,REVIEW,4,Y,2026-01-12 10:00:00,batch_002,workqueue_actions_batch_002.csv
48718,1068,9,2026-01-12,CALL,0,N,2026-01-12 10:00:00,batch_002,workqueue_actions_batch_002.csv
48719,4846,18,2026-01-09,ESCALATE,0,Y,2026-01-12 10:00:00,batch_002,workqueue_actions_batch_002.csv
48720,2890,9,2026-01-08,CALL,4,N,2026-01-12 10:00:00,batch_002,workqueue_actions_batch_002.csv
48721,5272,5,2026-01-05,NOTE,3,N,2026-01-12 10:00:00,batch_002,workqueue_actions_batch_002.csv
48722,4463,16,2026-01-09,NOTE,4,N,2026-01-12 10:00:00,batch_002,workqueue_actions_batch_002.csv
48723,4060,19,2026-01-05,NOTE,1,Y,2026-01-12 10:00:00,batch_002,workqueue_actions_batch_002.csv
48724,3862,12,2026-01-08,CALL,3,Y,2026-01-12 10:00:00,batch_002,workqueue_actions_batch_002.csv
48725,3064,6,2026-01-10,CALL,0,Y,2026-01-12 10:00:00,batch_002,workqueue_actions_batch_002.csv
48726,1377,15,2026-01-11,REVIEW,1,N,2026-01-12 10:00:00,batch_002,workqueue_actions_batch_002.csv
48727,3234,15,2026-01-05,ESCALATE,1,Y,2026-01-12 10:00:00,batch_002,workqueue_actions_batch_002.csv
48728,3530,19,2026-01-12,ESCALATE,3,Y,2026-01-12 10:00:00,batch_002,workqueue_actions_batch_002.csv
48729,5200,19,2026-01-05,NOTE,0,Y,2026-01-12 10:00:00,batch_002,workqueue_actions_batch_002.csv
48730,4338,2,2026-01-12,CALL,1,Y,2026-01-12 10:00:00,batch_002,workqueue_actions_batch_002.csv
48731,4871,11,2026-01-07,NOTE,3,Y,2026-01-12 10:00:00,batch_002,workqueue_actions_batch_002.csv
48732,3076,20,2026-01-05,REVIEW,3,Y,2026-01-12 10:00:00,batch_002,workqueue_actions_batch_002.csv
48733,1426,15,2026-01-08,REVIEW,1,N,2026-01-12 10:00:00,batch_002,workqueue_actions_batch_002.csv
48734,2589,11,2026-01-06,CALL,2,N,2026-01-12 10:00:00,batch_002,workqueue_actions_batch_002.csv
48735,4588,20,2026-01-05,CALL,0,Y,2026-01-12 10:00:00,batch_002,workqueue_actions_batch_002.csv
48736,4943,6,2026-01-07,NOTE,4,N,2026-01-12 10:00:00,batch_002,workqueue_actions_batch_002.csv
48737,3093,1,2026-01-06,CALL,3,N,2026-01-12 10:00:00,batch_002,workqueue_actions_batch_002.csv
48738,2377,14,2026-01-05,CALL,2,Y,2026-01-12 10:00:00,batch_002,workqueue_actions_batch_002.csv
48739,1961,1,2026-01-11,REVIEW,1,Y,2026-01-12 10:00:00,batch_002,workqueue_actions_batch_002.csv
48740,1107,10,2026-01-11,CALL,2,N,2026-01-12 10:00:00,batch_002,workqueue_actions_batch_002.csv
48741,4000,1,2026-01-07,CALL,3,Y,2026-01-12 10:00:00,batch_002,workqueue_actions_batch_002.csv
48742,5142,17,2026-01-08,NOTE,3,N,2026-01-12 10:00:00,batch_002,workqueue_actions_batch_002.csv
48743,1849,20,2026-01-12,ESCALATE,1,Y,2026-01-12 10:00:00,batch_002,workqueue_actions_batch_002.csv
48744,1552,12,2026-01-06,CALL,1,N,2026-01-12 10:00:00,batch_002,workqueue_actions_batch_002.csv
48745,3491,16,2026-01-10,CALL,4,N,2026-01-12 10:00:00,batch_002,workqueue_actions_batch_002.csv
48746,1143,8,2026-01-09,CALL,3,Y,2026-01-12 10:00:00,batch_002,workqueue_actions_batch_002.csv
48747,3900,19,2026-01-10,CALL,1,Y,2026-01-12 10:00:00,batch_002,workqueue_actions_batch_002.csv
48748,1348,17,2026-01-10,NOTE,2,N,2026-01-12 10:00:00,batch_002,workqueue_actions_batch_002.csv
48749,4532,10,2026-01-10,REVIEW,0,N,2026-01-12 10:00:00,batch_002,workqueue_actions_batch_002.csv
48750,1099,4,2026-01-07,NOTE,4,Y,2026-01-12 10:00:00,batch_002,workqueue_actions_batch_002.csv
48751,1757,9,2026-01-07,ESCALATE,0,Y,2026-01-12 10:00:00,batch_002,workqueue_actions_batch_002.csv
48752,2278,15,2026-01-12,CALL,2,Y,2026-01-12 10:00:00,batch_002,workqueue_actions_batch_002.csv
48753,2407,16,2026-01-12,NOTE,1,Y,2026-01-12 10:00:00,batch_002,workqueue_actions_batch_002.csv
48754,5038,3,2026-01-06,NOTE,3,Y,2026-01-12 10:00:00,batch_002,workqueue_actions_batch_002.csv
48755,3595,7,2026-01-06,CALL,4,N,2026-01-12 10:00:00,batch_002,workqueue_actions_batch_002.csv
48756,1965,19,2026-01-08,NOTE,0,N,2026-01-12 10:00:00,batch_002,workqueue_actions_batch_002.csv
48757,3718,16,2026-01-11,REVIEW,1,N,2026-01-12 10:00:00,batch_002,workqueue_actions_batch_002.csv
48758,4485,1,2026-01-06,ESCALATE,2,Y,2026-01-12 10:00:00,batch_002,workqueue_actions_batch_002.csv
48759,3741,19,2026-01-09,ESCALATE,3,Y,2026-01-12 10:00:00,batch_002,workqueue_actions_batch_002.csv
48760,1113,4,2026-01-08,NOTE,3,N,2026-01-12 10:00:00,batch_002,workqueue_actions_batch_002.csv
48761,5189,13,2026-01-09,ESCALATE,0,Y,2026-01-12 10:00:00,batch_002,workqueue_actions_batch_002.csv
48762,3874,12,2026-01-11,REVIEW,2,N,2026-01-12 10:00:00,batch_002,workqueue_actions_batch_002.csv
48763,1166,11,2026-01-11,CALL,0,N,2026-01-12 10:00:00,batch_002,workqueue_actions_batch_002.csv
48764,1043,2,2026-01-08,REVIEW,2,Y,2026-01-12 10:00:00,batch_002,workqueue_actions_batch_002.csv
48765,2953,16,2026-01-06,ESCALATE,2,Y,2026-01-12 10:00:00,batch_002,workqueue_actions_batch_002.csv
48766,3045,17,2026-01-12,REVIEW,4,Y,2026-01-12 10:00:00,batch_002,workqueue_actions_batch_002.csv
48767,1593,14,2026-01-06,ESCALATE,2,Y,2026-01-12 10:00:00,batch_002,workqueue_actions_batch_002.csv
48768,5001,13,2026-01-10,REVIEW,2,Y,2026-01-12 10:00:00,batch_002,workqueue_actions_batch_002.csv
48769,1544,4,2026-01-11,CALL,2,N,2026-01-12 10:00:00,batch_002,workqueue_actions_batch_002.csv
48770,2572,2,2026-01-09,ESCALATE,2,Y,2026-01-12 10:00:00,batch_002,workqueue_actions_batch_002.csv
48771,1524,19,2026-01-06,CALL,4,Y,2026-01-12 10:00:00,batch_002,workqueue_actions_batch_002.csv
48772,1052,4,2026-01-10,NOTE,3,Y,2026-01-12 10:00:00,batch_002,workqueue_actions_batch_002.csv
48773,4756,10,2026-01-07,CALL,2,N,2026-01-12 10:00:00,batch_002,workqueue_actions_batch_002.csv
48774,4945,5,2026-01-12,REVIEW,3,N,2026-01-12 10:00:00,batch_002,workqueue_actions_batch_002.csv
48775,1451,11,2026-01-10,CALL,2,Y,2026-01-12 10:00:00,batch_002,workqueue_actions_batch_002.csv
48776,2432,9,2026-01-12,REVIEW,3,Y,2026-01-12 10:00:00,batch_002,workqueue_actions_batch_002.csv
48777,2607,1,2026-01-12,CALL,4,Y,2026-01-12 10:00:00,batch_002,workqueue_actions_batch_002.csv
48778,1009,15,2026-01-09,CALL,0,N,2026-01-12 10:00:00,batch_002,workqueue_actions_batch_002.csv
48779,1819,16,2026-01-06,REVIEW,3,Y,2026-01-12 10:00:00,batch_002,workqueue_actions_batch_002.csv
48780,2045,7,2026-01-08,REVIEW,3,Y,2026-01-12 10:00:00,batch_002,workqueue_actions_batch_002.csv
48781,2834,20,2026-01-07,NOTE,4,N,2026-01-12 10:00:00,batch_002,workqueue_actions_batch_002.csv
48782,3856,12,2026-01-07,NOTE,2,N,2026-01-12 10:00:00,batch_002,workqueue_actions_batch_002.csv
48783,4307,15,2026-01-11,CALL,1,Y,2026-01-12 10:00:00,batch_002,workqueue_actions_batch_002.csv
48784,4930,17,2026-01-10,REVIEW,4,Y,2026-01-12 10:00:00,batch_002,workqueue_actions_batch_002.csv
48785,1986,8,2026-01-08,REVIEW,1,Y,2026-01-12 10:00:00,batch_002,workqueue_actions_batch_002.csv
48786,4139,1,2026-01-07,REVIEW,0,N,2026-01-12 10:00:00,batch_002,workqueue_actions_batch_002.csv
48787,1657,3,2026-01-10,REVIEW,2,N,2026-01-12 10:00:00,batch_002,workqueue_actions_batch_002.csv
48788,3896,5,2026-01-10,ESCALATE,1,N,2026-01-12 10:00:00,batch_002,workqueue_actions_batch_002.csv
48789,1501,18,2026-01-12,NOTE,0,Y,2026-01-12 10:00:00,batch_002,workqueue_actions_batch_002.csv
48790,5181,4,2026-01-11,CALL,3,N,2026-01-12 10:00:00,batch_002,workqueue_actions_batch_002.csv
48791,1525,3,2026-01-11,NOTE,1,N,2026-01-12 10:00:00,batch_002,workqueue_actions_batch_002.csv
48792,1640,2,2026-01-07,CALL,3,Y,2026-01-12 10:00:00,batch_002,workqueue_actions_batch_002.csv
48793,3587,10,2026-01-12,CALL,4,N,2026-01-12 10:00:00,batch_002,workqueue_actions_batch_002.csv
48794,2946,11,2026-01-08,NOTE,4,N,2026-01-12 10:00:00,batch_002,workqueue_actions_batch_002.csv
48795,2054,1,2026-01-07,CALL,3,N,2026-01-12 10:00:00,batch_002,workqueue_actions_batch_002.csv
48796,1382,17,2026-01-10,NOTE,4,N,2026-01-12 10:00:00,batch_002,workqueue_actions_batch_002.csv
48797,4183,3,2026-01-12,REVIEW,2,N,2026-01-12 10:00:00,batch_002,workqueue_actions_batch_002.csv
48798,4519,17,2026-01-07,ESCALATE,4,Y,2026-01-12 10:00:00,batch_002,workqueue_actions_batch_002.csv
48799,1350,10,2026-01-08,CALL,4,Y,2026-01-12 10:00:00,batch_002,workqueue_actions_batch_002.csv
48800,1862,5,2026-01-06,CALL,0,N,2026-01-12 10:00:00,batch_002,workqueue_actions_batch_002.csv
48801,1714,12,2026-01-12,CALL,4,Y,2026-01-12 10:00:00,batch_002,workqueue_actions_batch_002.csv
48802,5075,8,2026-01-10,NOTE,2,N,2026-01-12 10:00:00,batch_002,workqueue_actions_batch_002.csv
48803,1412,8,2026-01-05,NOTE,0,N,2026-01-12 10:00:00,batch_002,workqueue_actions_batch_002.csv
48804,5026,10,2026-01-12,REVIEW,0,Y,2026-01-12 10:00:00,batch_002,workqueue_actions_batch_002.csv
48805,4859,9,2026-01-10,CALL,4,N,2026-01-12 10:00:00,batch_002,workqueue_actions_batch_002.csv
48806,1289,6,2026-01-07,NOTE,3,N,2026-01-12 10:00:00,batch_002,workqueue_actions_batch_002.csv
48807,1417,5,2026-01-06,ESCALATE,1,Y,2026-01-12 10:00:00,batch_002,workqueue_actions_batch_002.csv
48808,4958,6,2026-01-07,CALL,4,N,2026-01-12 10:00:00,batch_002,workqueue_actions_batch_002.csv
48809,2698,9,2026-01-07,ESCALATE,0,Y,2026-01-12 10:00:00,batch_002,workqueue_actions_batch_002.csv
48810,1483,16,2026-01-09,NOTE,0,N,2026-01-12 10:00:00,batch_002,workqueue_actions_batch_002.csv
48811,4017,19,2026-01-11,ESCALATE,0,N,2026-01-12 10:00:00,batch_002,workqueue_actions_batch_002.csv
48812,1310,6,2026-01-06,CALL,2,Y,2026-01-12 10:00:00,batch_002,workqueue_actions_batch_002.csv
48813,2596,2,2026-01-07,ESCALATE,0,Y,2026-01-12 10:00:00,batch_002,workqueue_actions_batch_002.csv
48814,1159,19,2026-01-11,NOTE,4,Y,2026-01-12 10:00:00,batch_002,workqueue_actions_batch_002.csv
48815,2696,4,2026-01-09,CALL,4,Y,2026-01-12 10:00:00,batch_002,workqueue_actions_batch_002.csv
48816,2319,4,2026-01-08,ESCALATE,2,Y,2026-01-12 10:00:00,batch_002,workqueue_actions_batch_002.csv
48817,3464,6,2026-01-06,CALL,1,N,2026-01-12 10:00:00,batch_002,workqueue_actions_batch_002.csv
48818,2217,13,2026-01-12,NOTE,3,N,2026-01-12 10:00:00,batch_002,workqueue_actions_batch_002.csv
48819,2261,19,2026-01-06,NOTE,4,N,2026-01-12 10:00:00,batch_002,workqueue_actions_batch_002.csv
48820,3043,1,2026-01-08,NOTE,2,N,2026-01-12 10:00:00,batch_002,workqueue_actions_batch_002.csv
48821,4717,15,2026-01-10,CALL,1,Y,2026-01-12 10:00:00,batch_002,workqueue_actions_batch_002.csv
48822,3534,20,2026-01-08,NOTE,2,N,2026-01-12 10:00:00,batch_002,workqueue_actions_batch_002.csv
48823,4793,10,2026-01-11,REVIEW,0,N,2026-01-12 10:00:00,batch_002,workqueue_actions_batch_002.csv
48824,5137,17,2026-01-07,CALL,3,Y,2026-01-12 10:00:00,batch_002,workqueue_actions_batch_002.csv
48825,4722,16,2026-01-11,REVIEW,3,N,2026-01-12 10:00:00,batch_002,workqueue_actions_batch_002.csv
48826,2046,18,2026-01-08,NOTE,3,N,2026-01-12 10:00:00,batch_002,workqueue_actions_batch_002.csv
48827,3874,12,2026-01-12,REVIEW,4,Y,2026-01-12 10:00:00,batch_002,workqueue_actions_batch_002.csv
48828,1549,18,2026-01-11,NOTE,0,N,2026-01-12 10:00:00,batch_002,workqueue_actions_batch_002.csv
48829,1864,8,2026-01-12,CALL,1,N,2026-01-12 10:00:00,batch_002,workqueue_actions_batch_002.csv
48830,1975,11,2026-01-06,REVIEW,3,Y,2026-01-12 10:00:00,batch_002,workqueue_actions_batch_002.csv
48831,2797,11,2026-01-08,CALL,3,N,2026-01-12 10:00:00,batch_002,workqueue_actions_batch_002.csv
48832,2877,3,2026-01-06,ESCALATE,2,N,2026-01-12 10:00:00,batch_002,workqueue_actions_batch_002.csv
48833,1016,8,2026-01-11,CALL,3,N,2026-01-12 10:00:00,batch_002,workqueue_actions_batch_002.csv
48834,4442,13,2026-01-08,NOTE,2,Y,2026-01-12 10:00:00,batch_002,workqueue_actions_batch_002.csv
48835,3744,5,2026-01-07,REVIEW,2,N,2026-01-12 10:00:00,batch_002,workqueue_actions_batch_002.csv
48836,1258,11,2026-01-09,CALL,1,Y,2026-01-12 10:00:00,batch_002,workqueue_actions_batch_002.csv
48837,2256,8,2026-01-11,CALL,2,Y,2026-01-12 10:00:00,batch_002,workqueue_actions_batch_002.csv
48838,4825,14,2026-01-07,CALL,2,N,2026-01-12 10:00:00,batch_002,workqueue_actions_batch_002.csv
48839,2597,9,2026-01-12,CALL,4,N,2026-01-12 10:00:00,batch_002,workqueue_actions_batch_002.csv
48840,4006,17,2026-01-10,REVIEW,3,Y,2026-01-12 10:00:00,batch_002,workqueue_actions_batch_002.csv
48841,2215,7,2026-01-11,NOTE,0,Y,2026-01-12 10:00:00,batch_002,workqueue_actions_batch_002.csv
48842,2993,11,2026-01-06,NOTE,0,Y,2026-01-12 10:00:00,batch_002,workqueue_actions_batch_002.csv
48843,4606,12,2026-01-05,ESCALATE,4,N,2026-01-12 10:00:00,batch_002,workqueue_actions_batch_002.csv
48844,2822,10,2026-01-08,ESCALATE,1,N,2026-01-12 10:00:00,batch_002,workqueue_actions_batch_002.csv
48845,4541,10,2026-01-11,REVIEW,2,Y,2026-01-12 10:00:00,batch_002,workqueue_actions_batch_002.csv
48846,3528,7,2026-01-11,CALL,1,N,2026-01-12 10:00:00,batch_002,workqueue_actions_batch_002.csv
48847,1133,7,2026-01-05,CALL,3,N,2026-01-12 10:00:00,batch_002,workqueue_actions_batch_002.csv
48848,3831,20,2026-01-05,ESCALATE,3,N,2026-01-12 10:00:00,batch_002,workqueue_actions_batch_002.csv
48849,2151,2,2026-01-10,CALL,1,N,2026-01-12 10:00:00,batch_002,workqueue_actions_batch_002.csv
48850,3676,17,2026-01-12,ESCALATE,4,Y,2026-01-12 10:00:00,batch_002,workqueue_actions_batch_002.csv
48851,1308,20,2026-01-06,ESCALATE,4,N,2026-01-12 10:00:00,batch_002,workqueue_actions_batch_002.csv
48852,1021,7,2026-01-08,NOTE,3,N,2026-01-12 10:00:00,batch_002,workqueue_actions_batch_002.csv
48853,4678,10,2026-01-08,ESCALATE,2,N,2026-01-12 10:00:00,batch_002,workqueue_actions_batch_002.csv
48854,4739,12,2026-01-11,ESCALATE,1,Y,2026-01-12 10:00:00,batch_002,workqueue_actions_batch_002.csv
48855,3901,18,2026-01-08,NOTE,1,Y,2026-01-12 10:00:00,batch_002,workqueue_actions_batch_002.csv
48856,1903,4,2026-01-06,CALL,2,Y,2026-01-12 10:00:00,batch_002,workqueue_actions_batch_002.csv
48857,3633,9,2026-01-10,REVIEW,0,Y,2026-01-12 10:00:00,batch_002,workqueue_actions_batch_002.csv
48858,1278,20,2026-01-06,REVIEW,3,Y,2026-01-12 10:00:00,batch_002,workqueue_actions_batch_002.csv
48859,5281,11,2026-01-07,ESCALATE,1,N,2026-01-12 10:00:00,batch_002,workqueue_actions_batch_002.csv
48860,4443,12,2026-01-07,CALL,1,N,2026-01-12 10:00:00,batch_002,workqueue_actions_batch_002.csv
48861,2562,4,2026-01-12,NOTE,3,N,2026-01-12 10:00:00,batch_002,workqueue_actions_batch_002.csv
48862,1057,8,2026-01-06,ESCALATE,2,Y,2026-01-12 10:00:00,batch_002,workqueue_actions_batch_002.csv
48863,1175,15,2026-01-07,CALL,1,Y,2026-01-12 10:00:00,batch_002,workqueue_actions_batch_002.csv
48864,3525,1,2026-01-06,NOTE,3,N,2026-01-12 10:00:00,batch_002,workqueue_actions_batch_002.csv
48865,2502,14,2026-01-06,ESCALATE,3,N,2026-01-12 10:00:00,batch_002,workqueue_actions_batch_002.csv
48866,4358,10,2026-01-11,REVIEW,4,N,2026-01-12 10:00:00,batch_002,workqueue_actions_batch_002.csv
48867,4381,1,2026-01-07,CALL,3,N,2026-01-12 10:00:00,batch_002,workqueue_actions_batch_002.csv
48868,3309,14,2026-01-12,ESCALATE,1,Y,2026-01-12 10:00:00,batch_002,workqueue_actions_batch_002.csv
48869,1410,15,2026-01-09,REVIEW,3,N,2026-01-12 10:00:00,batch_002,workqueue_actions_batch_002.csv
48870,2324,7,2026-01-06,CALL,0,Y,2026-01-12 10:00:00,batch_002,workqueue_actions_batch_002.csv
48871,4602,16,2026-01-09,ESCALATE,4,N,2026-01-12 10:00:00,batch_002,workqueue_actions_batch_002.csv
48872,3895,16,2026-01-11,CALL,4,N,2026-01-12 10:00:00,batch_002,workqueue_actions_batch_002.csv
48873,1693,9,2026-01-07,REVIEW,1,N,2026-01-12 10:00:00,batch_002,workqueue_actions_batch_002.csv
48874,1308,10,2026-01-11,NOTE,0,Y,2026-01-12 10:00:00,batch_002,workqueue_actions_batch_002.csv
48875,1227,16,2026-01-08,ESCALATE,0,N,2026-01-12 10:00:00,batch_002,workqueue_actions_batch_002.csv
48876,3191,12,2026-01-07,ESCALATE,3,Y,2026-01-12 10:00:00,batch_002,workqueue_actions_batch_002.csv
48877,3868,9,2026-01-11,REVIEW,4,Y,2026-01-12 10:00:00,batch_002,workqueue_actions_batch_002.csv
48878,4069,20,2026-01-05,ESCALATE,3,Y,2026-01-12 10:00:00,batch_002,workqueue_actions_batch_002.csv
48879,4381,2,2026-01-11,ESCALATE,1,N,2026-01-12 10:00:00,batch_002,workqueue_actions_batch_002.csv
48880,2106,14,2026-01-10,ESCALATE,1,Y,2026-01-12 10:00:00,batch_002,workqueue_actions_batch_002.csv
48881,3820,4,2026-01-08,ESCALATE,3,Y,2026-01-12 10:00:00,batch_002,workqueue_actions_batch_002.csv
48882,2071,6,2026-01-07,CALL,3,N,2026-01-12 10:00:00,batch_002,workqueue_actions_batch_002.csv
48883,2847,16,2026-01-05,CALL,3,Y,2026-01-12 10:00:00,batch_002,workqueue_actions_batch_002.csv
48884,2792,16,2026-01-06,REVIEW,2,Y,2026-01-12 10:00:00,batch_002,workqueue_actions_batch_002.csv
48885,1930,9,2026-01-08,ESCALATE,0,Y,2026-01-12 10:00:00,batch_002,workqueue_actions_batch_002.csv
48886,4319,14,2026-01-09,ESCALATE,0,Y,2026-01-12 10:00:00,batch_002,workqueue_actions_batch_002.csv
48887,2519,17,2026-01-05,CALL,2,Y,2026-01-12 10:00:00,batch_002,workqueue_actions_batch_002.csv
48888,1070,7,2026-01-06,ESCALATE,3,Y,2026-01-12 10:00:00,batch_002,workqueue_actions_batch_002.csv
48889,3900,3,2026-01-05,ESCALATE,0,N,2026-01-12 10:00:00,batch_002,workqueue_actions_batch_002.csv
48890,3808,19,2026-01-05,REVIEW,0,N,2026-01-12 10:00:00,batch_002,workqueue_actions_batch_002.csv
48891,1609,18,2026-01-11,REVIEW,4,N,2026-01-12 10:00:00,batch_002,workqueue_actions_batch_002.csv
48892,1725,4,2026-01-05,NOTE,2,Y,2026-01-12 10:00:00,batch_002,workqueue_actions_batch_002.csv
48893,1594,19,2026-01-12,ESCALATE,1,Y,2026-01-12 10:00:00,batch_002,workqueue_actions_batch_002.csv
48894,4248,1,2026-01-07,ESCALATE,1,Y,2026-01-12 10:00:00,batch_002,workqueue_actions_batch_002.csv
48895,4793,2,2026-01-06,ESCALATE,2,N,2026-01-12 10:00:00,batch_002,workqueue_actions_batch_002.csv
48896,1487,9,2026-01-06,ESCALATE,0,Y,2026-01-12 10:00:00,batch_002,workqueue_actions_batch_002.csv
48897,3263,9,2026-01-12,ESCALATE,0,Y,2026-01-12 10:00:00,batch_002,workqueue_actions_batch_002.csv
48898,4754,15,2026-01-06,ESCALATE,0,N,2026-01-12 10:00:00,batch_002,workqueue_actions_batch_002.csv
48899,1844,9,2026-01-10,ESCALATE,2,Y,2026-01-12 10:00:00,batch_002,workqueue_actions_batch_002.csv
48900,2943,20,2026-01-07,CALL,4,Y,2026-01-12 10:00:00,batch_002,workqueue_actions_batch_002.csv
48901,1715,13,2026-01-05,REVIEW,1,N,2026-01-12 10:00:00,batch_002,workqueue_actions_batch_002.csv
48902,1079,9,2026-01-08,REVIEW,0,Y,2026-01-12 10:00:00,batch_002,workqueue_actions_batch_002.csv
48903,4191,14,2026-01-07,CALL,1,Y,2026-01-12 10:00:00,batch_002,workqueue_actions_batch_002.csv
48904,3618,5,2026-01-07,NOTE,3,Y,2026-01-12 10:00:00,batch_002,workqueue_actions_batch_002.csv
48905,2290,20,2026-01-07,NOTE,0,N,2026-01-12 10:00:00,batch_002,workqueue_actions_batch_002.csv
48906,3120,7,2026-01-12,NOTE,2,Y,2026-01-12 10:00:00,batch_002,workqueue_actions_batch_002.csv
48907,1736,11,2026-01-05,NOTE,2,Y,2026-01-12 10:00:00,batch_002,workqueue_actions_batch_002.csv
48908,3237,2,2026-01-06,NOTE,4,Y,2026-01-12 10:00:00,batch_002,workqueue_actions_batch_002.csv
48909,2290,15,2026-01-06,NOTE,2,Y,2026-01-12 10:00:00,batch_002,workqueue_actions_batch_002.csv
48910,1894,7,2026-01-06,REVIEW,0,N,2026-01-12 10:00:00,batch_002,workqueue_actions_batch_002.csv
48911,4991,11,2026-01-11,CALL,1,Y,2026-01-12 10:00:00,batch_002,workqueue_actions_batch_002.csv
48912,4404,3,2026-01-08,ESCALATE,4,Y,2026-01-12 10:00:00,batch_002,workqueue_actions_batch_002.csv
48913,3463,16,2026-01-07,ESCALATE,2,Y,2026-01-12 10:00:00,batch_002,workqueue_actions_batch_002.csv
48914,1799,15,2026-01-06,CALL,3,Y,2026-01-12 10:00:00,batch_002,workqueue_actions_batch_002.csv
48915,2083,16,2026-01-11,ESCALATE,3,N,2026-01-12 10:00:00,batch_002,workqueue_actions_batch_002.csv
48916,3756,10,2026-01-11,NOTE,0,N,2026-01-12 10:00:00,batch_002,workqueue_actions_batch_002.csv
48917,2828,20,2026-01-07,CALL,2,N,2026-01-12 10:00:00,batch_002,workqueue_actions_batch_002.csv
48918,5155,17,2026-01-06,CALL,4,Y,2026-01-12 10:00:00,batch_002,workqueue_actions_batch_002.csv
48919,5024,1,2026-01-12,REVIEW,3,Y,2026-01-12 10:00:00,batch_002,workqueue_actions_batch_002.csv
48920,4216,19,2026-01-06,REVIEW,3,Y,2026-01-12 10:00:00,batch_002,workqueue_actions_batch_002.csv
48921,2234,18,2026-01-06,ESCALATE,1,Y,2026-01-12 10:00:00,batch_002,workqueue_actions_batch_002.csv
48922,4807,2,2026-01-05,NOTE,4,Y,2026-01-12 10:00:00,batch_002,workqueue_actions_batch_002.csv
48923,2143,14,2026-01-10,ESCALATE,0,Y,2026-01-12 10:00:00,batch_002,workqueue_actions_batch_002.csv
48924,4636,20,2026-01-09,REVIEW,2,N,2026-01-12 10:00:00,batch_002,workqueue_actions_batch_002.csv
48925,4509,20,2026-01-12,ESCALATE,0,N,2026-01-12 10:00:00,batch_002,workqueue_actions_batch_002.csv
48926,3633,6,2026-01-09,CALL,0,Y,2026-01-12 10:00:00,batch_002,workqueue_actions_batch_002.csv
48927,4069,19,2026-01-10,NOTE,3,Y,2026-01-12 10:00:00,batch_002,workqueue_actions_batch_002.csv
48928,2708,20,2026-01-05,REVIEW,2,Y,2026-01-12 10:00:00,batch_002,workqueue_actions_batch_002.csv
48929,3787,5,2026-01-07,NOTE,0,Y,2026-01-12 10:00:00,batch_002,workqueue_actions_batch_002.csv
48930,3607,4,2026-01-11,ESCALATE,3,N,2026-01-12 10:00:00,batch_002,workqueue_actions_batch_002.csv
48931,4977,17,2026-01-09,NOTE,1,N,2026-01-12 10:00:00,batch_002,workqueue_actions_batch_002.csv
48932,4876,13,2026-01-10,REVIEW,0,Y,2026-01-12 10:00:00,batch_002,workqueue_actions_batch_002.csv
48933,3932,11,2026-01-11,CALL,0,N,2026-01-12 10:00:00,batch_002,workqueue_actions_batch_002.csv
48934,1662,20,2026-01-09,REVIEW,1,N,2026-01-12 10:00:00,batch_002,workqueue_actions_batch_002.csv
48935,3121,18,2026-01-08,REVIEW,4,N,2026-01-12 10:00:00,batch_002,workqueue_actions_batch_002.csv
48936,4362,15,2026-01-07,ESCALATE,3,N,2026-01-12 10:00:00,batch_002,workqueue_actions_batch_002.csv
48937,2701,2,2026-01-06,CALL,3,N,2026-01-12 10:00:00,batch_002,workqueue_actions_batch_002.csv
48938,4608,14,2026-01-06,CALL,0,N,2026-01-12 10:00:00,batch_002,workqueue_actions_batch_002.csv
48939,3661,4,2026-01-05,ESCALATE,3,Y,2026-01-12 10:00:00,batch_002,workqueue_actions_batch_002.csv
48940,4588,11,2026-01-09,ESCALATE,4,Y,2026-01-12 10:00:00,batch_002,workqueue_actions_batch_002.csv
48941,4542,14,2026-01-09,NOTE,3,N,2026-01-12 10:00:00,batch_002,workqueue_actions_batch_002.csv
48942,1076,20,2026-01-09,NOTE,4,Y,2026-01-12 10:00:00,batch_002,workqueue_actions_batch_002.csv
48943,1938,13,2026-01-06,NOTE,1,Y,2026-01-12 10:00:00,batch_002,workqueue_actions_batch_002.csv
48944,4001,7,2026-01-08,REVIEW,4,N,2026-01-12 10:00:00,batch_002,workqueue_actions_batch_002.csv
48945,1446,5,2026-01-07,NOTE,1,Y,2026-01-12 10:00:00,batch_002,workqueue_actions_batch_002.csv
48946,2847,6,2026-01-08,ESCALATE,0,N,2026-01-12 10:00:00,batch_002,workqueue_actions_batch_002.csv
48947,1390,15,2026-01-08,REVIEW,4,Y,2026-01-12 10:00:00,batch_002,workqueue_actions_batch_002.csv
48948,2421,16,2026-01-10,CALL,3,N,2026-01-12 10:00:00,batch_002,workqueue_actions_batch_002.csv
48949,3674,9,2026-01-10,REVIEW,0,Y,2026-01-12 10:00:00,batch_002,workqueue_actions_batch_002.csv
48950,3227,4,2026-01-12,NOTE,3,Y,2026-01-12 10:00:00,batch_002,workqueue_actions_batch_002.csv
48951,2186,2,2026-01-11,ESCALATE,3,Y,2026-01-12 10:00:00,batch_002,workqueue_actions_batch_002.csv
48952,1370,13,2026-01-07,REVIEW,2,N,2026-01-12 10:00:00,batch_002,workqueue_actions_batch_002.csv
48953,2832,3,2026-01-06,NOTE,3,N,2026-01-12 10:00:00,batch_002,workqueue_actions_batch_002.csv
48954,5034,12,2026-01-09,CALL,2,Y,2026-01-12 10:00:00,batch_002,workqueue_actions_batch_002.csv
48955,2431,15,2026-01-09,NOTE,4,N,2026-01-12 10:00:00,batch_002,workqueue_actions_batch_002.csv
48956,4138,9,2026-01-05,ESCALATE,3,N,2026-01-12 10:00:00,batch_002,workqueue_actions_batch_002.csv
48957,1668,17,2026-01-06,CALL,4,Y,2026-01-12 10:00:00,batch_002,workqueue_actions_batch_002.csv
48958,3455,1,2026-01-08,REVIEW,0,Y,2026-01-12 10:00:00,batch_002,workqueue_actions_batch_002.csv
48959,1271,11,2026-01-12,CALL,2,N,2026-01-12 10:00:00,batch_002,workqueue_actions_batch_002.csv
48960,2621,4,2026-01-12,REVIEW,2,Y,2026-01-12 10:00:00,batch_002,workqueue_actions_batch_002.csv
48961,2488,9,2026-01-08,NOTE,0,N,2026-01-12 10:00:00,batch_002,workqueue_actions_batch_002.csv
48962,3503,11,2026-01-11,NOTE,0,Y,2026-01-12 10:00:00,batch_002,workqueue_actions_batch_002.csv
48963,5292,14,2026-01-05,ESCALATE,1,Y,2026-01-12 10:00:00,batch_002,workqueue_actions_batch_002.csv
48964,3736,13,2026-01-10,NOTE,2,Y,2026-01-12 10:00:00,batch_002,workqueue_actions_batch_002.csv
48965,2302,5,2026-01-10,NOTE,0,N,2026-01-12 10:00:00,batch_002,workqueue_actions_batch_002.csv
48966,2012,16,2026-01-11,REVIEW,1,N,2026-01-12 10:00:00,batch_002,workqueue_actions_batch_002.csv
48967,2317,17,2026-01-09,NOTE,0,Y,2026-01-12 10:00:00,batch_002,workqueue_actions_batch_002.csv
48968,2814,18,2026-01-07,ESCALATE,2,Y,2026-01-12 10:00:00,batch_002,workqueue_actions_batch_002.csv
48969,4391,19,2026-01-11,CALL,2,Y,2026-01-12 10:00:00,batch_002,workqueue_actions_batch_002.csv
48970,1342,13,2026-01-08,ESCALATE,1,N,2026-01-12 10:00:00,batch_002,workqueue_actions_batch_002.csv
48971,1578,19,2026-01-11,REVIEW,2,N,2026-01-12 10:00:00,batch_002,workqueue_actions_batch_002.csv
48972,3017,13,2026-01-05,CALL,1,N,2026-01-12 10:00:00,batch_002,workqueue_actions_batch_002.csv
48973,4084,3,2026-01-10,NOTE,4,N,2026-01-12 10:00:00,batch_002,workqueue_actions_batch_002.csv
48974,4694,8,2026-01-11,REVIEW,1,N,2026-01-12 10:00:00,batch_002,workqueue_actions_batch_002.csv
48975,1313,8,2026-01-08,NOTE,4,Y,2026-01-12 10:00:00,batch_002,workqueue_actions_batch_002.csv
48976,4668,8,2026-01-08,CALL,0,Y,2026-01-12 10:00:00,batch_002,workqueue_actions_batch_002.csv
48977,4670,3,2026-01-12,NOTE,1,Y,2026-01-12 10:00:00,batch_002,workqueue_actions_batch_002.csv
48978,4171,3,2026-01-05,REVIEW,0,N,2026-01-12 10:00:00,batch_002,workqueue_actions_batch_002.csv
48979,3488,2,2026-01-12,REVIEW,3,Y,2026-01-12 10:00:00,batch_002,workqueue_actions_batch_002.csv
48980,3071,6,2026-01-08,NOTE,3,Y,2026-01-12 10:00:00,batch_002,workqueue_actions_batch_002.csv
48981,4938,12,2026-01-07,ESCALATE,2,Y,2026-01-12 10:00:00,batch_002,workqueue_actions_batch_002.csv
48982,3178,14,2026-01-08,ESCALATE,2,N,2026-01-12 10:00:00,batch_002,workqueue_actions_batch_002.csv
48983,3810,11,2026-01-06,ESCALATE,1,N,2026-01-12 10:00:00,batch_002,workqueue_actions_batch_002.csv
48984,4144,3,2026-01-08,REVIEW,3,N,2026-01-12 10:00:00,batch_002,workqueue_actions_batch_002.csv
48985,2373,18,2026-01-05,ESCALATE,1,Y,2026-01-12 10:00:00,batch_002,workqueue_actions_batch_002.csv
48986,3412,20,2026-01-08,REVIEW,0,Y,2026-01-12 10:00:00,batch_002,workqueue_actions_batch_002.csv
48987,1561,4,2026-01-11,NOTE,1,Y,2026-01-12 10:00:00,batch_002,workqueue_actions_batch_002.csv
48988,2980,7,2026-01-09,CALL,2,Y,2026-01-12 10:00:00,batch_002,workqueue_actions_batch_002.csv
48989,2575,6,2026-01-09,CALL,1,N,2026-01-12 10:00:00,batch_002,workqueue_actions_batch_002.csv
48990,3309,13,2026-01-11,REVIEW,0,Y,2026-01-12 10:00:00,batch_002,workqueue_actions_batch_002.csv
48991,4505,3,2026-01-10,ESCALATE,2,N,2026-01-12 10:00:00,batch_002,workqueue_actions_batch_002.csv
48992,4465,3,2026-01-06,NOTE,3,Y,2026-01-12 10:00:00,batch_002,workqueue_actions_batch_002.csv
48993,2213,16,2026-01-08,CALL,2,Y,2026-01-12 10:00:00,batch_002,workqueue_actions_batch_002.csv
48994,3881,20,2026-01-06,CALL,4,N,2026-01-12 10:00:00,batch_002,workqueue_actions_batch_002.csv
48995,3919,8,2026-01-10,NOTE,4,Y,2026-01-12 10:00:00,batch_002,workqueue_actions_batch_002.csv
48996,2441,2,2026-01-11,NOTE,4,N,2026-01-12 10:00:00,batch_002,workqueue_actions_batch_002.csv
48997,3382,9,2026-01-09,REVIEW,0,N,2026-01-12 10:00:00,batch_002,workqueue_actions_batch_002.csv
48998,4607,5,2026-01-10,REVIEW,1,Y,2026-01-12 10:00:00,batch_002,workqueue_actions_batch_002.csv
48999,1179,17,2026-01-10,REVIEW,1,Y,2026-01-12 10:00:00,batch_002,workqueue_actions_batch_002.csv
49000,2182,7,2026-01-10,REVIEW,3,N,2026-01-12 10:00:00,batch_002,workqueue_actions_batch_002.csv
49001,5175,14,2026-01-06,CALL,2,N,2026-01-12 10:00:00,batch_002,workqueue_actions_batch_002.csv
49002,2391,20,2026-01-07,NOTE,1,N,2026-01-12 10:00:00,batch_002,workqueue_actions_batch_002.csv
49003,3775,1,2026-01-12,NOTE,4,N,2026-01-12 10:00:00,batch_002,workqueue_actions_batch_002.csv
49004,3527,19,2026-01-08,CALL,3,Y,2026-01-12 10:00:00,batch_002,workqueue_actions_batch_002.csv
49005,1039,1,2026-01-08,CALL,1,Y,2026-01-12 10:00:00,batch_002,workqueue_actions_batch_002.csv
49006,3203,11,2026-01-06,REVIEW,1,Y,2026-01-12 10:00:00,batch_002,workqueue_actions_batch_002.csv
49007,3075,8,2026-01-06,NOTE,4,N,2026-01-12 10:00:00,batch_002,workqueue_actions_batch_002.csv
49008,2781,4,2026-01-09,REVIEW,4,Y,2026-01-12 10:00:00,batch_002,workqueue_actions_batch_002.csv
49009,3220,7,2026-01-12,CALL,4,Y,2026-01-12 10:00:00,batch_002,workqueue_actions_batch_002.csv
49010,4918,4,2026-01-12,ESCALATE,4,Y,2026-01-12 10:00:00,batch_002,workqueue_actions_batch_002.csv
49011,2918,14,2026-01-08,CALL,2,N,2026-01-12 10:00:00,batch_002,workqueue_actions_batch_002.csv
49012,3724,1,2026-01-12,ESCALATE,2,N,2026-01-12 10:00:00,batch_002,workqueue_actions_batch_002.csv
49013,4253,12,2026-01-05,CALL,3,Y,2026-01-12 10:00:00,batch_002,workqueue_actions_batch_002.csv
49014,5178,7,2026-01-05,ESCALATE,0,N,2026-01-12 10:00:00,batch_002,workqueue_actions_batch_002.csv
49015,2155,4,2026-01-10,NOTE,1,N,2026-01-12 10:00:00,batch_002,workqueue_actions_batch_002.csv
49016,1828,5,2026-01-06,REVIEW,3,Y,2026-01-12 10:00:00,batch_002,workqueue_actions_batch_002.csv
49017,1126,4,2026-01-10,ESCALATE,4,N,2026-01-12 10:00:00,batch_002,workqueue_actions_batch_002.csv
49018,4161,1,2026-01-08,NOTE,3,Y,2026-01-12 10:00:00,batch_002,workqueue_actions_batch_002.csv
49019,5052,4,2026-01-10,REVIEW,1,N,2026-01-12 10:00:00,batch_002,workqueue_actions_batch_002.csv
49020,4951,19,2026-01-09,CALL,4,Y,2026-01-12 10:00:00,batch_002,workqueue_actions_batch_002.csv
49021,2579,16,2026-01-08,REVIEW,0,N,2026-01-12 10:00:00,batch_002,workqueue_actions_batch_002.csv
49022,2229,3,2026-01-07,ESCALATE,1,N,2026-01-12 10:00:00,batch_002,workqueue_actions_batch_002.csv
49023,2093,16,2026-01-11,REVIEW,1,N,2026-01-12 10:00:00,batch_002,workqueue_actions_batch_002.csv
49024,1984,12,2026-01-12,CALL,3,Y,2026-01-12 10:00:00,batch_002,workqueue_actions_batch_002.csv
49025,5203,13,2026-01-09,NOTE,0,N,2026-01-12 10:00:00,batch_002,workqueue_actions_batch_002.csv
49026,2840,15,2026-01-12,CALL,4,Y,2026-01-12 10:00:00,batch_002,workqueue_actions_batch_002.csv
49027,3173,16,2026-01-07,ESCALATE,4,Y,2026-01-12 10:00:00,batch_002,workqueue_actions_batch_002.csv
49028,5055,9,2026-01-09,REVIEW,2,Y,2026-01-12 10:00:00,batch_002,workqueue_actions_batch_002.csv
49029,3136,2,2026-01-12,NOTE,2,N,2026-01-12 10:00:00,batch_002,workqueue_actions_batch_002.csv
49030,2521,1,2026-01-05,NOTE,3,N,2026-01-12 10:00:00,batch_002,workqueue_actions_batch_002.csv
49031,4853,15,2026-01-09,CALL,0,N,2026-01-12 10:00:00,batch_002,workqueue_actions_batch_002.csv
49032,3563,11,2026-01-08,CALL,2,N,2026-01-12 10:00:00,batch_002,workqueue_actions_batch_002.csv
49033,1012,20,2026-01-12,REVIEW,3,Y,2026-01-12 10:00:00,batch_002,workqueue_actions_batch_002.csv
49034,2799,15,2026-01-12,CALL,3,N,2026-01-12 10:00:00,batch_002,workqueue_actions_batch_002.csv
49035,4371,6,2026-01-08,REVIEW,1,Y,2026-01-12 10:00:00,batch_002,workqueue_actions_batch_002.csv
49036,3419,18,2026-01-12,CALL,2,N,2026-01-12 10:00:00,batch_002,workqueue_actions_batch_002.csv
49037,2601,10,2026-01-05,ESCALATE,2,N,2026-01-12 10:00:00,batch_002,workqueue_actions_batch_002.csv
49038,4568,16,2026-01-10,REVIEW,1,Y,2026-01-12 10:00:00,batch_002,workqueue_actions_batch_002.csv
49039,5125,16,2026-01-05,REVIEW,4,Y,2026-01-12 10:00:00,batch_002,workqueue_actions_batch_002.csv
49040,2445,10,2026-01-05,ESCALATE,3,Y,2026-01-12 10:00:00,batch_002,workqueue_actions_batch_002.csv
49041,2084,6,2026-01-12,NOTE,3,Y,2026-01-12 10:00:00,batch_002,workqueue_actions_batch_002.csv
49042,1549,15,2026-01-05,ESCALATE,0,N,2026-01-12 10:00:00,batch_002,workqueue_actions_batch_002.csv
49043,1032,5,2026-01-09,CALL,0,N,2026-01-12 10:00:00,batch_002,workqueue_actions_batch_002.csv
49044,2006,10,2026-01-10,NOTE,3,N,2026-01-12 10:00:00,batch_002,workqueue_actions_batch_002.csv
49045,4204,4,2026-01-09,REVIEW,4,N,2026-01-12 10:00:00,batch_002,workqueue_actions_batch_002.csv
49046,1332,17,2026-01-12,ESCALATE,1,N,2026-01-12 10:00:00,batch_002,workqueue_actions_batch_002.csv
49047,2443,8,2026-01-07,NOTE,3,Y,2026-01-12 10:00:00,batch_002,workqueue_actions_batch_002.csv
49048,4076,19,2026-01-08,REVIEW,1,N,2026-01-12 10:00:00,batch_002,workqueue_actions_batch_002.csv
49049,1934,2,2026-01-05,NOTE,0,Y,2026-01-12 10:00:00,batch_002,workqueue_actions_batch_002.csv
49050,2495,11,2026-01-11,NOTE,1,Y,2026-01-12 10:00:00,batch_002,workqueue_actions_batch_002.csv
49051,4907,2,2026-01-12,NOTE,0,Y,2026-01-12 10:00:00,batch_002,workqueue_actions_batch_002.csv
49052,4332,6,2026-01-07,REVIEW,3,N,2026-01-12 10:00:00,batch_002,workqueue_actions_batch_002.csv
49053,2707,13,2026-01-10,ESCALATE,1,N,2026-01-12 10:00:00,batch_002,workqueue_actions_batch_002.csv
49054,4818,20,2026-01-08,NOTE,3,N,2026-01-12 10:00:00,batch_002,workqueue_actions_batch_002.csv
49055,2735,16,2026-01-12,REVIEW,1,Y,2026-01-12 10:00:00,batch_002,workqueue_actions_batch_002.csv
49056,2625,15,2026-01-09,ESCALATE,4,Y,2026-01-12 10:00:00,batch_002,workqueue_actions_batch_002.csv
49057,3184,17,2026-01-11,CALL,1,Y,2026-01-12 10:00:00,batch_002,workqueue_actions_batch_002.csv
49058,1816,20,2026-01-05,ESCALATE,4,Y,2026-01-12 10:00:00,batch_002,workqueue_actions_batch_002.csv
49059,4461,17,2026-01-07,CALL,1,N,2026-01-12 10:00:00,batch_002,workqueue_actions_batch_002.csv
49060,4314,15,2026-01-05,REVIEW,1,N,2026-01-12 10:00:00,batch_002,workqueue_actions_batch_002.csv
49061,3106,19,2026-01-10,CALL,3,Y,2026-01-12 10:00:00,batch_002,workqueue_actions_batch_002.csv
49062,1668,6,2026-01-07,ESCALATE,4,Y,2026-01-12 10:00:00,batch_002,workqueue_actions_batch_002.csv
49063,1335,3,2026-01-11,NOTE,4,N,2026-01-12 10:00:00,batch_002,workqueue_actions_batch_002.csv
49064,2170,8,2026-01-07,REVIEW,2,N,2026-01-12 10:00:00,batch_002,workqueue_actions_batch_002.csv
49065,4816,13,2026-01-06,CALL,3,N,2026-01-12 10:00:00,batch_002,workqueue_actions_batch_002.csv
49066,4196,15,2026-01-07,CALL,2,Y,2026-01-12 10:00:00,batch_002,workqueue_actions_batch_002.csv
49067,4025,16,2026-01-11,ESCALATE,0,Y,2026-01-12 10:00:00,batch_002,workqueue_actions_batch_002.csv
49068,1489,8,2026-01-12,NOTE,2,N,2026-01-12 10:00:00,batch_002,workqueue_actions_batch_002.csv
49069,2949,18,2026-01-05,ESCALATE,4,Y,2026-01-12 10:00:00,batch_002,workqueue_actions_batch_002.csv
49070,3252,1,2026-01-12,REVIEW,0,Y,2026-01-12 10:00:00,batch_002,workqueue_actions_batch_002.csv
49071,5128,1,2026-01-08,ESCALATE,1,Y,2026-01-12 10:00:00,batch_002,workqueue_actions_batch_002.csv
49072,4179,12,2026-01-10,REVIEW,2,Y,2026-01-12 10:00:00,batch_002,workqueue_actions_batch_002.csv
49073,1800,20,2026-01-06,CALL,3,N,2026-01-12 10:00:00,batch_002,workqueue_actions_batch_002.csv
49074,3668,18,2026-01-10,REVIEW,4,Y,2026-01-12 10:00:00,batch_002,workqueue_actions_batch_002.csv
49075,4198,8,2026-01-05,REVIEW,3,N,2026-01-12 10:00:00,batch_002,workqueue_actions_batch_002.csv
49076,3520,3,2026-01-08,CALL,3,N,2026-01-12 10:00:00,batch_002,workqueue_actions_batch_002.csv
49077,4809,13,2026-01-12,CALL,2,Y,2026-01-12 10:00:00,batch_002,workqueue_actions_batch_002.csv
49078,2308,3,2026-01-09,REVIEW,0,Y,2026-01-12 10:00:00,batch_002,workqueue_actions_batch_002.csv
49079,4182,5,2026-01-07,NOTE,1,N,2026-01-12 10:00:00,batch_002,workqueue_actions_batch_002.csv
49080,2448,11,2026-01-07,ESCALATE,0,Y,2026-01-12 10:00:00,batch_002,workqueue_actions_batch_002.csv
49081,2738,20,2026-01-10,CALL,1,Y,2026-01-12 10:00:00,batch_002,workqueue_actions_batch_002.csv
49082,2845,2,2026-01-10,CALL,3,N,2026-01-12 10:00:00,batch_002,workqueue_actions_batch_002.csv
49083,1560,10,2026-01-06,REVIEW,2,Y,2026-01-12 10:00:00,batch_002,workqueue_actions_batch_002.csv
49084,4793,6,2026-01-08,ESCALATE,0,Y,2026-01-12 10:00:00,batch_002,workqueue_actions_batch_002.csv
49085,2858,1,2026-01-11,CALL,1,N,2026-01-12 10:00:00,batch_002,workqueue_actions_batch_002.csv
49086,1001,5,2026-01-05,CALL,3,N,2026-01-12 10:00:00,batch_002,workqueue_actions_batch_002.csv
49087,4751,1,2026-01-05,CALL,1,N,2026-01-12 10:00:00,batch_002,workqueue_actions_batch_002.csv
49088,1577,20,2026-01-05,REVIEW,1,N,2026-01-12 10:00:00,batch_002,workqueue_actions_batch_002.csv
49089,2298,2,2026-01-10,CALL,1,Y,2026-01-12 10:00:00,batch_002,workqueue_actions_batch_002.csv
49090,2516,4,2026-01-12,NOTE,0,N,2026-01-12 10:00:00,batch_002,workqueue_actions_batch_002.csv
49091,2243,5,2026-01-05,REVIEW,1,Y,2026-01-12 10:00:00,batch_002,workqueue_actions_batch_002.csv
49092,2376,3,2026-01-06,ESCALATE,3,Y,2026-01-12 10:00:00,batch_002,workqueue_actions_batch_002.csv
49093,1785,13,2026-01-09,NOTE,4,N,2026-01-12 10:00:00,batch_002,workqueue_actions_batch_002.csv
49094,1111,2,2026-01-05,ESCALATE,4,Y,2026-01-12 10:00:00,batch_002,workqueue_actions_batch_002.csv
49095,3539,9,2026-01-12,CALL,3,N,2026-01-12 10:00:00,batch_002,workqueue_actions_batch_002.csv
49096,4883,20,2026-01-07,NOTE,1,N,2026-01-12 10:00:00,batch_002,workqueue_actions_batch_002.csv
49097,4258,5,2026-01-12,NOTE,1,N,2026-01-12 10:00:00,batch_002,workqueue_actions_batch_002.csv
49098,4666,3,2026-01-07,NOTE,2,N,2026-01-12 10:00:00,batch_002,workqueue_actions_batch_002.csv
49099,4209,4,2026-01-10,NOTE,1,N,2026-01-12 10:00:00,batch_002,workqueue_actions_batch_002.csv
49100,3369,4,2026-01-10,NOTE,1,Y,2026-01-12 10:00:00,batch_002,workqueue_actions_batch_002.csv
49101,1051,1,2026-01-10,NOTE,1,Y,2026-01-12 10:00:00,batch_002,workqueue_actions_batch_002.csv
49102,2105,10,2026-01-09,CALL,3,N,2026-01-12 10:00:00,batch_002,workqueue_actions_batch_002.csv
49103,1445,19,2026-01-08,REVIEW,2,Y,2026-01-12 10:00:00,batch_002,workqueue_actions_batch_002.csv
49104,2811,16,2026-01-08,CALL,3,N,2026-01-12 10:00:00,batch_002,workqueue_actions_batch_002.csv
49105,3471,7,2026-01-07,NOTE,1,N,2026-01-12 10:00:00,batch_002,workqueue_actions_batch_002.csv
49106,2796,4,2026-01-09,REVIEW,1,Y,2026-01-12 10:00:00,batch_002,workqueue_actions_batch_002.csv
49107,4498,6,2026-01-06,REVIEW,0,Y,2026-01-12 10:00:00,batch_002,workqueue_actions_batch_002.csv
49108,1835,10,2026-01-10,NOTE,0,Y,2026-01-12 10:00:00,batch_002,workqueue_actions_batch_002.csv
49109,4689,17,2026-01-09,CALL,3,Y,2026-01-12 10:00:00,batch_002,workqueue_actions_batch_002.csv
49110,1379,18,2026-01-11,NOTE,2,N,2026-01-12 10:00:00,batch_002,workqueue_actions_batch_002.csv
49111,3436,8,2026-01-07,CALL,0,Y,2026-01-12 10:00:00,batch_002,workqueue_actions_batch_002.csv
49112,5194,4,2026-01-11,ESCALATE,2,Y,2026-01-12 10:00:00,batch_002,workqueue_actions_batch_002.csv
49113,1879,18,2026-01-07,NOTE,1,Y,2026-01-12 10:00:00,batch_002,workqueue_actions_batch_002.csv
49114,2020,17,2026-01-06,ESCALATE,3,N,2026-01-12 10:00:00,batch_002,workqueue_actions_batch_002.csv
49115,4237,1,2026-01-09,CALL,3,Y,2026-01-12 10:00:00,batch_002,workqueue_actions_batch_002.csv
49116,1917,1,2026-01-06,NOTE,4,Y,2026-01-12 10:00:00,batch_002,workqueue_actions_batch_002.csv
49117,4525,14,2026-01-09,REVIEW,0,Y,2026-01-12 10:00:00,batch_002,workqueue_actions_batch_002.csv
49118,1359,16,2026-01-11,ESCALATE,0,Y,2026-01-12 10:00:00,batch_002,workqueue_actions_batch_002.csv
49119,2950,18,2026-01-08,REVIEW,1,N,2026-01-12 10:00:00,batch_002,workqueue_actions_batch_002.csv
49120,3071,3,2026-01-08,ESCALATE,0,N,2026-01-12 10:00:00,batch_002,workqueue_actions_batch_002.csv
49121,1576,2,2026-01-09,NOTE,1,N,2026-01-12 10:00:00,batch_002,workqueue_actions_batch_002.csv
49122,2783,2,2026-01-08,NOTE,4,N,2026-01-12 10:00:00,batch_002,workqueue_actions_batch_002.csv
49123,3323,8,2026-01-06,REVIEW,0,Y,2026-01-12 10:00:00,batch_002,workqueue_actions_batch_002.csv
49124,2646,6,2026-01-07,ESCALATE,1,N,2026-01-12 10:00:00,batch_002,workqueue_actions_batch_002.csv
49125,1820,5,2026-01-09,REVIEW,3,Y,2026-01-12 10:00:00,batch_002,workqueue_actions_batch_002.csv
49126,4572,14,2026-01-12,REVIEW,3,N,2026-01-12 10:00:00,batch_002,workqueue_actions_batch_002.csv
49127,4501,10,2026-01-10,CALL,2,Y,2026-01-12 10:00:00,batch_002,workqueue_actions_batch_002.csv
49128,1655,14,2026-01-05,REVIEW,1,Y,2026-01-12 10:00:00,batch_002,workqueue_actions_batch_002.csv
49129,4287,13,2026-01-12,NOTE,4,Y,2026-01-12 10:00:00,batch_002,workqueue_actions_batch_002.csv
49130,2055,3,2026-01-06,ESCALATE,1,N,2026-01-12 10:00:00,batch_002,workqueue_actions_batch_002.csv
49131,3642,2,2026-01-11,ESCALATE,0,N,2026-01-12 10:00:00,batch_002,workqueue_actions_batch_002.csv
49132,5113,2,2026-01-12,REVIEW,4,Y,2026-01-12 10:00:00,batch_002,workqueue_actions_batch_002.csv
49133,3575,18,2026-01-09,CALL,1,Y,2026-01-12 10:00:00,batch_002,workqueue_actions_batch_002.csv
49134,4759,9,2026-01-06,CALL,0,Y,2026-01-12 10:00:00,batch_002,workqueue_actions_batch_002.csv
49135,4631,8,2026-01-08,REVIEW,3,Y,2026-01-12 10:00:00,batch_002,workqueue_actions_batch_002.csv
49136,1068,14,2026-01-06,NOTE,1,N,2026-01-12 10:00:00,batch_002,workqueue_actions_batch_002.csv
49137,3001,13,2026-01-08,NOTE,0,Y,2026-01-12 10:00:00,batch_002,workqueue_actions_batch_002.csv
49138,1551,10,2026-01-05,CALL,3,N,2026-01-12 10:00:00,batch_002,workqueue_actions_batch_002.csv
49139,1145,17,2026-01-06,REVIEW,4,Y,2026-01-12 10:00:00,batch_002,workqueue_actions_batch_002.csv
49140,4894,12,2026-01-06,NOTE,1,N,2026-01-12 10:00:00,batch_002,workqueue_actions_batch_002.csv
49141,3989,4,2026-01-09,CALL,3,N,2026-01-12 10:00:00,batch_002,workqueue_actions_batch_002.csv
49142,1622,9,2026-01-10,REVIEW,3,Y,2026-01-12 10:00:00,batch_002,workqueue_actions_batch_002.csv
49143,3155,3,2026-01-12,REVIEW,2,Y,2026-01-12 10:00:00,batch_002,workqueue_actions_batch_002.csv
49144,2266,1,2026-01-10,CALL,1,N,2026-01-12 10:00:00,batch_002,workqueue_actions_batch_002.csv
49145,4099,9,2026-01-12,REVIEW,2,Y,2026-01-12 10:00:00,batch_002,workqueue_actions_batch_002.csv
49146,4751,9,2026-01-05,CALL,2,Y,2026-01-12 10:00:00,batch_002,workqueue_actions_batch_002.csv
49147,1281,17,2026-01-09,ESCALATE,2,N,2026-01-12 10:00:00,batch_002,workqueue_actions_batch_002.csv
49148,1917,8,2026-01-10,NOTE,3,N,2026-01-12 10:00:00,batch_002,workqueue_actions_batch_002.csv
49149,2112,19,2026-01-10,REVIEW,4,Y,2026-01-12 10:00:00,batch_002,workqueue_actions_batch_002.csv
49150,3299,13,2026-01-08,CALL,2,Y,2026-01-12 10:00:00,batch_002,workqueue_actions_batch_002.csv
49151,1226,17,2026-01-09,REVIEW,4,N,2026-01-12 10:00:00,batch_002,workqueue_actions_batch_002.csv
49152,4698,11,2026-01-06,NOTE,2,Y,2026-01-12 10:00:00,batch_002,workqueue_actions_batch_002.csv
49153,2605,5,2026-01-06,CALL,4,Y,2026-01-12 10:00:00,batch_002,workqueue_actions_batch_002.csv
49154,2701,12,2026-01-12,REVIEW,0,N,2026-01-12 10:00:00,batch_002,workqueue_actions_batch_002.csv
49155,3508,11,2026-01-12,CALL,1,Y,2026-01-12 10:00:00,batch_002,workqueue_actions_batch_002.csv
49156,2089,11,2026-01-10,REVIEW,3,Y,2026-01-12 10:00:00,batch_002,workqueue_actions_batch_002.csv
49157,4916,15,2026-01-09,NOTE,2,N,2026-01-12 10:00:00,batch_002,workqueue_actions_batch_002.csv
49158,3378,1,2026-01-06,REVIEW,2,N,2026-01-12 10:00:00,batch_002,workqueue_actions_batch_002.csv
49159,4598,17,2026-01-12,NOTE,1,N,2026-01-12 10:00:00,batch_002,workqueue_actions_batch_002.csv
49160,2191,4,2026-01-10,NOTE,3,N,2026-01-12 10:00:00,batch_002,workqueue_actions_batch_002.csv
49161,4259,16,2026-01-12,NOTE,1,Y,2026-01-12 10:00:00,batch_002,workqueue_actions_batch_002.csv
49162,2641,6,2026-01-12,CALL,3,N,2026-01-12 10:00:00,batch_002,workqueue_actions_batch_002.csv
49163,3328,3,2026-01-06,ESCALATE,2,Y,2026-01-12 10:00:00,batch_002,workqueue_actions_batch_002.csv
49164,3449,4,2026-01-12,CALL,0,Y,2026-01-12 10:00:00,batch_002,workqueue_actions_batch_002.csv
49165,1756,20,2026-01-08,REVIEW,2,N,2026-01-12 10:00:00,batch_002,workqueue_actions_batch_002.csv
49166,1487,14,2026-01-11,REVIEW,0,N,2026-01-12 10:00:00,batch_002,workqueue_actions_batch_002.csv
49167,5188,14,2026-01-09,CALL,2,Y,2026-01-12 10:00:00,batch_002,workqueue_actions_batch_002.csv
49168,4675,9,2026-01-06,REVIEW,1,N,2026-01-12 10:00:00,batch_002,workqueue_actions_batch_002.csv
49169,1512,6,2026-01-11,NOTE,3,N,2026-01-12 10:00:00,batch_002,workqueue_actions_batch_002.csv
49170,3960,5,2026-01-07,ESCALATE,1,N,2026-01-12 10:00:00,batch_002,workqueue_actions_batch_002.csv
49171,4993,16,2026-01-08,REVIEW,0,Y,2026-01-12 10:00:00,batch_002,workqueue_actions_batch_002.csv
49172,5046,16,2026-01-12,CALL,1,N,2026-01-12 10:00:00,batch_002,workqueue_actions_batch_002.csv
49173,1625,18,2026-01-11,NOTE,1,N,2026-01-12 10:00:00,batch_002,workqueue_actions_batch_002.csv
49174,2817,1,2026-01-05,REVIEW,2,Y,2026-01-12 10:00:00,batch_002,workqueue_actions_batch_002.csv
49175,3649,11,2026-01-12,REVIEW,2,N,2026-01-12 10:00:00,batch_002,workqueue_actions_batch_002.csv
49176,1194,15,2026-01-12,CALL,4,N,2026-01-12 10:00:00,batch_002,workqueue_actions_batch_002.csv
49177,2548,20,2026-01-10,CALL,0,N,2026-01-12 10:00:00,batch_002,workqueue_actions_batch_002.csv
49178,4754,10,2026-01-10,ESCALATE,3,Y,2026-01-12 10:00:00,batch_002,workqueue_actions_batch_002.csv
49179,3558,16,2026-01-11,CALL,0,Y,2026-01-12 10:00:00,batch_002,workqueue_actions_batch_002.csv
49180,1415,19,2026-01-05,NOTE,2,Y,2026-01-12 10:00:00,batch_002,workqueue_actions_batch_002.csv
49181,4279,18,2026-01-12,CALL,3,N,2026-01-12 10:00:00,batch_002,workqueue_actions_batch_002.csv
49182,3032,12,2026-01-08,ESCALATE,1,Y,2026-01-12 10:00:00,batch_002,workqueue_actions_batch_002.csv
49183,4376,14,2026-01-07,NOTE,0,N,2026-01-12 10:00:00,batch_002,workqueue_actions_batch_002.csv
49184,3975,20,2026-01-12,NOTE,0,N,2026-01-12 10:00:00,batch_002,workqueue_actions_batch_002.csv
49185,4484,20,2026-01-07,NOTE,1,Y,2026-01-12 10:00:00,batch_002,workqueue_actions_batch_002.csv
49186,4506,4,2026-01-07,CALL,4,N,2026-01-12 10:00:00,batch_002,workqueue_actions_batch_002.csv
49187,4811,20,2026-01-10,CALL,0,Y,2026-01-12 10:00:00,batch_002,workqueue_actions_batch_002.csv
49188,2883,13,2026-01-12,NOTE,2,Y,2026-01-12 10:00:00,batch_002,workqueue_actions_batch_002.csv
49189,1470,1,2026-01-08,ESCALATE,0,N,2026-01-12 10:00:00,batch_002,workqueue_actions_batch_002.csv
49190,2026,6,2026-01-09,CALL,0,N,2026-01-12 10:00:00,batch_002,workqueue_actions_batch_002.csv
49191,1677,16,2026-01-10,ESCALATE,4,Y,2026-01-12 10:00:00,batch_002,workqueue_actions_batch_002.csv
49192,3042,12,2026-01-05,NOTE,4,Y,2026-01-12 10:00:00,batch_002,workqueue_actions_batch_002.csv
49193,1692,10,2026-01-11,ESCALATE,2,Y,2026-01-12 10:00:00,batch_002,workqueue_actions_batch_002.csv
49194,2586,7,2026-01-06,CALL,4,Y,2026-01-12 10:00:00,batch_002,workqueue_actions_batch_002.csv
49195,3721,7,2026-01-07,REVIEW,1,N,2026-01-12 10:00:00,batch_002,workqueue_actions_batch_002.csv
49196,2470,18,2026-01-09,NOTE,4,N,2026-01-12 10:00:00,batch_002,workqueue_actions_batch_002.csv
49197,3468,10,2026-01-06,NOTE,1,N,2026-01-12 10:00:00,batch_002,workqueue_actions_batch_002.csv
49198,2389,20,2026-01-09,ESCALATE,4,N,2026-01-12 10:00:00,batch_002,workqueue_actions_batch_002.csv
49199,3873,12,2026-01-11,ESCALATE,3,N,2026-01-12 10:00:00,batch_002,workqueue_actions_batch_002.csv
49200,4139,6,2026-01-10,NOTE,0,Y,2026-01-12 10:00:00,batch_002,workqueue_actions_batch_002.csv
49201,2477,17,2026-01-10,ESCALATE,3,N,2026-01-12 10:00:00,batch_002,workqueue_actions_batch_002.csv
49202,1318,4,2026-01-12,REVIEW,1,N,2026-01-12 10:00:00,batch_002,workqueue_actions_batch_002.csv
49203,1423,6,2026-01-11,ESCALATE,0,N,2026-01-12 10:00:00,batch_002,workqueue_actions_batch_002.csv
49204,4115,11,2026-01-11,REVIEW,1,N,2026-01-12 10:00:00,batch_002,workqueue_actions_batch_002.csv
49205,1230,2,2026-01-11,CALL,4,Y,2026-01-12 10:00:00,batch_002,workqueue_actions_batch_002.csv
49206,4711,14,2026-01-10,ESCALATE,2,N,2026-01-12 10:00:00,batch_002,workqueue_actions_batch_002.csv
49207,1842,2,2026-01-05,REVIEW,0,Y,2026-01-12 10:00:00,batch_002,workqueue_actions_batch_002.csv
49208,2061,13,2026-01-06,CALL,4,N,2026-01-12 10:00:00,batch_002,workqueue_actions_batch_002.csv
49209,2312,5,2026-01-10,NOTE,2,Y,2026-01-12 10:00:00,batch_002,workqueue_actions_batch_002.csv
49210,3630,6,2026-01-09,NOTE,2,Y,2026-01-12 10:00:00,batch_002,workqueue_actions_batch_002.csv
49211,3607,12,2026-01-08,REVIEW,2,Y,2026-01-12 10:00:00,batch_002,workqueue_actions_batch_002.csv
49212,1275,5,2026-01-12,REVIEW,3,Y,2026-01-12 10:00:00,batch_002,workqueue_actions_batch_002.csv
49213,3957,19,2026-01-11,NOTE,3,Y,2026-01-12 10:00:00,batch_002,workqueue_actions_batch_002.csv
49214,4944,17,2026-01-05,REVIEW,0,Y,2026-01-12 10:00:00,batch_002,workqueue_actions_batch_002.csv
49215,4870,15,2026-01-09,REVIEW,1,N,2026-01-12 10:00:00,batch_002,workqueue_actions_batch_002.csv
49216,1946,10,2026-01-06,ESCALATE,1,N,2026-01-12 10:00:00,batch_002,workqueue_actions_batch_002.csv
49217,3717,12,2026-01-12,NOTE,1,N,2026-01-12 10:00:00,batch_002,workqueue_actions_batch_002.csv
49218,1365,16,2026-01-09,REVIEW,2,Y,2026-01-12 10:00:00,batch_002,workqueue_actions_batch_002.csv
49219,2255,20,2026-01-07,REVIEW,3,Y,2026-01-12 10:00:00,batch_002,workqueue_actions_batch_002.csv
49220,2539,19,2026-01-10,ESCALATE,0,Y,2026-01-12 10:00:00,batch_002,workqueue_actions_batch_002.csv
49221,4912,12,2026-01-06,CALL,2,N,2026-01-12 10:00:00,batch_002,workqueue_actions_batch_002.csv
49222,2282,18,2026-01-08,REVIEW,4,Y,2026-01-12 10:00:00,batch_002,workqueue_actions_batch_002.csv
49223,2747,9,2026-01-08,NOTE,3,N,2026-01-12 10:00:00,batch_002,workqueue_actions_batch_002.csv
49224,1680,12,2026-01-09,NOTE,1,Y,2026-01-12 10:00:00,batch_002,workqueue_actions_batch_002.csv
49225,1324,20,2026-01-10,REVIEW,4,Y,2026-01-12 10:00:00,batch_002,workqueue_actions_batch_002.csv
49226,4288,17,2026-01-10,CALL,4,N,2026-01-12 10:00:00,batch_002,workqueue_actions_batch_002.csv
49227,4158,8,2026-01-12,CALL,2,Y,2026-01-12 10:00:00,batch_002,workqueue_actions_batch_002.csv
49228,2521,6,2026-01-10,NOTE,2,Y,2026-01-12 10:00:00,batch_002,workqueue_actions_batch_002.csv
49229,3592,4,2026-01-07,CALL,3,Y,2026-01-12 10:00:00,batch_002,workqueue_actions_batch_002.csv
49230,2874,13,2026-01-11,CALL,3,Y,2026-01-12 10:00:00,batch_002,workqueue_actions_batch_002.csv
49231,3385,6,2026-01-12,REVIEW,2,Y,2026-01-12 10:00:00,batch_002,workqueue_actions_batch_002.csv
49232,1884,5,2026-01-12,ESCALATE,3,Y,2026-01-12 10:00:00,batch_002,workqueue_actions_batch_002.csv
49233,4317,6,2026-01-06,ESCALATE,3,N,2026-01-12 10:00:00,batch_002,workqueue_actions_batch_002.csv
49234,4917,2,2026-01-05,REVIEW,0,N,2026-01-12 10:00:00,batch_002,workqueue_actions_batch_002.csv
49235,3757,3,2026-01-10,REVIEW,4,N,2026-01-12 10:00:00,batch_002,workqueue_actions_batch_002.csv
49236,1780,4,2026-01-12,REVIEW,1,N,2026-01-12 10:00:00,batch_002,workqueue_actions_batch_002.csv
49237,4177,17,2026-01-07,CALL,2,Y,2026-01-12 10:00:00,batch_002,workqueue_actions_batch_002.csv
49238,3374,13,2026-01-11,REVIEW,3,N,2026-01-12 10:00:00,batch_002,workqueue_actions_batch_002.csv
49239,5007,4,2026-01-07,REVIEW,0,N,2026-01-12 10:00:00,batch_002,workqueue_actions_batch_002.csv
49240,4101,10,2026-01-09,CALL,0,Y,2026-01-12 10:00:00,batch_002,workqueue_actions_batch_002.csv
49241,1031,14,2026-01-05,CALL,0,Y,2026-01-12 10:00:00,batch_002,workqueue_actions_batch_002.csv
49242,4759,19,2026-01-06,ESCALATE,3,Y,2026-01-12 10:00:00,batch_002,workqueue_actions_batch_002.csv
49243,3836,5,2026-01-08,CALL,2,Y,2026-01-12 10:00:00,batch_002,workqueue_actions_batch_002.csv
49244,4583,20,2026-01-11,ESCALATE,4,Y,2026-01-12 10:00:00,batch_002,workqueue_actions_batch_002.csv
49245,2172,13,2026-01-12,CALL,3,N,2026-01-12 10:00:00,batch_002,workqueue_actions_batch_002.csv
49246,4238,2,2026-01-12,REVIEW,3,Y,2026-01-12 10:00:00,batch_002,workqueue_actions_batch_002.csv
49247,1110,19,2026-01-06,CALL,4,Y,2026-01-12 10:00:00,batch_002,workqueue_actions_batch_002.csv
49248,2990,15,2026-01-10,ESCALATE,4,Y,2026-01-12 10:00:00,batch_002,workqueue_actions_batch_002.csv
49249,1440,6,2026-01-07,REVIEW,2,N,2026-01-12 10:00:00,batch_002,workqueue_actions_batch_002.csv
49250,5248,14,2026-01-08,REVIEW,4,Y,2026-01-12 10:00:00,batch_002,workqueue_actions_batch_002.csv
49251,4161,6,2026-01-06,ESCALATE,1,N,2026-01-12 10:00:00,batch_002,workqueue_actions_batch_002.csv
49252,1896,20,2026-01-05,NOTE,0,Y,2026-01-12 10:00:00,batch_002,workqueue_actions_batch_002.csv
49253,3875,12,2026-01-10,REVIEW,3,Y,2026-01-12 10:00:00,batch_002,workqueue_actions_batch_002.csv
49254,3380,14,2026-01-07,NOTE,3,Y,2026-01-12 10:00:00,batch_002,workqueue_actions_batch_002.csv
49255,2697,14,2026-01-06,NOTE,3,N,2026-01-12 10:00:00,batch_002,workqueue_actions_batch_002.csv
49256,2682,5,2026-01-10,ESCALATE,2,Y,2026-01-12 10:00:00,batch_002,workqueue_actions_batch_002.csv
49257,2307,15,2026-01-07,NOTE,1,N,2026-01-12 10:00:00,batch_002,workqueue_actions_batch_002.csv
49258,3024,15,2026-01-08,NOTE,2,Y,2026-01-12 10:00:00,batch_002,workqueue_actions_batch_002.csv
49259,4142,11,2026-01-06,REVIEW,4,N,2026-01-12 10:00:00,batch_002,workqueue_actions_batch_002.csv
49260,5076,19,2026-01-05,CALL,1,Y,2026-01-12 10:00:00,batch_002,workqueue_actions_batch_002.csv
49261,1831,3,2026-01-06,CALL,4,N,2026-01-12 10:00:00,batch_002,workqueue_actions_batch_002.csv
49262,3886,11,2026-01-10,REVIEW,3,Y,2026-01-12 10:00:00,batch_002,workqueue_actions_batch_002.csv
49263,3037,10,2026-01-11,NOTE,4,N,2026-01-12 10:00:00,batch_002,workqueue_actions_batch_002.csv
49264,2710,4,2026-01-05,NOTE,2,Y,2026-01-12 10:00:00,batch_002,workqueue_actions_batch_002.csv
49265,4468,2,2026-01-06,NOTE,3,Y,2026-01-12 10:00:00,batch_002,workqueue_actions_batch_002.csv
49266,3468,7,2026-01-11,NOTE,3,Y,2026-01-12 10:00:00,batch_002,workqueue_actions_batch_002.csv
49267,3006,5,2026-01-08,REVIEW,1,Y,2026-01-12 10:00:00,batch_002,workqueue_actions_batch_002.csv
49268,2194,13,2026-01-08,NOTE,2,N,2026-01-12 10:00:00,batch_002,workqueue_actions_batch_002.csv
49269,2509,18,2026-01-09,REVIEW,1,N,2026-01-12 10:00:00,batch_002,workqueue_actions_batch_002.csv
49270,1556,8,2026-01-05,ESCALATE,1,N,2026-01-12 10:00:00,batch_002,workqueue_actions_batch_002.csv
49271,4127,4,2026-01-09,CALL,2,N,2026-01-12 10:00:00,batch_002,workqueue_actions_batch_002.csv
49272,4060,14,2026-01-07,CALL,0,N,2026-01-12 10:00:00,batch_002,workqueue_actions_batch_002.csv
49273,5087,14,2026-01-12,REVIEW,3,Y,2026-01-12 10:00:00,batch_002,workqueue_actions_batch_002.csv
49274,4354,8,2026-01-11,NOTE,1,N,2026-01-12 10:00:00,batch_002,workqueue_actions_batch_002.csv
49275,4928,14,2026-01-11,ESCALATE,3,N,2026-01-12 10:00:00,batch_002,workqueue_actions_batch_002.csv
49276,2917,18,2026-01-10,CALL,3,N,2026-01-12 10:00:00,batch_002,workqueue_actions_batch_002.csv
49277,1021,13,2026-01-11,CALL,3,Y,2026-01-12 10:00:00,batch_002,workqueue_actions_batch_002.csv
49278,4202,9,2026-01-12,REVIEW,2,N,2026-01-12 10:00:00,batch_002,workqueue_actions_batch_002.csv
49279,1388,2,2026-01-10,NOTE,4,N,2026-01-12 10:00:00,batch_002,workqueue_actions_batch_002.csv
49280,1898,5,2026-01-05,NOTE,4,Y,2026-01-12 10:00:00,batch_002,workqueue_actions_batch_002.csv
49281,2845,2,2026-01-10,REVIEW,1,N,2026-01-12 10:00:00,batch_002,workqueue_actions_batch_002.csv
49282,1766,8,2026-01-08,CALL,4,N,2026-01-12 10:00:00,batch_002,workqueue_actions_batch_002.csv
49283,4926,7,2026-01-05,ESCALATE,1,N,2026-01-12 10:00:00,batch_002,workqueue_actions_batch_002.csv
49284,2240,13,2026-01-06,ESCALATE,3,N,2026-01-12 10:00:00,batch_002,workqueue_actions_batch_002.csv
49285,2038,6,2026-01-09,CALL,4,N,2026-01-12 10:00:00,batch_002,workqueue_actions_batch_002.csv
49286,2746,5,2026-01-10,REVIEW,3,N,2026-01-12 10:00:00,batch_002,workqueue_actions_batch_002.csv
49287,4860,11,2026-01-09,NOTE,2,N,2026-01-12 10:00:00,batch_002,workqueue_actions_batch_002.csv
49288,3750,12,2026-01-11,CALL,3,N,2026-01-12 10:00:00,batch_002,workqueue_actions_batch_002.csv
49289,2919,3,2026-01-06,CALL,3,Y,2026-01-12 10:00:00,batch_002,workqueue_actions_batch_002.csv
49290,2313,16,2026-01-10,REVIEW,0,Y,2026-01-12 10:00:00,batch_002,workqueue_actions_batch_002.csv
49291,3792,5,2026-01-10,ESCALATE,1,N,2026-01-12 10:00:00,batch_002,workqueue_actions_batch_002.csv
49292,4234,4,2026-01-11,REVIEW,4,Y,2026-01-12 10:00:00,batch_002,workqueue_actions_batch_002.csv
49293,3687,12,2026-01-08,REVIEW,2,Y,2026-01-12 10:00:00,batch_002,workqueue_actions_batch_002.csv
49294,1888,10,2026-01-07,ESCALATE,0,N,2026-01-12 10:00:00,batch_002,workqueue_actions_batch_002.csv
49295,3535,5,2026-01-10,CALL,0,Y,2026-01-12 10:00:00,batch_002,workqueue_actions_batch_002.csv
49296,3797,3,2026-01-10,REVIEW,1,N,2026-01-12 10:00:00,batch_002,workqueue_actions_batch_002.csv
49297,5021,6,2026-01-09,REVIEW,3,N,2026-01-12 10:00:00,batch_002,workqueue_actions_batch_002.csv
49298,3392,9,2026-01-10,ESCALATE,2,Y,2026-01-12 10:00:00,batch_002,workqueue_actions_batch_002.csv
49299,2938,2,2026-01-05,NOTE,4,Y,2026-01-12 10:00:00,batch_002,workqueue_actions_batch_002.csv
49300,2156,16,2026-01-08,NOTE,3,Y,2026-01-12 10:00:00,batch_002,workqueue_actions_batch_002.csv
49301,1765,1,2026-01-10,NOTE,3,Y,2026-01-12 10:00:00,batch_002,workqueue_actions_batch_002.csv
49302,2602,8,2026-01-12,ESCALATE,0,Y,2026-01-12 10:00:00,batch_002,workqueue_actions_batch_002.csv
49303,1161,2,2026-01-07,ESCALATE,2,Y,2026-01-12 10:00:00,batch_002,workqueue_actions_batch_002.csv
49304,1878,8,2026-01-05,REVIEW,3,Y,2026-01-12 10:00:00,batch_002,workqueue_actions_batch_002.csv
49305,1461,2,2026-01-05,REVIEW,0,N,2026-01-12 10:00:00,batch_002,workqueue_actions_batch_002.csv
49306,2756,5,2026-01-08,NOTE,2,N,2026-01-12 10:00:00,batch_002,workqueue_actions_batch_002.csv
49307,2228,11,2026-01-12,REVIEW,2,N,2026-01-12 10:00:00,batch_002,workqueue_actions_batch_002.csv
49308,3920,11,2026-01-10,ESCALATE,3,N,2026-01-12 10:00:00,batch_002,workqueue_actions_batch_002.csv
49309,4352,3,2026-01-08,ESCALATE,3,Y,2026-01-12 10:00:00,batch_002,workqueue_actions_batch_002.csv
49310,4515,13,2026-01-12,REVIEW,2,Y,2026-01-12 10:00:00,batch_002,workqueue_actions_batch_002.csv
49311,4908,16,2026-01-10,CALL,3,N,2026-01-12 10:00:00,batch_002,workqueue_actions_batch_002.csv
49312,4632,15,2026-01-07,CALL,2,Y,2026-01-12 10:00:00,batch_002,workqueue_actions_batch_002.csv
49313,2351,15,2026-01-06,NOTE,2,Y,2026-01-12 10:00:00,batch_002,workqueue_actions_batch_002.csv
49314,4435,9,2026-01-08,NOTE,1,Y,2026-01-12 10:00:00,batch_002,workqueue_actions_batch_002.csv
49315,4679,17,2026-01-09,ESCALATE,2,Y,2026-01-12 10:00:00,batch_002,workqueue_actions_batch_002.csv
49316,3804,17,2026-01-07,CALL,2,Y,2026-01-12 10:00:00,batch_002,workqueue_actions_batch_002.csv
49317,4797,18,2026-01-11,REVIEW,0,N,2026-01-12 10:00:00,batch_002,workqueue_actions_batch_002.csv
49318,5178,4,2026-01-10,CALL,0,Y,2026-01-12 10:00:00,batch_002,workqueue_actions_batch_002.csv
49319,3253,8,2026-01-06,ESCALATE,4,N,2026-01-12 10:00:00,batch_002,workqueue_actions_batch_002.csv
49320,1977,20,2026-01-11,ESCALATE,0,N,2026-01-12 10:00:00,batch_002,workqueue_actions_batch_002.csv
49321,1581,12,2026-01-11,ESCALATE,4,Y,2026-01-12 10:00:00,batch_002,workqueue_actions_batch_002.csv
49322,1809,2,2026-01-06,ESCALATE,3,N,2026-01-12 10:00:00,batch_002,workqueue_actions_batch_002.csv
49323,1659,9,2026-01-06,CALL,4,N,2026-01-12 10:00:00,batch_002,workqueue_actions_batch_002.csv
49324,3094,11,2026-01-06,REVIEW,1,N,2026-01-12 10:00:00,batch_002,workqueue_actions_batch_002.csv
49325,2448,4,2026-01-05,ESCALATE,4,N,2026-01-12 10:00:00,batch_002,workqueue_actions_batch_002.csv
49326,2949,17,2026-01-11,CALL,2,N,2026-01-12 10:00:00,batch_002,workqueue_actions_batch_002.csv
49327,3433,5,2026-01-10,ESCALATE,3,Y,2026-01-12 10:00:00,batch_002,workqueue_actions_batch_002.csv
49328,1239,18,2026-01-09,NOTE,1,N,2026-01-12 10:00:00,batch_002,workqueue_actions_batch_002.csv
49329,3343,10,2026-01-09,CALL,4,N,2026-01-12 10:00:00,batch_002,workqueue_actions_batch_002.csv
49330,3756,7,2026-01-11,NOTE,0,N,2026-01-12 10:00:00,batch_002,workqueue_actions_batch_002.csv
49331,3953,15,2026-01-10,CALL,1,Y,2026-01-12 10:00:00,batch_002,workqueue_actions_batch_002.csv
49332,3138,6,2026-01-11,CALL,0,N,2026-01-12 10:00:00,batch_002,workqueue_actions_batch_002.csv
49333,1320,12,2026-01-09,NOTE,0,Y,2026-01-12 10:00:00,batch_002,workqueue_actions_batch_002.csv
49334,5062,9,2026-01-12,CALL,1,N,2026-01-12 10:00:00,batch_002,workqueue_actions_batch_002.csv
49335,2252,8,2026-01-09,NOTE,0,N,2026-01-12 10:00:00,batch_002,workqueue_actions_batch_002.csv
49336,2517,2,2026-01-09,REVIEW,4,N,2026-01-12 10:00:00,batch_002,workqueue_actions_batch_002.csv
49337,3589,17,2026-01-07,CALL,0,Y,2026-01-12 10:00:00,batch_002,workqueue_actions_batch_002.csv
49338,2242,20,2026-01-06,ESCALATE,1,Y,2026-01-12 10:00:00,batch_002,workqueue_actions_batch_002.csv
49339,1883,18,2026-01-09,NOTE,0,Y,2026-01-12 10:00:00,batch_002,workqueue_actions_batch_002.csv
49340,3240,9,2026-01-06,REVIEW,0,N,2026-01-12 10:00:00,batch_002,workqueue_actions_batch_002.csv
49341,1282,11,2026-01-11,NOTE,1,N,2026-01-12 10:00:00,batch_002,workqueue_actions_batch_002.csv
49342,2168,14,2026-01-12,REVIEW,1,N,2026-01-12 10:00:00,batch_002,workqueue_actions_batch_002.csv
49343,3845,14,2026-01-12,CALL,2,N,2026-01-12 10:00:00,batch_002,workqueue_actions_batch_002.csv
49344,1844,18,2026-01-07,CALL,2,Y,2026-01-12 10:00:00,batch_002,workqueue_actions_batch_002.csv
49345,3255,7,2026-01-10,NOTE,0,Y,2026-01-12 10:00:00,batch_002,workqueue_actions_batch_002.csv
49346,3096,12,2026-01-11,CALL,1,Y,2026-01-12 10:00:00,batch_002,workqueue_actions_batch_002.csv
49347,4331,5,2026-01-06,ESCALATE,2,Y,2026-01-12 10:00:00,batch_002,workqueue_actions_batch_002.csv
49348,3107,5,2026-01-11,ESCALATE,4,N,2026-01-12 10:00:00,batch_002,workqueue_actions_batch_002.csv
49349,2959,12,2026-01-09,NOTE,4,Y,2026-01-12 10:00:00,batch_002,workqueue_actions_batch_002.csv
49350,1425,1,2026-01-09,CALL,1,Y,2026-01-12 10:00:00,batch_002,workqueue_actions_batch_002.csv
49351,2103,17,2026-01-06,ESCALATE,3,N,2026-01-12 10:00:00,batch_002,workqueue_actions_batch_002.csv
49352,1001,18,2026-01-09,REVIEW,0,N,2026-01-12 10:00:00,batch_002,workqueue_actions_batch_002.csv
49353,4569,5,2026-01-10,CALL,0,N,2026-01-12 10:00:00,batch_002,workqueue_actions_batch_002.csv
49354,1717,16,2026-01-08,ESCALATE,3,N,2026-01-12 10:00:00,batch_002,workqueue_actions_batch_002.csv
49355,3106,3,2026-01-05,REVIEW,0,N,2026-01-12 10:00:00,batch_002,workqueue_actions_batch_002.csv
49356,5052,12,2026-01-10,ESCALATE,4,Y,2026-01-12 10:00:00,batch_002,workqueue_actions_batch_002.csv
49357,2006,12,2026-01-05,NOTE,2,Y,2026-01-12 10:00:00,batch_002,workqueue_actions_batch_002.csv
49358,3426,17,2026-01-05,NOTE,0,Y,2026-01-12 10:00:00,batch_002,workqueue_actions_batch_002.csv
49359,4409,3,2026-01-08,REVIEW,3,N,2026-01-12 10:00:00,batch_002,workqueue_actions_batch_002.csv
49360,1410,12,2026-01-10,CALL,2,N,2026-01-12 10:00:00,batch_002,workqueue_actions_batch_002.csv
49361,2074,11,2026-01-12,REVIEW,3,Y,2026-01-12 10:00:00,batch_002,workqueue_actions_batch_002.csv
49362,3802,20,2026-01-10,NOTE,2,N,2026-01-12 10:00:00,batch_002,workqueue_actions_batch_002.csv
49363,3305,6,2026-01-11,NOTE,4,N,2026-01-12 10:00:00,batch_002,workqueue_actions_batch_002.csv
49364,3248,11,2026-01-05,NOTE,0,Y,2026-01-12 10:00:00,batch_002,workqueue_actions_batch_002.csv
49365,1775,10,2026-01-09,CALL,4,N,2026-01-12 10:00:00,batch_002,workqueue_actions_batch_002.csv
49366,3096,2,2026-01-10,CALL,0,Y,2026-01-12 10:00:00,batch_002,workqueue_actions_batch_002.csv
49367,4615,13,2026-01-10,NOTE,3,Y,2026-01-12 10:00:00,batch_002,workqueue_actions_batch_002.csv
49368,4974,4,2026-01-11,NOTE,4,Y,2026-01-12 10:00:00,batch_002,workqueue_actions_batch_002.csv
49369,3009,1,2026-01-09,NOTE,3,N,2026-01-12 10:00:00,batch_002,workqueue_actions_batch_002.csv
49370,4461,10,2026-01-09,REVIEW,2,N,2026-01-12 10:00:00,batch_002,workqueue_actions_batch_002.csv
49371,3088,8,2026-01-08,REVIEW,1,N,2026-01-12 10:00:00,batch_002,workqueue_actions_batch_002.csv
49372,4036,20,2026-01-09,NOTE,1,Y,2026-01-12 10:00:00,batch_002,workqueue_actions_batch_002.csv
49373,2852,11,2026-01-05,ESCALATE,4,Y,2026-01-12 10:00:00,batch_002,workqueue_actions_batch_002.csv
49374,2648,1,2026-01-06,NOTE,1,Y,2026-01-12 10:00:00,batch_002,workqueue_actions_batch_002.csv
49375,3220,19,2026-01-11,ESCALATE,2,N,2026-01-12 10:00:00,batch_002,workqueue_actions_batch_002.csv
49376,2943,7,2026-01-11,NOTE,4,N,2026-01-12 10:00:00,batch_002,workqueue_actions_batch_002.csv
49377,4576,5,2026-01-12,NOTE,0,N,2026-01-12 10:00:00,batch_002,workqueue_actions_batch_002.csv
49378,1646,13,2026-01-12,REVIEW,4,N,2026-01-12 10:00:00,batch_002,workqueue_actions_batch_002.csv
49379,3389,3,2026-01-07,NOTE,3,Y,2026-01-12 10:00:00,batch_002,workqueue_actions_batch_002.csv
49380,4303,4,2026-01-09,REVIEW,1,N,2026-01-12 10:00:00,batch_002,workqueue_actions_batch_002.csv
49381,1635,18,2026-01-12,ESCALATE,0,Y,2026-01-12 10:00:00,batch_002,workqueue_actions_batch_002.csv
49382,1234,3,2026-01-05,ESCALATE,2,Y,2026-01-12 10:00:00,batch_002,workqueue_actions_batch_002.csv
49383,4327,18,2026-01-07,ESCALATE,1,Y,2026-01-12 10:00:00,batch_002,workqueue_actions_batch_002.csv
49384,2483,8,2026-01-05,CALL,0,Y,2026-01-12 10:00:00,batch_002,workqueue_actions_batch_002.csv
49385,3349,1,2026-01-10,CALL,2,Y,2026-01-12 10:00:00,batch_002,workqueue_actions_batch_002.csv
49386,2405,6,2026-01-06,REVIEW,4,Y,2026-01-12 10:00:00,batch_002,workqueue_actions_batch_002.csv
49387,4107,13,2026-01-12,ESCALATE,1,Y,2026-01-12 10:00:00,batch_002,workqueue_actions_batch_002.csv
49388,2088,14,2026-01-06,ESCALATE,0,Y,2026-01-12 10:00:00,batch_002,workqueue_actions_batch_002.csv
49389,2906,5,2026-01-08,ESCALATE,2,N,2026-01-12 10:00:00,batch_002,workqueue_actions_batch_002.csv
49390,2578,7,2026-01-12,NOTE,2,N,2026-01-12 10:00:00,batch_002,workqueue_actions_batch_002.csv
49391,4827,8,2026-01-06,REVIEW,2,N,2026-01-12 10:00:00,batch_002,workqueue_actions_batch_002.csv
49392,4685,19,2026-01-09,REVIEW,3,Y,2026-01-12 10:00:00,batch_002,workqueue_actions_batch_002.csv
49393,2522,1,2026-01-09,ESCALATE,2,Y,2026-01-12 10:00:00,batch_002,workqueue_actions_batch_002.csv
49394,5001,8,2026-01-07,ESCALATE,2,N,2026-01-12 10:00:00,batch_002,workqueue_actions_batch_002.csv
49395,5289,6,2026-01-10,REVIEW,0,Y,2026-01-12 10:00:00,batch_002,workqueue_actions_batch_002.csv
49396,4813,18,2026-01-11,NOTE,3,Y,2026-01-12 10:00:00,batch_002,workqueue_actions_batch_002.csv
49397,1944,6,2026-01-11,REVIEW,1,N,2026-01-12 10:00:00,batch_002,workqueue_actions_batch_002.csv
49398,4013,9,2026-01-09,NOTE,0,Y,2026-01-12 10:00:00,batch_002,workqueue_actions_batch_002.csv
49399,2057,15,2026-01-07,REVIEW,4,Y,2026-01-12 10:00:00,batch_002,workqueue_actions_batch_002.csv
49400,3081,6,2026-01-06,REVIEW,0,Y,2026-01-12 10:00:00,batch_002,workqueue_actions_batch_002.csv
49401,4401,12,2026-01-12,ESCALATE,1,Y,2026-01-12 10:00:00,batch_002,workqueue_actions_batch_002.csv
49402,2454,7,2026-01-07,CALL,0,N,2026-01-12 10:00:00,batch_002,workqueue_actions_batch_002.csv
49403,2927,10,2026-01-11,ESCALATE,4,N,2026-01-12 10:00:00,batch_002,workqueue_actions_batch_002.csv
49404,4715,15,2026-01-09,ESCALATE,2,N,2026-01-12 10:00:00,batch_002,workqueue_actions_batch_002.csv
49405,4492,1,2026-01-11,CALL,3,N,2026-01-12 10:00:00,batch_002,workqueue_actions_batch_002.csv
49406,3861,12,2026-01-08,CALL,3,N,2026-01-12 10:00:00,batch_002,workqueue_actions_batch_002.csv
49407,2030,17,2026-01-11,CALL,0,Y,2026-01-12 10:00:00,batch_002,workqueue_actions_batch_002.csv
49408,1291,7,2026-01-07,ESCALATE,2,Y,2026-01-12 10:00:00,batch_002,workqueue_actions_batch_002.csv
49409,2262,8,2026-01-10,ESCALATE,4,Y,2026-01-12 10:00:00,batch_002,workqueue_actions_batch_002.csv
49410,3817,6,2026-01-12,REVIEW,2,Y,2026-01-12 10:00:00,batch_002,workqueue_actions_batch_002.csv
49411,5058,1,2026-01-07,NOTE,1,N,2026-01-12 10:00:00,batch_002,workqueue_actions_batch_002.csv
49412,4724,18,2026-01-08,CALL,3,N,2026-01-12 10:00:00,batch_002,workqueue_actions_batch_002.csv
49413,1766,11,2026-01-07,REVIEW,1,Y,2026-01-12 10:00:00,batch_002,workqueue_actions_batch_002.csv
49414,4773,4,2026-01-11,NOTE,4,Y,2026-01-12 10:00:00,batch_002,workqueue_actions_batch_002.csv
49415,3395,18,2026-01-12,ESCALATE,3,N,2026-01-12 10:00:00,batch_002,workqueue_actions_batch_002.csv
49416,3875,6,2026-01-12,REVIEW,1,N,2026-01-12 10:00:00,batch_002,workqueue_actions_batch_002.csv
49417,3022,6,2026-01-12,CALL,0,Y,2026-01-12 10:00:00,batch_002,workqueue_actions_batch_002.csv
49418,1423,6,2026-01-05,ESCALATE,1,N,2026-01-12 10:00:00,batch_002,workqueue_actions_batch_002.csv
49419,1992,10,2026-01-07,CALL,0,N,2026-01-12 10:00:00,batch_002,workqueue_actions_batch_002.csv
49420,2397,3,2026-01-09,ESCALATE,1,N,2026-01-12 10:00:00,batch_002,workqueue_actions_batch_002.csv
49421,1408,11,2026-01-07,NOTE,0,Y,2026-01-12 10:00:00,batch_002,workqueue_actions_batch_002.csv
49422,4804,16,2026-01-12,CALL,0,N,2026-01-12 10:00:00,batch_002,workqueue_actions_batch_002.csv
49423,1671,2,2026-01-05,REVIEW,2,N,2026-01-12 10:00:00,batch_002,workqueue_actions_batch_002.csv
49424,1706,19,2026-01-11,NOTE,0,N,2026-01-12 10:00:00,batch_002,workqueue_actions_batch_002.csv
49425,3669,17,2026-01-09,REVIEW,4,Y,2026-01-12 10:00:00,batch_002,workqueue_actions_batch_002.csv
49426,5285,8,2026-01-12,NOTE,3,N,2026-01-12 10:00:00,batch_002,workqueue_actions_batch_002.csv
49427,1892,17,2026-01-10,REVIEW,0,N,2026-01-12 10:00:00,batch_002,workqueue_actions_batch_002.csv
49428,1080,5,2026-01-06,ESCALATE,1,N,2026-01-12 10:00:00,batch_002,workqueue_actions_batch_002.csv
49429,3739,3,2026-01-10,CALL,0,Y,2026-01-12 10:00:00,batch_002,workqueue_actions_batch_002.csv
49430,5062,13,2026-01-12,REVIEW,3,Y,2026-01-12 10:00:00,batch_002,workqueue_actions_batch_002.csv
49431,2327,10,2026-01-12,NOTE,3,N,2026-01-12 10:00:00,batch_002,workqueue_actions_batch_002.csv
49432,4370,2,2026-01-11,CALL,4,N,2026-01-12 10:00:00,batch_002,workqueue_actions_batch_002.csv
49433,2930,7,2026-01-09,NOTE,2,Y,2026-01-12 10:00:00,batch_002,workqueue_actions_batch_002.csv
49434,2038,2,2026-01-06,ESCALATE,3,Y,2026-01-12 10:00:00,batch_002,workqueue_actions_batch_002.csv
49435,3006,16,2026-01-08,CALL,3,Y,2026-01-12 10:00:00,batch_002,workqueue_actions_batch_002.csv
49436,1149,7,2026-01-06,ESCALATE,2,Y,2026-01-12 10:00:00,batch_002,workqueue_actions_batch_002.csv
49437,1960,1,2026-01-11,ESCALATE,0,Y,2026-01-12 10:00:00,batch_002,workqueue_actions_batch_002.csv
49438,5295,12,2026-01-07,NOTE,1,N,2026-01-12 10:00:00,batch_002,workqueue_actions_batch_002.csv
49439,1620,10,2026-01-05,CALL,3,Y,2026-01-12 10:00:00,batch_002,workqueue_actions_batch_002.csv
49440,5266,20,2026-01-07,ESCALATE,0,N,2026-01-12 10:00:00,batch_002,workqueue_actions_batch_002.csv
49441,4855,19,2026-01-05,NOTE,4,Y,2026-01-12 10:00:00,batch_002,workqueue_actions_batch_002.csv
49442,4181,14,2026-01-05,ESCALATE,2,N,2026-01-12 10:00:00,batch_002,workqueue_actions_batch_002.csv
49443,4000,18,2026-01-09,CALL,0,Y,2026-01-12 10:00:00,batch_002,workqueue_actions_batch_002.csv
49444,2058,10,2026-01-06,CALL,0,Y,2026-01-12 10:00:00,batch_002,workqueue_actions_batch_002.csv
49445,1625,18,2026-01-05,ESCALATE,4,N,2026-01-12 10:00:00,batch_002,workqueue_actions_batch_002.csv
49446,1029,2,2026-01-08,CALL,4,Y,2026-01-12 10:00:00,batch_002,workqueue_actions_batch_002.csv
49447,5126,15,2026-01-08,REVIEW,3,Y,2026-01-12 10:00:00,batch_002,workqueue_actions_batch_002.csv
49448,1333,10,2026-01-05,REVIEW,3,Y,2026-01-12 10:00:00,batch_002,workqueue_actions_batch_002.csv
49449,3416,20,2026-01-12,ESCALATE,2,N,2026-01-12 10:00:00,batch_002,workqueue_actions_batch_002.csv
49450,4147,8,2026-01-12,CALL,4,Y,2026-01-12 10:00:00,batch_002,workqueue_actions_batch_002.csv
49451,5075,18,2026-01-06,ESCALATE,3,Y,2026-01-12 10:00:00,batch_002,workqueue_actions_batch_002.csv
49452,4526,20,2026-01-12,REVIEW,2,Y,2026-01-12 10:00:00,batch_002,workqueue_actions_batch_002.csv
49453,3689,2,2026-01-12,ESCALATE,4,Y,2026-01-12 10:00:00,batch_002,workqueue_actions_batch_002.csv
49454,3870,13,2026-01-10,NOTE,1,N,2026-01-12 10:00:00,batch_002,workqueue_actions_batch_002.csv
49455,2849,3,2026-01-05,ESCALATE,0,Y,2026-01-12 10:00:00,batch_002,workqueue_actions_batch_002.csv
49456,3330,10,2026-01-07,ESCALATE,3,N,2026-01-12 10:00:00,batch_002,workqueue_actions_batch_002.csv
49457,2310,4,2026-01-10,NOTE,0,Y,2026-01-12 10:00:00,batch_002,workqueue_actions_batch_002.csv
49458,1650,19,2026-01-09,CALL,0,Y,2026-01-12 10:00:00,batch_002,workqueue_actions_batch_002.csv
49459,4134,18,2026-01-11,NOTE,1,N,2026-01-12 10:00:00,batch_002,workqueue_actions_batch_002.csv
49460,3561,4,2026-01-05,ESCALATE,1,N,2026-01-12 10:00:00,batch_002,workqueue_actions_batch_002.csv
49461,4604,7,2026-01-06,REVIEW,2,N,2026-01-12 10:00:00,batch_002,workqueue_actions_batch_002.csv
49462,5049,11,2026-01-09,CALL,2,Y,2026-01-12 10:00:00,batch_002,workqueue_actions_batch_002.csv
49463,3786,20,2026-01-06,CALL,3,N,2026-01-12 10:00:00,batch_002,workqueue_actions_batch_002.csv
49464,2765,3,2026-01-08,NOTE,0,N,2026-01-12 10:00:00,batch_002,workqueue_actions_batch_002.csv
49465,2292,18,2026-01-08,NOTE,0,N,2026-01-12 10:00:00,batch_002,workqueue_actions_batch_002.csv
49466,1782,9,2026-01-08,REVIEW,3,N,2026-01-12 10:00:00,batch_002,workqueue_actions_batch_002.csv
49467,1265,20,2026-01-10,ESCALATE,3,Y,2026-01-12 10:00:00,batch_002,workqueue_actions_batch_002.csv
49468,3842,5,2026-01-12,REVIEW,4,Y,2026-01-12 10:00:00,batch_002,workqueue_actions_batch_002.csv
49469,4849,20,2026-01-12,CALL,3,N,2026-01-12 10:00:00,batch_002,workqueue_actions_batch_002.csv
49470,4667,4,2026-01-06,ESCALATE,3,N,2026-01-12 10:00:00,batch_002,workqueue_actions_batch_002.csv
49471,1596,16,2026-01-11,NOTE,1,Y,2026-01-12 10:00:00,batch_002,workqueue_actions_batch_002.csv
49472,2851,4,2026-01-07,REVIEW,1,Y,2026-01-12 10:00:00,batch_002,workqueue_actions_batch_002.csv
49473,2428,20,2026-01-12,NOTE,0,Y,2026-01-12 10:00:00,batch_002,workqueue_actions_batch_002.csv
49474,3147,5,2026-01-12,NOTE,2,N,2026-01-12 10:00:00,batch_002,workqueue_actions_batch_002.csv
49475,4953,3,2026-01-05,REVIEW,0,Y,2026-01-12 10:00:00,batch_002,workqueue_actions_batch_002.csv
49476,4253,14,2026-01-10,REVIEW,2,N,2026-01-12 10:00:00,batch_002,workqueue_actions_batch_002.csv
49477,4129,17,2026-01-05,NOTE,2,N,2026-01-12 10:00:00,batch_002,workqueue_actions_batch_002.csv
49478,3044,14,2026-01-11,ESCALATE,1,Y,2026-01-12 10:00:00,batch_002,workqueue_actions_batch_002.csv
49479,5155,15,2026-01-09,NOTE,1,N,2026-01-12 10:00:00,batch_002,workqueue_actions_batch_002.csv
49480,1467,4,2026-01-12,REVIEW,0,Y,2026-01-12 10:00:00,batch_002,workqueue_actions_batch_002.csv
49481,4880,4,2026-01-09,NOTE,3,N,2026-01-12 10:00:00,batch_002,workqueue_actions_batch_002.csv
49482,4950,11,2026-01-08,ESCALATE,3,Y,2026-01-12 10:00:00,batch_002,workqueue_actions_batch_002.csv
49483,1072,2,2026-01-08,REVIEW,0,N,2026-01-12 10:00:00,batch_002,workqueue_actions_batch_002.csv
49484,1845,7,2026-01-10,ESCALATE,0,Y,2026-01-12 10:00:00,batch_002,workqueue_actions_batch_002.csv
49485,4533,7,2026-01-09,ESCALATE,1,Y,2026-01-12 10:00:00,batch_002,workqueue_actions_batch_002.csv
49486,5012,16,2026-01-09,REVIEW,2,N,2026-01-12 10:00:00,batch_002,workqueue_actions_batch_002.csv
49487,2247,6,2026-01-09,REVIEW,0,Y,2026-01-12 10:00:00,batch_002,workqueue_actions_batch_002.csv
49488,3178,2,2026-01-10,NOTE,4,Y,2026-01-12 10:00:00,batch_002,workqueue_actions_batch_002.csv
49489,3981,16,2026-01-05,REVIEW,4,N,2026-01-12 10:00:00,batch_002,workqueue_actions_batch_002.csv
49490,3220,6,2026-01-11,NOTE,2,N,2026-01-12 10:00:00,batch_002,workqueue_actions_batch_002.csv
49491,5005,16,2026-01-08,ESCALATE,3,Y,2026-01-12 10:00:00,batch_002,workqueue_actions_batch_002.csv
49492,2516,9,2026-01-09,NOTE,0,Y,2026-01-12 10:00:00,batch_002,workqueue_actions_batch_002.csv
49493,3482,5,2026-01-08,NOTE,0,N,2026-01-12 10:00:00,batch_002,workqueue_actions_batch_002.csv
49494,4925,11,2026-01-08,NOTE,2,Y,2026-01-12 10:00:00,batch_002,workqueue_actions_batch_002.csv
49495,4542,16,2026-01-06,ESCALATE,4,N,2026-01-12 10:00:00,batch_002,workqueue_actions_batch_002.csv
49496,1264,19,2026-01-08,CALL,4,N,2026-01-12 10:00:00,batch_002,workqueue_actions_batch_002.csv
49497,2813,17,2026-01-09,REVIEW,1,N,2026-01-12 10:00:00,batch_002,workqueue_actions_batch_002.csv
49498,4034,18,2026-01-11,ESCALATE,4,Y,2026-01-12 10:00:00,batch_002,workqueue_actions_batch_002.csv
49499,4178,9,2026-01-09,NOTE,4,Y,2026-01-12 10:00:00,batch_002,workqueue_actions_batch_002.csv
49500,3374,3,2026-01-10,CALL,0,Y,2026-01-12 10:00:00,batch_002,workqueue_actions_batch_002.csv
49501,3783,3,2026-01-07,ESCALATE,0,Y,2026-01-12 10:00:00,batch_002,workqueue_actions_batch_002.csv
49502,1799,7,2026-01-11,REVIEW,4,Y,2026-01-12 10:00:00,batch_002,workqueue_actions_batch_002.csv
49503,4576,6,2026-01-12,NOTE,1,Y,2026-01-12 10:00:00,batch_002,workqueue_actions_batch_002.csv
49504,3803,13,2026-01-11,NOTE,1,N,2026-01-12 10:00:00,batch_002,workqueue_actions_batch_002.csv
49505,1966,10,2026-01-07,CALL,1,N,2026-01-12 10:00:00,batch_002,workqueue_actions_batch_002.csv
49506,4955,10,2026-01-12,REVIEW,3,Y,2026-01-12 10:00:00,batch_002,workqueue_actions_batch_002.csv
49507,2090,18,2026-01-08,ESCALATE,1,Y,2026-01-12 10:00:00,batch_002,workqueue_actions_batch_002.csv
49508,3344,3,2026-01-10,NOTE,1,Y,2026-01-12 10:00:00,batch_002,workqueue_actions_batch_002.csv
49509,4992,13,2026-01-07,REVIEW,3,N,2026-01-12 10:00:00,batch_002,workqueue_actions_batch_002.csv
49510,2498,15,2026-01-06,NOTE,4,Y,2026-01-12 10:00:00,batch_002,workqueue_actions_batch_002.csv
49511,4195,11,2026-01-10,REVIEW,4,N,2026-01-12 10:00:00,batch_002,workqueue_actions_batch_002.csv
49512,4488,6,2026-01-09,NOTE,2,Y,2026-01-12 10:00:00,batch_002,workqueue_actions_batch_002.csv
49513,3702,13,2026-01-11,CALL,0,N,2026-01-12 10:00:00,batch_002,workqueue_actions_batch_002.csv
49514,1080,15,2026-01-09,REVIEW,0,Y,2026-01-12 10:00:00,batch_002,workqueue_actions_batch_002.csv
49515,4613,6,2026-01-09,REVIEW,4,Y,2026-01-12 10:00:00,batch_002,workqueue_actions_batch_002.csv
49516,5171,14,2026-01-05,CALL,2,Y,2026-01-12 10:00:00,batch_002,workqueue_actions_batch_002.csv
49517,2434,12,2026-01-12,NOTE,1,Y,2026-01-12 10:00:00,batch_002,workqueue_actions_batch_002.csv
49518,1026,5,2026-01-11,NOTE,4,N,2026-01-12 10:00:00,batch_002,workqueue_actions_batch_002.csv
49519,1492,19,2026-01-10,CALL,2,Y,2026-01-12 10:00:00,batch_002,workqueue_actions_batch_002.csv
49520,3052,9,2026-01-10,ESCALATE,4,N,2026-01-12 10:00:00,batch_002,workqueue_actions_batch_002.csv
49521,1124,9,2026-01-08,CALL,3,N,2026-01-12 10:00:00,batch_002,workqueue_actions_batch_002.csv
49522,3297,8,2026-01-09,REVIEW,1,N,2026-01-12 10:00:00,batch_002,workqueue_actions_batch_002.csv
49523,2196,9,2026-01-10,CALL,3,N,2026-01-12 10:00:00,batch_002,workqueue_actions_batch_002.csv
49524,5165,20,2026-01-11,ESCALATE,2,Y,2026-01-12 10:00:00,batch_002,workqueue_actions_batch_002.csv
49525,4292,2,2026-01-11,NOTE,3,Y,2026-01-12 10:00:00,batch_002,workqueue_actions_batch_002.csv
49526,3116,15,2026-01-08,ESCALATE,0,Y,2026-01-12 10:00:00,batch_002,workqueue_actions_batch_002.csv
49527,4928,20,2026-01-05,REVIEW,2,Y,2026-01-12 10:00:00,batch_002,workqueue_actions_batch_002.csv
49528,1809,3,2026-01-11,REVIEW,2,N,2026-01-12 10:00:00,batch_002,workqueue_actions_batch_002.csv
49529,1103,8,2026-01-08,ESCALATE,0,N,2026-01-12 10:00:00,batch_002,workqueue_actions_batch_002.csv
49530,4636,19,2026-01-11,REVIEW,3,Y,2026-01-12 10:00:00,batch_002,workqueue_actions_batch_002.csv
49531,1834,9,2026-01-08,NOTE,3,Y,2026-01-12 10:00:00,batch_002,workqueue_actions_batch_002.csv
49532,2974,6,2026-01-05,REVIEW,4,N,2026-01-12 10:00:00,batch_002,workqueue_actions_batch_002.csv
49533,3370,8,2026-01-12,NOTE,0,N,2026-01-12 10:00:00,batch_002,workqueue_actions_batch_002.csv
49534,4506,9,2026-01-07,ESCALATE,2,N,2026-01-12 10:00:00,batch_002,workqueue_actions_batch_002.csv
49535,1237,12,2026-01-08,REVIEW,0,Y,2026-01-12 10:00:00,batch_002,workqueue_actions_batch_002.csv
49536,4849,19,2026-01-12,CALL,3,N,2026-01-12 10:00:00,batch_002,workqueue_actions_batch_002.csv
49537,4133,13,2026-01-06,REVIEW,2,N,2026-01-12 10:00:00,batch_002,workqueue_actions_batch_002.csv
49538,2941,17,2026-01-07,CALL,2,Y,2026-01-12 10:00:00,batch_002,workqueue_actions_batch_002.csv
49539,5035,3,2026-01-09,REVIEW,4,N,2026-01-12 10:00:00,batch_002,workqueue_actions_batch_002.csv
49540,2661,3,2026-01-11,ESCALATE,3,Y,2026-01-12 10:00:00,batch_002,workqueue_actions_batch_002.csv
49541,3887,8,2026-01-05,REVIEW,3,Y,2026-01-12 10:00:00,batch_002,workqueue_actions_batch_002.csv
49542,2867,2,2026-01-12,CALL,2,N,2026-01-12 10:00:00,batch_002,workqueue_actions_batch_002.csv
49543,3782,14,2026-01-08,ESCALATE,0,Y,2026-01-12 10:00:00,batch_002,workqueue_actions_batch_002.csv
49544,5102,4,2026-01-06,ESCALATE,3,N,2026-01-12 10:00:00,batch_002,workqueue_actions_batch_002.csv
49545,3950,11,2026-01-08,CALL,2,Y,2026-01-12 10:00:00,batch_002,workqueue_actions_batch_002.csv
49546,4030,10,2026-01-05,CALL,3,N,2026-01-12 10:00:00,batch_002,workqueue_actions_batch_002.csv
49547,2121,17,2026-01-06,REVIEW,1,Y,2026-01-12 10:00:00,batch_002,workqueue_actions_batch_002.csv
49548,4596,10,2026-01-06,REVIEW,2,Y,2026-01-12 10:00:00,batch_002,workqueue_actions_batch_002.csv
49549,4102,20,2026-01-11,ESCALATE,3,Y,2026-01-12 10:00:00,batch_002,workqueue_actions_batch_002.csv
49550,2868,15,2026-01-10,ESCALATE,1,Y,2026-01-12 10:00:00,batch_002,workqueue_actions_batch_002.csv
49551,4737,3,2026-01-06,REVIEW,1,Y,2026-01-12 10:00:00,batch_002,workqueue_actions_batch_002.csv
49552,4962,1,2026-01-12,NOTE,1,N,2026-01-12 10:00:00,batch_002,workqueue_actions_batch_002.csv
49553,1618,7,2026-01-06,CALL,4,N,2026-01-12 10:00:00,batch_002,workqueue_actions_batch_002.csv
49554,4938,15,2026-01-10,ESCALATE,4,N,2026-01-12 10:00:00,batch_002,workqueue_actions_batch_002.csv
49555,1209,15,2026-01-11,CALL,4,Y,2026-01-12 10:00:00,batch_002,workqueue_actions_batch_002.csv
49556,3800,12,2026-01-09,REVIEW,3,N,2026-01-12 10:00:00,batch_002,workqueue_actions_batch_002.csv
49557,5086,10,2026-01-08,NOTE,4,Y,2026-01-12 10:00:00,batch_002,workqueue_actions_batch_002.csv
49558,2831,18,2026-01-12,REVIEW,0,Y,2026-01-12 10:00:00,batch_002,workqueue_actions_batch_002.csv
49559,4649,12,2026-01-11,CALL,0,N,2026-01-12 10:00:00,batch_002,workqueue_actions_batch_002.csv
49560,1871,16,2026-01-09,ESCALATE,2,Y,2026-01-12 10:00:00,batch_002,workqueue_actions_batch_002.csv
49561,3126,14,2026-01-12,CALL,3,N,2026-01-12 10:00:00,batch_002,workqueue_actions_batch_002.csv
49562,3996,15,2026-01-12,ESCALATE,2,Y,2026-01-12 10:00:00,batch_002,workqueue_actions_batch_002.csv
49563,4412,3,2026-01-07,ESCALATE,2,Y,2026-01-12 10:00:00,batch_002,workqueue_actions_batch_002.csv
49564,4977,20,2026-01-08,ESCALATE,2,Y,2026-01-12 10:00:00,batch_002,workqueue_actions_batch_002.csv
49565,1569,16,2026-01-05,ESCALATE,4,Y,2026-01-12 10:00:00,batch_002,workqueue_actions_batch_002.csv
49566,1196,12,2026-01-09,ESCALATE,4,N,2026-01-12 10:00:00,batch_002,workqueue_actions_batch_002.csv
49567,4216,9,2026-01-07,REVIEW,0,N,2026-01-12 10:00:00,batch_002,workqueue_actions_batch_002.csv
49568,3805,19,2026-01-09,ESCALATE,4,N,2026-01-12 10:00:00,batch_002,workqueue_actions_batch_002.csv
49569,2167,16,2026-01-11,ESCALATE,2,Y,2026-01-12 10:00:00,batch_002,workqueue_actions_batch_002.csv
49570,1287,10,2026-01-05,ESCALATE,0,N,2026-01-12 10:00:00,batch_002,workqueue_actions_batch_002.csv
49571,1317,3,2026-01-05,REVIEW,1,N,2026-01-12 10:00:00,batch_002,workqueue_actions_batch_002.csv
49572,2280,13,2026-01-08,REVIEW,1,N,2026-01-12 10:00:00,batch_002,workqueue_actions_batch_002.csv
49573,1534,1,2026-01-09,NOTE,1,Y,2026-01-12 10:00:00,batch_002,workqueue_actions_batch_002.csv
49574,2741,1,2026-01-06,CALL,1,N,2026-01-12 10:00:00,batch_002,workqueue_actions_batch_002.csv
49575,2048,2,2026-01-06,REVIEW,3,Y,2026-01-12 10:00:00,batch_002,workqueue_actions_batch_002.csv
49576,3148,12,2026-01-08,ESCALATE,3,N,2026-01-12 10:00:00,batch_002,workqueue_actions_batch_002.csv
49577,2546,8,2026-01-09,REVIEW,0,Y,2026-01-12 10:00:00,batch_002,workqueue_actions_batch_002.csv
49578,5148,7,2026-01-06,NOTE,1,N,2026-01-12 10:00:00,batch_002,workqueue_actions_batch_002.csv
49579,1565,11,2026-01-08,NOTE,4,Y,2026-01-12 10:00:00,batch_002,workqueue_actions_batch_002.csv
49580,5201,4,2026-01-08,NOTE,3,N,2026-01-12 10:00:00,batch_002,workqueue_actions_batch_002.csv
49581,2263,1,2026-01-09,REVIEW,4,Y,2026-01-12 10:00:00,batch_002,workqueue_actions_batch_002.csv
49582,4373,10,2026-01-08,CALL,4,N,2026-01-12 10:00:00,batch_002,workqueue_actions_batch_002.csv
49583,5014,18,2026-01-06,ESCALATE,3,N,2026-01-12 10:00:00,batch_002,workqueue_actions_batch_002.csv
49584,2867,2,2026-01-11,NOTE,2,Y,2026-01-12 10:00:00,batch_002,workqueue_actions_batch_002.csv
49585,2590,10,2026-01-08,REVIEW,1,N,2026-01-12 10:00:00,batch_002,workqueue_actions_batch_002.csv
49586,4099,1,2026-01-12,CALL,4,Y,2026-01-12 10:00:00,batch_002,workqueue_actions_batch_002.csv
49587,3774,9,2026-01-09,NOTE,1,Y,2026-01-12 10:00:00,batch_002,workqueue_actions_batch_002.csv
49588,4460,13,2026-01-06,CALL,4,Y,2026-01-12 10:00:00,batch_002,workqueue_actions_batch_002.csv
49589,5007,10,2026-01-11,ESCALATE,0,Y,2026-01-12 10:00:00,batch_002,workqueue_actions_batch_002.csv
49590,5050,13,2026-01-06,ESCALATE,1,N,2026-01-12 10:00:00,batch_002,workqueue_actions_batch_002.csv
49591,4951,15,2026-01-06,REVIEW,1,Y,2026-01-12 10:00:00,batch_002,workqueue_actions_batch_002.csv
49592,2389,18,2026-01-05,CALL,1,Y,2026-01-12 10:00:00,batch_002,workqueue_actions_batch_002.csv
49593,4861,7,2026-01-05,ESCALATE,1,N,2026-01-12 10:00:00,batch_002,workqueue_actions_batch_002.csv
49594,3417,13,2026-01-08,CALL,0,N,2026-01-12 10:00:00,batch_002,workqueue_actions_batch_002.csv
49595,3210,9,2026-01-05,ESCALATE,1,Y,2026-01-12 10:00:00,batch_002,workqueue_actions_batch_002.csv
49596,2553,16,2026-01-10,CALL,2,N,2026-01-12 10:00:00,batch_002,workqueue_actions_batch_002.csv
49597,3763,5,2026-01-05,CALL,0,Y,2026-01-12 10:00:00,batch_002,workqueue_actions_batch_002.csv
49598,4214,9,2026-01-09,NOTE,3,Y,2026-01-12 10:00:00,batch_002,workqueue_actions_batch_002.csv
49599,3558,2,2026-01-07,NOTE,4,N,2026-01-12 10:00:00,batch_002,workqueue_actions_batch_002.csv
49600,3698,4,2026-01-05,CALL,0,N,2026-01-12 10:00:00,batch_002,workqueue_actions_batch_002.csv
49601,2245,5,2026-01-05,ESCALATE,4,Y,2026-01-12 10:00:00,batch_002,workqueue_actions_batch_002.csv
49602,2191,4,2026-01-07,ESCALATE,2,Y,2026-01-12 10:00:00,batch_002,workqueue_actions_batch_002.csv
49603,1305,1,2026-01-12,NOTE,2,N,2026-01-12 10:00:00,batch_002,workqueue_actions_batch_002.csv
49604,4348,10,2026-01-07,CALL,1,Y,2026-01-12 10:00:00,batch_002,workqueue_actions_batch_002.csv
49605,2509,8,2026-01-11,CALL,4,N,2026-01-12 10:00:00,batch_002,workqueue_actions_batch_002.csv
49606,2344,15,2026-01-11,CALL,3,Y,2026-01-12 10:00:00,batch_002,workqueue_actions_batch_002.csv
49607,4793,19,2026-01-11,CALL,3,N,2026-01-12 10:00:00,batch_002,workqueue_actions_batch_002.csv
49608,4677,11,2026-01-06,NOTE,2,Y,2026-01-12 10:00:00,batch_002,workqueue_actions_batch_002.csv
49609,2721,11,2026-01-07,ESCALATE,4,N,2026-01-12 10:00:00,batch_002,workqueue_actions_batch_002.csv
49610,3571,12,2026-01-10,NOTE,2,Y,2026-01-12 10:00:00,batch_002,workqueue_actions_batch_002.csv
49611,1415,9,2026-01-08,CALL,3,N,2026-01-12 10:00:00,batch_002,workqueue_actions_batch_002.csv
49612,4990,12,2026-01-08,REVIEW,1,Y,2026-01-12 10:00:00,batch_002,workqueue_actions_batch_002.csv
49613,1258,15,2026-01-10,CALL,3,N,2026-01-12 10:00:00,batch_002,workqueue_actions_batch_002.csv
49614,2627,18,2026-01-05,CALL,2,Y,2026-01-12 10:00:00,batch_002,workqueue_actions_batch_002.csv
49615,2914,18,2026-01-06,NOTE,4,N,2026-01-12 10:00:00,batch_002,workqueue_actions_batch_002.csv
49616,4990,6,2026-01-08,NOTE,3,N,2026-01-12 10:00:00,batch_002,workqueue_actions_batch_002.csv
49617,3284,1,2026-01-07,NOTE,4,N,2026-01-12 10:00:00,batch_002,workqueue_actions_batch_002.csv
49618,4048,19,2026-01-11,REVIEW,3,N,2026-01-12 10:00:00,batch_002,workqueue_actions_batch_002.csv
49619,4519,1,2026-01-10,CALL,1,N,2026-01-12 10:00:00,batch_002,workqueue_actions_batch_002.csv
49620,4479,15,2026-01-06,CALL,0,N,2026-01-12 10:00:00,batch_002,workqueue_actions_batch_002.csv
49621,1253,17,2026-01-11,REVIEW,1,Y,2026-01-12 10:00:00,batch_002,workqueue_actions_batch_002.csv
49622,2768,1,2026-01-10,ESCALATE,0,Y,2026-01-12 10:00:00,batch_002,workqueue_actions_batch_002.csv
49623,3065,11,2026-01-08,REVIEW,0,N,2026-01-12 10:00:00,batch_002,workqueue_actions_batch_002.csv
49624,2721,15,2026-01-08,REVIEW,1,Y,2026-01-12 10:00:00,batch_002,workqueue_actions_batch_002.csv
49625,4941,7,2026-01-05,NOTE,1,N,2026-01-12 10:00:00,batch_002,workqueue_actions_batch_002.csv
49626,3303,11,2026-01-06,NOTE,2,Y,2026-01-12 10:00:00,batch_002,workqueue_actions_batch_002.csv
49627,2590,11,2026-01-12,CALL,4,N,2026-01-12 10:00:00,batch_002,workqueue_actions_batch_002.csv
49628,4560,12,2026-01-06,ESCALATE,4,N,2026-01-12 10:00:00,batch_002,workqueue_actions_batch_002.csv
49629,3945,4,2026-01-06,REVIEW,1,N,2026-01-12 10:00:00,batch_002,workqueue_actions_batch_002.csv
49630,2732,16,2026-01-08,ESCALATE,4,Y,2026-01-12 10:00:00,batch_002,workqueue_actions_batch_002.csv
49631,2361,9,2026-01-11,NOTE,4,Y,2026-01-12 10:00:00,batch_002,workqueue_actions_batch_002.csv
49632,3368,20,2026-01-09,ESCALATE,2,Y,2026-01-12 10:00:00,batch_002,workqueue_actions_batch_002.csv
49633,5072,19,2026-01-07,ESCALATE,2,N,2026-01-12 10:00:00,batch_002,workqueue_actions_batch_002.csv
49634,2237,14,2026-01-07,NOTE,4,Y,2026-01-12 10:00:00,batch_002,workqueue_actions_batch_002.csv
49635,4495,10,2026-01-12,NOTE,1,N,2026-01-12 10:00:00,batch_002,workqueue_actions_batch_002.csv
49636,1582,11,2026-01-08,CALL,0,Y,2026-01-12 10:00:00,batch_002,workqueue_actions_batch_002.csv
49637,1257,11,2026-01-09,REVIEW,1,N,2026-01-12 10:00:00,batch_002,workqueue_actions_batch_002.csv
49638,4203,20,2026-01-06,NOTE,0,N,2026-01-12 10:00:00,batch_002,workqueue_actions_batch_002.csv
49639,4087,15,2026-01-06,ESCALATE,0,N,2026-01-12 10:00:00,batch_002,workqueue_actions_batch_002.csv
49640,2135,4,2026-01-12,NOTE,2,Y,2026-01-12 10:00:00,batch_002,workqueue_actions_batch_002.csv
49641,2582,15,2026-01-08,REVIEW,1,Y,2026-01-12 10:00:00,batch_002,workqueue_actions_batch_002.csv
49642,2779,4,2026-01-11,CALL,2,N,2026-01-12 10:00:00,batch_002,workqueue_actions_batch_002.csv
49643,2981,14,2026-01-05,ESCALATE,1,N,2026-01-12 10:00:00,batch_002,workqueue_actions_batch_002.csv
49644,1440,6,2026-01-08,REVIEW,2,Y,2026-01-12 10:00:00,batch_002,workqueue_actions_batch_002.csv
49645,4539,12,2026-01-08,REVIEW,1,N,2026-01-12 10:00:00,batch_002,workqueue_actions_batch_002.csv
49646,5082,4,2026-01-08,REVIEW,2,Y,2026-01-12 10:00:00,batch_002,workqueue_actions_batch_002.csv
49647,3309,6,2026-01-11,ESCALATE,1,Y,2026-01-12 10:00:00,batch_002,workqueue_actions_batch_002.csv
49648,5104,8,2026-01-06,REVIEW,0,N,2026-01-12 10:00:00,batch_002,workqueue_actions_batch_002.csv
49649,1997,17,2026-01-06,CALL,1,N,2026-01-12 10:00:00,batch_002,workqueue_actions_batch_002.csv
49650,4375,18,2026-01-08,CALL,3,N,2026-01-12 10:00:00,batch_002,workqueue_actions_batch_002.csv
49651,1079,16,2026-01-09,NOTE,3,N,2026-01-12 10:00:00,batch_002,workqueue_actions_batch_002.csv
49652,3808,4,2026-01-10,ESCALATE,3,N,2026-01-12 10:00:00,batch_002,workqueue_actions_batch_002.csv
49653,1671,10,2026-01-08,CALL,0,N,2026-01-12 10:00:00,batch_002,workqueue_actions_batch_002.csv
49654,4010,1,2026-01-07,CALL,1,Y,2026-01-12 10:00:00,batch_002,workqueue_actions_batch_002.csv
49655,2997,16,2026-01-08,REVIEW,2,Y,2026-01-12 10:00:00,batch_002,workqueue_actions_batch_002.csv
49656,4493,7,2026-01-11,NOTE,1,N,2026-01-12 10:00:00,batch_002,workqueue_actions_batch_002.csv
49657,1714,5,2026-01-07,REVIEW,4,Y,2026-01-12 10:00:00,batch_002,workqueue_actions_batch_002.csv
49658,3076,12,2026-01-07,REVIEW,3,N,2026-01-12 10:00:00,batch_002,workqueue_actions_batch_002.csv
49659,2368,15,2026-01-08,NOTE,1,N,2026-01-12 10:00:00,batch_002,workqueue_actions_batch_002.csv
49660,5059,19,2026-01-10,NOTE,3,N,2026-01-12 10:00:00,batch_002,workqueue_actions_batch_002.csv
49661,1853,17,2026-01-10,REVIEW,0,Y,2026-01-12 10:00:00,batch_002,workqueue_actions_batch_002.csv
49662,3354,2,2026-01-07,NOTE,1,N,2026-01-12 10:00:00,batch_002,workqueue_actions_batch_002.csv
49663,5080,5,2026-01-11,ESCALATE,2,N,2026-01-12 10:00:00,batch_002,workqueue_actions_batch_002.csv
49664,3084,13,2026-01-12,REVIEW,3,Y,2026-01-12 10:00:00,batch_002,workqueue_actions_batch_002.csv
49665,4855,9,2026-01-06,ESCALATE,2,N,2026-01-12 10:00:00,batch_002,workqueue_actions_batch_002.csv
49666,2864,8,2026-01-08,NOTE,0,N,2026-01-12 10:00:00,batch_002,workqueue_actions_batch_002.csv
49667,3725,3,2026-01-09,CALL,0,N,2026-01-12 10:00:00,batch_002,workqueue_actions_batch_002.csv
49668,1993,18,2026-01-12,REVIEW,1,Y,2026-01-12 10:00:00,batch_002,workqueue_actions_batch_002.csv
49669,2032,6,2026-01-07,NOTE,1,N,2026-01-12 10:00:00,batch_002,workqueue_actions_batch_002.csv
49670,1596,1,2026-01-12,REVIEW,3,N,2026-01-12 10:00:00,batch_002,workqueue_actions_batch_002.csv
49671,2152,11,2026-01-09,NOTE,0,N,2026-01-12 10:00:00,batch_002,workqueue_actions_batch_002.csv
49672,1210,1,2026-01-10,CALL,3,N,2026-01-12 10:00:00,batch_002,workqueue_actions_batch_002.csv
49673,4403,2,2026-01-09,NOTE,1,N,2026-01-12 10:00:00,batch_002,workqueue_actions_batch_002.csv
49674,4666,8,2026-01-12,ESCALATE,2,N,2026-01-12 10:00:00,batch_002,workqueue_actions_batch_002.csv
49675,1816,19,2026-01-11,NOTE,2,Y,2026-01-12 10:00:00,batch_002,workqueue_actions_batch_002.csv
49676,1394,6,2026-01-05,REVIEW,1,Y,2026-01-12 10:00:00,batch_002,workqueue_actions_batch_002.csv
49677,3484,17,2026-01-10,REVIEW,3,Y,2026-01-12 10:00:00,batch_002,workqueue_actions_batch_002.csv
49678,2276,17,2026-01-08,CALL,1,N,2026-01-12 10:00:00,batch_002,workqueue_actions_batch_002.csv
49679,3683,19,2026-01-06,CALL,4,N,2026-01-12 10:00:00,batch_002,workqueue_actions_batch_002.csv
49680,4128,13,2026-01-06,NOTE,0,Y,2026-01-12 10:00:00,batch_002,workqueue_actions_batch_002.csv
49681,3373,2,2026-01-07,CALL,2,Y,2026-01-12 10:00:00,batch_002,workqueue_actions_batch_002.csv
49682,4458,17,2026-01-10,REVIEW,4,Y,2026-01-12 10:00:00,batch_002,workqueue_actions_batch_002.csv
49683,3791,9,2026-01-08,REVIEW,1,Y,2026-01-12 10:00:00,batch_002,workqueue_actions_batch_002.csv
49684,4983,10,2026-01-08,CALL,2,N,2026-01-12 10:00:00,batch_002,workqueue_actions_batch_002.csv
49685,2833,9,2026-01-08,ESCALATE,2,Y,2026-01-12 10:00:00,batch_002,workqueue_actions_batch_002.csv
49686,5041,3,2026-01-12,NOTE,2,N,2026-01-12 10:00:00,batch_002,workqueue_actions_batch_002.csv
49687,4143,8,2026-01-05,NOTE,1,N,2026-01-12 10:00:00,batch_002,workqueue_actions_batch_002.csv
49688,3378,7,2026-01-12,NOTE,1,Y,2026-01-12 10:00:00,batch_002,workqueue_actions_batch_002.csv
49689,3439,2,2026-01-12,REVIEW,3,N,2026-01-12 10:00:00,batch_002,workqueue_actions_batch_002.csv
49690,4083,17,2026-01-05,ESCALATE,4,N,2026-01-12 10:00:00,batch_002,workqueue_actions_batch_002.csv
49691,5290,7,2026-01-07,ESCALATE,3,N,2026-01-12 10:00:00,batch_002,workqueue_actions_batch_002.csv
49692,4911,2,2026-01-07,NOTE,1,N,2026-01-12 10:00:00,batch_002,workqueue_actions_batch_002.csv
49693,1397,11,2026-01-06,CALL,2,Y,2026-01-12 10:00:00,batch_002,workqueue_actions_batch_002.csv
49694,2386,16,2026-01-09,NOTE,0,N,2026-01-12 10:00:00,batch_002,workqueue_actions_batch_002.csv
49695,1955,8,2026-01-08,REVIEW,1,Y,2026-01-12 10:00:00,batch_002,workqueue_actions_batch_002.csv
49696,1990,7,2026-01-11,CALL,4,Y,2026-01-12 10:00:00,batch_002,workqueue_actions_batch_002.csv
49697,1172,10,2026-01-09,REVIEW,2,Y,2026-01-12 10:00:00,batch_002,workqueue_actions_batch_002.csv
49698,1497,20,2026-01-11,REVIEW,2,Y,2026-01-12 10:00:00,batch_002,workqueue_actions_batch_002.csv
49699,3617,18,2026-01-09,CALL,0,Y,2026-01-12 10:00:00,batch_002,workqueue_actions_batch_002.csv
49700,3126,6,2026-01-05,NOTE,2,Y,2026-01-12 10:00:00,batch_002,workqueue_actions_batch_002.csv
49701,3716,13,2026-01-10,ESCALATE,3,N,2026-01-12 10:00:00,batch_002,workqueue_actions_batch_002.csv
49702,3525,18,2026-01-11,NOTE,4,Y,2026-01-12 10:00:00,batch_002,workqueue_actions_batch_002.csv
49703,5072,11,2026-01-08,NOTE,1,Y,2026-01-12 10:00:00,batch_002,workqueue_actions_batch_002.csv
49704,4669,8,2026-01-11,CALL,4,N,2026-01-12 10:00:00,batch_002,workqueue_actions_batch_002.csv
49705,2868,10,2026-01-06,CALL,2,Y,2026-01-12 10:00:00,batch_002,workqueue_actions_batch_002.csv
49706,1550,7,2026-01-07,NOTE,4,Y,2026-01-12 10:00:00,batch_002,workqueue_actions_batch_002.csv
49707,3330,14,2026-01-08,REVIEW,2,N,2026-01-12 10:00:00,batch_002,workqueue_actions_batch_002.csv
49708,3231,10,2026-01-08,NOTE,4,N,2026-01-12 10:00:00,batch_002,workqueue_actions_batch_002.csv
49709,4732,16,2026-01-09,ESCALATE,1,Y,2026-01-12 10:00:00,batch_002,workqueue_actions_batch_002.csv
49710,1939,7,2026-01-12,CALL,0,Y,2026-01-12 10:00:00,batch_002,workqueue_actions_batch_002.csv
49711,2577,15,2026-01-10,ESCALATE,0,Y,2026-01-12 10:00:00,batch_002,workqueue_actions_batch_002.csv
49712,3110,16,2026-01-11,CALL,4,N,2026-01-12 10:00:00,batch_002,workqueue_actions_batch_002.csv
49713,2753,17,2026-01-05,NOTE,3,Y,2026-01-12 10:00:00,batch_002,workqueue_actions_batch_002.csv
49714,1174,17,2026-01-11,ESCALATE,3,N,2026-01-12 10:00:00,batch_002,workqueue_actions_batch_002.csv
49715,4296,13,2026-01-06,REVIEW,3,N,2026-01-12 10:00:00,batch_002,workqueue_actions_batch_002.csv
49716,4457,1,2026-01-12,NOTE,1,Y,2026-01-12 10:00:00,batch_002,workqueue_actions_batch_002.csv
49717,1556,4,2026-01-09,REVIEW,3,N,2026-01-12 10:00:00,batch_002,workqueue_actions_batch_002.csv
49718,4973,4,2026-01-10,REVIEW,3,Y,2026-01-12 10:00:00,batch_002,workqueue_actions_batch_002.csv
49719,2455,7,2026-01-09,NOTE,1,Y,2026-01-12 10:00:00,batch_002,workqueue_actions_batch_002.csv
49720,4644,14,2026-01-07,ESCALATE,2,Y,2026-01-12 10:00:00,batch_002,workqueue_actions_batch_002.csv
49721,4551,10,2026-01-11,REVIEW,2,Y,2026-01-12 10:00:00,batch_002,workqueue_actions_batch_002.csv
49722,1232,15,2026-01-09,REVIEW,2,N,2026-01-12 10:00:00,batch_002,workqueue_actions_batch_002.csv
49723,3927,16,2026-01-05,REVIEW,3,N,2026-01-12 10:00:00,batch_002,workqueue_actions_batch_002.csv
49724,2118,14,2026-01-05,ESCALATE,3,N,2026-01-12 10:00:00,batch_002,workqueue_actions_batch_002.csv
49725,1972,17,2026-01-09,NOTE,0,N,2026-01-12 10:00:00,batch_002,workqueue_actions_batch_002.csv
49726,2567,17,2026-01-07,ESCALATE,4,N,2026-01-12 10:00:00,batch_002,workqueue_actions_batch_002.csv
49727,1020,13,2026-01-08,CALL,4,Y,2026-01-12 10:00:00,batch_002,workqueue_actions_batch_002.csv
49728,1337,4,2026-01-08,NOTE,1,N,2026-01-12 10:00:00,batch_002,workqueue_actions_batch_002.csv
49729,2683,16,2026-01-11,CALL,0,N,2026-01-12 10:00:00,batch_002,workqueue_actions_batch_002.csv
49730,1852,9,2026-01-11,ESCALATE,1,Y,2026-01-12 10:00:00,batch_002,workqueue_actions_batch_002.csv
49731,5022,20,2026-01-06,NOTE,4,N,2026-01-12 10:00:00,batch_002,workqueue_actions_batch_002.csv
49732,1014,16,2026-01-07,CALL,3,N,2026-01-12 10:00:00,batch_002,workqueue_actions_batch_002.csv
49733,3332,13,2026-01-07,REVIEW,0,N,2026-01-12 10:00:00,batch_002,workqueue_actions_batch_002.csv
49734,4198,18,2026-01-09,NOTE,1,N,2026-01-12 10:00:00,batch_002,workqueue_actions_batch_002.csv
49735,3558,1,2026-01-09,CALL,2,N,2026-01-12 10:00:00,batch_002,workqueue_actions_batch_002.csv
49736,2835,8,2026-01-05,REVIEW,2,N,2026-01-12 10:00:00,batch_002,workqueue_actions_batch_002.csv
49737,3005,1,2026-01-07,REVIEW,1,Y,2026-01-12 10:00:00,batch_002,workqueue_actions_batch_002.csv
49738,1526,5,2026-01-05,NOTE,4,N,2026-01-12 10:00:00,batch_002,workqueue_actions_batch_002.csv
49739,1993,7,2026-01-12,ESCALATE,2,N,2026-01-12 10:00:00,batch_002,workqueue_actions_batch_002.csv
49740,1926,10,2026-01-12,CALL,0,N,2026-01-12 10:00:00,batch_002,workqueue_actions_batch_002.csv
49741,3742,14,2026-01-08,ESCALATE,4,Y,2026-01-12 10:00:00,batch_002,workqueue_actions_batch_002.csv
49742,2395,10,2026-01-09,REVIEW,4,Y,2026-01-12 10:00:00,batch_002,workqueue_actions_batch_002.csv
49743,1110,6,2026-01-11,REVIEW,1,Y,2026-01-12 10:00:00,batch_002,workqueue_actions_batch_002.csv
49744,4170,11,2026-01-07,ESCALATE,2,N,2026-01-12 10:00:00,batch_002,workqueue_actions_batch_002.csv
49745,1994,5,2026-01-06,ESCALATE,0,N,2026-01-12 10:00:00,batch_002,workqueue_actions_batch_002.csv
49746,1470,10,2026-01-10,NOTE,0,N,2026-01-12 10:00:00,batch_002,workqueue_actions_batch_002.csv
49747,4385,5,2026-01-11,CALL,0,Y,2026-01-12 10:00:00,batch_002,workqueue_actions_batch_002.csv
49748,4368,14,2026-01-05,CALL,1,N,2026-01-12 10:00:00,batch_002,workqueue_actions_batch_002.csv
49749,1601,16,2026-01-05,REVIEW,1,Y,2026-01-12 10:00:00,batch_002,workqueue_actions_batch_002.csv
49750,2010,7,2026-01-09,CALL,1,Y,2026-01-12 10:00:00,batch_002,workqueue_actions_batch_002.csv
49751,5101,3,2026-01-12,ESCALATE,1,Y,2026-01-12 10:00:00,batch_002,workqueue_actions_batch_002.csv
49752,4688,11,2026-01-09,REVIEW,3,N,2026-01-12 10:00:00,batch_002,workqueue_actions_batch_002.csv
49753,1376,7,2026-01-06,CALL,1,N,2026-01-12 10:00:00,batch_002,workqueue_actions_batch_002.csv
49754,1804,15,2026-01-09,CALL,0,N,2026-01-12 10:00:00,batch_002,workqueue_actions_batch_002.csv
49755,2557,8,2026-01-12,REVIEW,4,N,2026-01-12 10:00:00,batch_002,workqueue_actions_batch_002.csv
49756,4849,2,2026-01-11,CALL,2,Y,2026-01-12 10:00:00,batch_002,workqueue_actions_batch_002.csv
49757,2993,9,2026-01-09,NOTE,0,N,2026-01-12 10:00:00,batch_002,workqueue_actions_batch_002.csv
49758,3368,4,2026-01-10,CALL,3,N,2026-01-12 10:00:00,batch_002,workqueue_actions_batch_002.csv
49759,1763,19,2026-01-11,CALL,0,Y,2026-01-12 10:00:00,batch_002,workqueue_actions_batch_002.csv
49760,3335,4,2026-01-08,REVIEW,4,Y,2026-01-12 10:00:00,batch_002,workqueue_actions_batch_002.csv
49761,4688,4,2026-01-09,CALL,4,Y,2026-01-12 10:00:00,batch_002,workqueue_actions_batch_002.csv
49762,3903,13,2026-01-12,REVIEW,3,Y,2026-01-12 10:00:00,batch_002,workqueue_actions_batch_002.csv
49763,3606,4,2026-01-06,ESCALATE,0,N,2026-01-12 10:00:00,batch_002,workqueue_actions_batch_002.csv
49764,2400,11,2026-01-07,REVIEW,2,Y,2026-01-12 10:00:00,batch_002,workqueue_actions_batch_002.csv
49765,2660,1,2026-01-11,NOTE,0,N,2026-01-12 10:00:00,batch_002,workqueue_actions_batch_002.csv
49766,3075,3,2026-01-12,ESCALATE,3,Y,2026-01-12 10:00:00,batch_002,workqueue_actions_batch_002.csv
49767,3814,17,2026-01-10,NOTE,3,N,2026-01-12 10:00:00,batch_002,workqueue_actions_batch_002.csv
49768,2542,6,2026-01-06,ESCALATE,3,Y,2026-01-12 10:00:00,batch_002,workqueue_actions_batch_002.csv
49769,2950,16,2026-01-09,REVIEW,4,N,2026-01-12 10:00:00,batch_002,workqueue_actions_batch_002.csv
49770,1955,1,2026-01-06,REVIEW,0,Y,2026-01-12 10:00:00,batch_002,workqueue_actions_batch_002.csv
49771,3270,20,2026-01-05,ESCALATE,4,N,2026-01-12 10:00:00,batch_002,workqueue_actions_batch_002.csv
49772,2352,9,2026-01-07,ESCALATE,2,Y,2026-01-12 10:00:00,batch_002,workqueue_actions_batch_002.csv
49773,2111,5,2026-01-05,REVIEW,1,Y,2026-01-12 10:00:00,batch_002,workqueue_actions_batch_002.csv
49774,4822,6,2026-01-10,CALL,0,Y,2026-01-12 10:00:00,batch_002,workqueue_actions_batch_002.csv
49775,1674,19,2026-01-09,NOTE,1,N,2026-01-12 10:00:00,batch_002,workqueue_actions_batch_002.csv
49776,5258,14,2026-01-10,REVIEW,2,Y,2026-01-12 10:00:00,batch_002,workqueue_actions_batch_002.csv
49777,5259,4,2026-01-05,CALL,4,N,2026-01-12 10:00:00,batch_002,workqueue_actions_batch_002.csv
49778,1580,18,2026-01-06,NOTE,3,N,2026-01-12 10:00:00,batch_002,workqueue_actions_batch_002.csv
49779,5087,18,2026-01-09,NOTE,4,N,2026-01-12 10:00:00,batch_002,workqueue_actions_batch_002.csv
49780,4923,15,2026-01-05,NOTE,2,N,2026-01-12 10:00:00,batch_002,workqueue_actions_batch_002.csv
49781,4738,12,2026-01-10,REVIEW,4,Y,2026-01-12 10:00:00,batch_002,workqueue_actions_batch_002.csv
49782,3998,3,2026-01-05,NOTE,1,Y,2026-01-12 10:00:00,batch_002,workqueue_actions_batch_002.csv
49783,2478,6,2026-01-05,CALL,1,Y,2026-01-12 10:00:00,batch_002,workqueue_actions_batch_002.csv
49784,4150,18,2026-01-09,ESCALATE,2,N,2026-01-12 10:00:00,batch_002,workqueue_actions_batch_002.csv
49785,3214,1,2026-01-10,NOTE,0,Y,2026-01-12 10:00:00,batch_002,workqueue_actions_batch_002.csv
49786,4880,5,2026-01-11,REVIEW,0,Y,2026-01-12 10:00:00,batch_002,workqueue_actions_batch_002.csv
49787,2696,13,2026-01-07,REVIEW,0,Y,2026-01-12 10:00:00,batch_002,workqueue_actions_batch_002.csv
49788,3357,3,2026-01-09,REVIEW,1,Y,2026-01-12 10:00:00,batch_002,workqueue_actions_batch_002.csv
49789,1906,1,2026-01-12,ESCALATE,2,Y,2026-01-12 10:00:00,batch_002,workqueue_actions_batch_002.csv
49790,1845,12,2026-01-08,NOTE,3,Y,2026-01-12 10:00:00,batch_002,workqueue_actions_batch_002.csv
49791,2161,19,2026-01-10,REVIEW,0,N,2026-01-12 10:00:00,batch_002,workqueue_actions_batch_002.csv
49792,3572,3,2026-01-07,NOTE,2,N,2026-01-12 10:00:00,batch_002,workqueue_actions_batch_002.csv
49793,3674,1,2026-01-06,ESCALATE,4,N,2026-01-12 10:00:00,batch_002,workqueue_actions_batch_002.csv
49794,1173,17,2026-01-08,ESCALATE,1,Y,2026-01-12 10:00:00,batch_002,workqueue_actions_batch_002.csv
49795,1573,1,2026-01-11,NOTE,2,N,2026-01-12 10:00:00,batch_002,workqueue_actions_batch_002.csv
49796,3269,13,2026-01-09,REVIEW,3,Y,2026-01-12 10:00:00,batch_002,workqueue_actions_batch_002.csv
49797,2670,19,2026-01-11,NOTE,1,Y,2026-01-12 10:00:00,batch_002,workqueue_actions_batch_002.csv
49798,2259,5,2026-01-05,ESCALATE,3,Y,2026-01-12 10:00:00,batch_002,workqueue_actions_batch_002.csv
49799,1958,19,2026-01-12,NOTE,1,N,2026-01-12 10:00:00,batch_002,workqueue_actions_batch_002.csv
49800,3354,5,2026-01-07,REVIEW,3,N,2026-01-12 10:00:00,batch_002,workqueue_actions_batch_002.csv
49801,4810,12,2026-01-10,ESCALATE,0,N,2026-01-12 10:00:00,batch_002,workqueue_actions_batch_002.csv
49802,1124,2,2026-01-09,CALL,1,N,2026-01-12 10:00:00,batch_002,workqueue_actions_batch_002.csv
49803,4429,17,2026-01-12,CALL,3,N,2026-01-12 10:00:00,batch_002,workqueue_actions_batch_002.csv
49804,1544,12,2026-01-06,ESCALATE,2,N,2026-01-12 10:00:00,batch_002,workqueue_actions_batch_002.csv
49805,4680,7,2026-01-11,ESCALATE,3,Y,2026-01-12 10:00:00,batch_002,workqueue_actions_batch_002.csv
49806,3134,12,2026-01-06,REVIEW,1,N,2026-01-12 10:00:00,batch_002,workqueue_actions_batch_002.csv
49807,2528,8,2026-01-05,NOTE,0,N,2026-01-12 10:00:00,batch_002,workqueue_actions_batch_002.csv
49808,2473,7,2026-01-05,NOTE,4,Y,2026-01-12 10:00:00,batch_002,workqueue_actions_batch_002.csv
49809,2420,13,2026-01-09,ESCALATE,1,Y,2026-01-12 10:00:00,batch_002,workqueue_actions_batch_002.csv
49810,2171,6,2026-01-08,ESCALATE,0,N,2026-01-12 10:00:00,batch_002,workqueue_actions_batch_002.csv
49811,1131,8,2026-01-10,REVIEW,1,Y,2026-01-12 10:00:00,batch_002,workqueue_actions_batch_002.csv
49812,3450,19,2026-01-06,NOTE,1,N,2026-01-12 10:00:00,batch_002,workqueue_actions_batch_002.csv
49813,2142,8,2026-01-10,ESCALATE,2,N,2026-01-12 10:00:00,batch_002,workqueue_actions_batch_002.csv
49814,4708,16,2026-01-12,CALL,3,N,2026-01-12 10:00:00,batch_002,workqueue_actions_batch_002.csv
49815,1813,13,2026-01-11,REVIEW,3,Y,2026-01-12 10:00:00,batch_002,workqueue_actions_batch_002.csv
49816,2189,5,2026-01-10,NOTE,0,N,2026-01-12 10:00:00,batch_002,workqueue_actions_batch_002.csv
49817,2884,8,2026-01-09,REVIEW,3,N,2026-01-12 10:00:00,batch_002,workqueue_actions_batch_002.csv
49818,2603,16,2026-01-11,NOTE,4,Y,2026-01-12 10:00:00,batch_002,workqueue_actions_batch_002.csv
49819,1231,7,2026-01-09,ESCALATE,1,Y,2026-01-12 10:00:00,batch_002,workqueue_actions_batch_002.csv
49820,5146,8,2026-01-10,NOTE,1,Y,2026-01-12 10:00:00,batch_002,workqueue_actions_batch_002.csv
49821,3803,18,2026-01-08,CALL,3,N,2026-01-12 10:00:00,batch_002,workqueue_actions_batch_002.csv
49822,1889,18,2026-01-09,REVIEW,3,N,2026-01-12 10:00:00,batch_002,workqueue_actions_batch_002.csv
49823,3984,3,2026-01-11,REVIEW,2,N,2026-01-12 10:00:00,batch_002,workqueue_actions_batch_002.csv
49824,2303,3,2026-01-12,NOTE,2,Y,2026-01-12 10:00:00,batch_002,workqueue_actions_batch_002.csv
49825,3005,17,2026-01-08,REVIEW,3,Y,2026-01-12 10:00:00,batch_002,workqueue_actions_batch_002.csv
49826,4363,3,2026-01-11,CALL,3,N,2026-01-12 10:00:00,batch_002,workqueue_actions_batch_002.csv
49827,2455,17,2026-01-11,REVIEW,2,Y,2026-01-12 10:00:00,batch_002,workqueue_actions_batch_002.csv
49828,3549,18,2026-01-05,ESCALATE,4,N,2026-01-12 10:00:00,batch_002,workqueue_actions_batch_002.csv
49829,3529,16,2026-01-12,REVIEW,1,Y,2026-01-12 10:00:00,batch_002,workqueue_actions_batch_002.csv
49830,2661,14,2026-01-12,NOTE,4,N,2026-01-12 10:00:00,batch_002,workqueue_actions_batch_002.csv
49831,1295,10,2026-01-05,ESCALATE,2,Y,2026-01-12 10:00:00,batch_002,workqueue_actions_batch_002.csv
49832,4714,5,2026-01-10,NOTE,0,N,2026-01-12 10:00:00,batch_002,workqueue_actions_batch_002.csv
49833,1926,20,2026-01-07,ESCALATE,2,Y,2026-01-12 10:00:00,batch_002,workqueue_actions_batch_002.csv
49834,4438,4,2026-01-08,CALL,4,N,2026-01-12 10:00:00,batch_002,workqueue_actions_batch_002.csv
49835,3045,10,2026-01-05,ESCALATE,1,N,2026-01-12 10:00:00,batch_002,workqueue_actions_batch_002.csv
49836,2514,6,2026-01-10,REVIEW,2,Y,2026-01-12 10:00:00,batch_002,workqueue_actions_batch_002.csv
49837,4043,20,2026-01-07,REVIEW,4,N,2026-01-12 10:00:00,batch_002,workqueue_actions_batch_002.csv
49838,2917,15,2026-01-12,REVIEW,4,N,2026-01-12 10:00:00,batch_002,workqueue_actions_batch_002.csv
49839,5191,17,2026-01-07,REVIEW,3,Y,2026-01-12 10:00:00,batch_002,workqueue_actions_batch_002.csv
49840,1160,1,2026-01-07,CALL,4,Y,2026-01-12 10:00:00,batch_002,workqueue_actions_batch_002.csv
49841,3406,14,2026-01-07,NOTE,1,Y,2026-01-12 10:00:00,batch_002,workqueue_actions_batch_002.csv
49842,2645,14,2026-01-12,CALL,4,Y,2026-01-12 10:00:00,batch_002,workqueue_actions_batch_002.csv
49843,5106,9,2026-01-10,CALL,0,Y,2026-01-12 10:00:00,batch_002,workqueue_actions_batch_002.csv
49844,2704,18,2026-01-11,CALL,1,Y,2026-01-12 10:00:00,batch_002,workqueue_actions_batch_002.csv
49845,1122,11,2026-01-07,REVIEW,2,N,2026-01-12 10:00:00,batch_002,workqueue_actions_batch_002.csv
49846,3323,13,2026-01-06,ESCALATE,4,N,2026-01-12 10:00:00,batch_002,workqueue_actions_batch_002.csv
49847,2513,18,2026-01-10,CALL,4,N,2026-01-12 10:00:00,batch_002,workqueue_actions_batch_002.csv
49848,5055,8,2026-01-09,REVIEW,0,N,2026-01-12 10:00:00,batch_002,workqueue_actions_batch_002.csv
49849,4760,2,2026-01-05,NOTE,0,N,2026-01-12 10:00:00,batch_002,workqueue_actions_batch_002.csv
49850,3994,16,2026-01-05,CALL,2,N,2026-01-12 10:00:00,batch_002,workqueue_actions_batch_002.csv
49851,4784,13,2026-01-12,NOTE,1,Y,2026-01-12 10:00:00,batch_002,workqueue_actions_batch_002.csv
49852,1534,20,2026-01-12,CALL,2,N,2026-01-12 10:00:00,batch_002,workqueue_actions_batch_002.csv
49853,1279,9,2026-01-12,REVIEW,1,Y,2026-01-12 10:00:00,batch_002,workqueue_actions_batch_002.csv
49854,1246,13,2026-01-12,NOTE,1,Y,2026-01-12 10:00:00,batch_002,workqueue_actions_batch_002.csv
49855,2528,19,2026-01-12,REVIEW,1,Y,2026-01-12 10:00:00,batch_002,workqueue_actions_batch_002.csv
49856,2311,16,2026-01-10,NOTE,2,Y,2026-01-12 10:00:00,batch_002,workqueue_actions_batch_002.csv
49857,2568,13,2026-01-11,NOTE,4,Y,2026-01-12 10:00:00,batch_002,workqueue_actions_batch_002.csv
49858,5013,5,2026-01-09,REVIEW,1,N,2026-01-12 10:00:00,batch_002,workqueue_actions_batch_002.csv
49859,4084,3,2026-01-08,CALL,1,N,2026-01-12 10:00:00,batch_002,workqueue_actions_batch_002.csv
49860,3576,9,2026-01-10,ESCALATE,2,N,2026-01-12 10:00:00,batch_002,workqueue_actions_batch_002.csv
49861,2646,6,2026-01-06,CALL,3,N,2026-01-12 10:00:00,batch_002,workqueue_actions_batch_002.csv
49862,4799,3,2026-01-12,REVIEW,4,N,2026-01-12 10:00:00,batch_002,workqueue_actions_batch_002.csv
49863,1605,17,2026-01-09,NOTE,2,N,2026-01-12 10:00:00,batch_002,workqueue_actions_batch_002.csv
49864,4138,12,2026-01-08,CALL,1,N,2026-01-12 10:00:00,batch_002,workqueue_actions_batch_002.csv
49865,3649,20,2026-01-11,ESCALATE,1,Y,2026-01-12 10:00:00,batch_002,workqueue_actions_batch_002.csv
49866,2131,13,2026-01-09,NOTE,4,N,2026-01-12 10:00:00,batch_002,workqueue_actions_batch_002.csv
49867,3941,16,2026-01-07,REVIEW,0,Y,2026-01-12 10:00:00,batch_002,workqueue_actions_batch_002.csv
49868,2198,4,2026-01-06,REVIEW,2,N,2026-01-12 10:00:00,batch_002,workqueue_actions_batch_002.csv
49869,4123,1,2026-01-05,CALL,0,N,2026-01-12 10:00:00,batch_002,workqueue_actions_batch_002.csv
49870,4333,10,2026-01-07,NOTE,4,N,2026-01-12 10:00:00,batch_002,workqueue_actions_batch_002.csv
49871,3494,8,2026-01-08,ESCALATE,1,Y,2026-01-12 10:00:00,batch_002,workqueue_actions_batch_002.csv
49872,1293,2,2026-01-06,CALL,3,Y,2026-01-12 10:00:00,batch_002,workqueue_actions_batch_002.csv
49873,5209,4,2026-01-06,ESCALATE,2,N,2026-01-12 10:00:00,batch_002,workqueue_actions_batch_002.csv
49874,1043,17,2026-01-11,CALL,1,Y,2026-01-12 10:00:00,batch_002,workqueue_actions_batch_002.csv
49875,4125,9,2026-01-07,CALL,0,Y,2026-01-12 10:00:00,batch_002,workqueue_actions_batch_002.csv
49876,3014,19,2026-01-05,CALL,4,Y,2026-01-12 10:00:00,batch_002,workqueue_actions_batch_002.csv
49877,4772,11,2026-01-10,REVIEW,3,N,2026-01-12 10:00:00,batch_002,workqueue_actions_batch_002.csv
49878,1618,1,2026-01-06,CALL,1,N,2026-01-12 10:00:00,batch_002,workqueue_actions_batch_002.csv
49879,1660,13,2026-01-09,NOTE,4,Y,2026-01-12 10:00:00,batch_002,workqueue_actions_batch_002.csv
49880,4939,10,2026-01-06,NOTE,4,N,2026-01-12 10:00:00,batch_002,workqueue_actions_batch_002.csv
49881,2504,16,2026-01-12,ESCALATE,0,N,2026-01-12 10:00:00,batch_002,workqueue_actions_batch_002.csv
49882,3046,5,2026-01-06,ESCALATE,3,N,2026-01-12 10:00:00,batch_002,workqueue_actions_batch_002.csv
49883,4038,6,2026-01-12,REVIEW,2,N,2026-01-12 10:00:00,batch_002,workqueue_actions_batch_002.csv
49884,4496,8,2026-01-06,REVIEW,3,N,2026-01-12 10:00:00,batch_002,workqueue_actions_batch_002.csv
49885,3924,18,2026-01-08,REVIEW,3,Y,2026-01-12 10:00:00,batch_002,workqueue_actions_batch_002.csv
49886,4068,8,2026-01-10,CALL,4,N,2026-01-12 10:00:00,batch_002,workqueue_actions_batch_002.csv
49887,1019,7,2026-01-07,REVIEW,3,N,2026-01-12 10:00:00,batch_002,workqueue_actions_batch_002.csv
49888,1580,19,2026-01-12,NOTE,0,N,2026-01-12 10:00:00,batch_002,workqueue_actions_batch_002.csv
49889,1734,1,2026-01-11,CALL,4,Y,2026-01-12 10:00:00,batch_002,workqueue_actions_batch_002.csv
49890,3171,19,2026-01-11,NOTE,3,N,2026-01-12 10:00:00,batch_002,workqueue_actions_batch_002.csv
49891,3715,5,2026-01-11,ESCALATE,4,N,2026-01-12 10:00:00,batch_002,workqueue_actions_batch_002.csv
49892,4477,7,2026-01-06,NOTE,1,Y,2026-01-12 10:00:00,batch_002,workqueue_actions_batch_002.csv
49893,3049,7,2026-01-10,CALL,4,Y,2026-01-12 10:00:00,batch_002,workqueue_actions_batch_002.csv
49894,1805,1,2026-01-08,CALL,1,Y,2026-01-12 10:00:00,batch_002,workqueue_actions_batch_002.csv
49895,1484,19,2026-01-12,REVIEW,2,N,2026-01-12 10:00:00,batch_002,workqueue_actions_batch_002.csv
49896,4298,8,2026-01-06,REVIEW,3,N,2026-01-12 10:00:00,batch_002,workqueue_actions_batch_002.csv
49897,1360,6,2026-01-10,CALL,4,N,2026-01-12 10:00:00,batch_002,workqueue_actions_batch_002.csv
49898,2602,11,2026-01-08,NOTE,0,N,2026-01-12 10:00:00,batch_002,workqueue_actions_batch_002.csv
49899,2565,14,2026-01-12,REVIEW,4,Y,2026-01-12 10:00:00,batch_002,workqueue_actions_batch_002.csv
49900,1203,3,2026-01-12,REVIEW,1,Y,2026-01-12 10:00:00,batch_002,workqueue_actions_batch_002.csv
49901,4330,19,2026-01-09,REVIEW,3,N,2026-01-12 10:00:00,batch_002,workqueue_actions_batch_002.csv
49902,4791,10,2026-01-11,ESCALATE,2,N,2026-01-12 10:00:00,batch_002,workqueue_actions_batch_002.csv
49903,2871,14,2026-01-06,NOTE,1,N,2026-01-12 10:00:00,batch_002,workqueue_actions_batch_002.csv
49904,1532,10,2026-01-07,REVIEW,3,Y,2026-01-12 10:00:00,batch_002,workqueue_actions_batch_002.csv
49905,3847,16,2026-01-06,ESCALATE,3,Y,2026-01-12 10:00:00,batch_002,workqueue_actions_batch_002.csv
49906,3290,3,2026-01-12,ESCALATE,2,N,2026-01-12 10:00:00,batch_002,workqueue_actions_batch_002.csv
49907,2640,3,2026-01-05,CALL,4,N,2026-01-12 10:00:00,batch_002,workqueue_actions_batch_002.csv
49908,3012,10,2026-01-09,CALL,4,Y,2026-01-12 10:00:00,batch_002,workqueue_actions_batch_002.csv
49909,4498,3,2026-01-11,NOTE,3,N,2026-01-12 10:00:00,batch_002,workqueue_actions_batch_002.csv
49910,1153,9,2026-01-05,ESCALATE,3,N,2026-01-12 10:00:00,batch_002,workqueue_actions_batch_002.csv
49911,3575,9,2026-01-11,ESCALATE,4,N,2026-01-12 10:00:00,batch_002,workqueue_actions_batch_002.csv
49912,3426,19,2026-01-09,NOTE,3,Y,2026-01-12 10:00:00,batch_002,workqueue_actions_batch_002.csv
49913,1453,8,2026-01-07,NOTE,2,Y,2026-01-12 10:00:00,batch_002,workqueue_actions_batch_002.csv
49914,1434,1,2026-01-11,ESCALATE,3,Y,2026-01-12 10:00:00,batch_002,workqueue_actions_batch_002.csv
49915,1552,7,2026-01-11,REVIEW,1,N,2026-01-12 10:00:00,batch_002,workqueue_actions_batch_002.csv
49916,2155,9,2026-01-05,REVIEW,2,N,2026-01-12 10:00:00,batch_002,workqueue_actions_batch_002.csv
49917,2313,20,2026-01-07,NOTE,2,N,2026-01-12 10:00:00,batch_002,workqueue_actions_batch_002.csv
49918,4474,20,2026-01-08,CALL,4,Y,2026-01-12 10:00:00,batch_002,workqueue_actions_batch_002.csv
49919,3807,8,2026-01-10,REVIEW,2,N,2026-01-12 10:00:00,batch_002,workqueue_actions_batch_002.csv
49920,1360,2,2026-01-10,REVIEW,4,Y,2026-01-12 10:00:00,batch_002,workqueue_actions_batch_002.csv
49921,1318,16,2026-01-10,CALL,3,N,2026-01-12 10:00:00,batch_002,workqueue_actions_batch_002.csv
49922,3036,13,2026-01-07,CALL,0,Y,2026-01-12 10:00:00,batch_002,workqueue_actions_batch_002.csv
49923,2283,20,2026-01-12,REVIEW,2,N,2026-01-12 10:00:00,batch_002,workqueue_actions_batch_002.csv
49924,4967,16,2026-01-10,NOTE,4,Y,2026-01-12 10:00:00,batch_002,workqueue_actions_batch_002.csv
49925,4812,2,2026-01-10,REVIEW,0,N,2026-01-12 10:00:00,batch_002,workqueue_actions_batch_002.csv
49926,4690,14,2026-01-08,REVIEW,1,N,2026-01-12 10:00:00,batch_002,workqueue_actions_batch_002.csv
49927,4573,5,2026-01-11,ESCALATE,4,Y,2026-01-12 10:00:00,batch_002,workqueue_actions_batch_002.csv
49928,4836,20,2026-01-10,ESCALATE,4,Y,2026-01-12 10:00:00,batch_002,workqueue_actions_batch_002.csv
49929,3979,8,2026-01-09,ESCALATE,2,Y,2026-01-12 10:00:00,batch_002,workqueue_actions_batch_002.csv
49930,2191,14,2026-01-09,REVIEW,1,Y,2026-01-12 10:00:00,batch_002,workqueue_actions_batch_002.csv
49931,3752,10,2026-01-06,NOTE,0,Y,2026-01-12 10:00:00,batch_002,workqueue_actions_batch_002.csv
49932,3522,17,2026-01-09,NOTE,3,Y,2026-01-12 10:00:00,batch_002,workqueue_actions_batch_002.csv
49933,3430,9,2026-01-08,ESCALATE,4,N,2026-01-12 10:00:00,batch_002,workqueue_actions_batch_002.csv
49934,3265,11,2026-01-07,NOTE,3,Y,2026-01-12 10:00:00,batch_002,workqueue_actions_batch_002.csv
49935,1052,5,2026-01-10,REVIEW,4,N,2026-01-12 10:00:00,batch_002,workqueue_actions_batch_002.csv
49936,4000,5,2026-01-09,REVIEW,4,N,2026-01-12 10:00:00,batch_002,workqueue_actions_batch_002.csv
49937,4265,4,2026-01-10,REVIEW,2,Y,2026-01-12 10:00:00,batch_002,workqueue_actions_batch_002.csv
49938,3660,17,2026-01-12,CALL,3,Y,2026-01-12 10:00:00,batch_002,workqueue_actions_batch_002.csv
49939,2326,18,2026-01-06,REVIEW,0,N,2026-01-12 10:00:00,batch_002,workqueue_actions_batch_002.csv
49940,3155,5,2026-01-06,REVIEW,0,N,2026-01-12 10:00:00,batch_002,workqueue_actions_batch_002.csv
49941,2131,8,2026-01-07,REVIEW,4,N,2026-01-12 10:00:00,batch_002,workqueue_actions_batch_002.csv
49942,4374,19,2026-01-07,REVIEW,4,Y,2026-01-12 10:00:00,batch_002,workqueue_actions_batch_002.csv
49943,3291,19,2026-01-09,ESCALATE,3,Y,2026-01-12 10:00:00,batch_002,workqueue_actions_batch_002.csv
49944,2882,9,2026-01-10,REVIEW,0,Y,2026-01-12 10:00:00,batch_002,workqueue_actions_batch_002.csv
49945,3477,19,2026-01-06,REVIEW,1,N,2026-01-12 10:00:00,batch_002,workqueue_actions_batch_002.csv
49946,4968,14,2026-01-11,NOTE,1,Y,2026-01-12 10:00:00,batch_002,workqueue_actions_batch_002.csv
49947,2338,13,2026-01-06,CALL,2,N,2026-01-12 10:00:00,batch_002,workqueue_actions_batch_002.csv
49948,1875,11,2026-01-07,NOTE,1,Y,2026-01-12 10:00:00,batch_002,workqueue_actions_batch_002.csv
49949,4606,2,2026-01-11,CALL,2,N,2026-01-12 10:00:00,batch_002,workqueue_actions_batch_002.csv
49950,3339,16,2026-01-07,REVIEW,1,Y,2026-01-12 10:00:00,batch_002,workqueue_actions_batch_002.csv
49951,1751,18,2026-01-11,CALL,1,Y,2026-01-12 10:00:00,batch_002,workqueue_actions_batch_002.csv
49952,3979,2,2026-01-09,ESCALATE,4,Y,2026-01-12 10:00:00,batch_002,workqueue_actions_batch_002.csv
49953,4962,11,2026-01-09,ESCALATE,0,Y,2026-01-12 10:00:00,batch_002,workqueue_actions_batch_002.csv
49954,4494,10,2026-01-08,ESCALATE,3,Y,2026-01-12 10:00:00,batch_002,workqueue_actions_batch_002.csv
49955,2727,20,2026-01-11,ESCALATE,3,Y,2026-01-12 10:00:00,batch_002,workqueue_actions_batch_002.csv
49956,1412,14,2026-01-05,ESCALATE,3,Y,2026-01-12 10:00:00,batch_002,workqueue_actions_batch_002.csv
49957,2096,10,2026-01-12,NOTE,3,Y,2026-01-12 10:00:00,batch_002,workqueue_actions_batch_002.csv
49958,4264,16,2026-01-10,NOTE,1,N,2026-01-12 10:00:00,batch_002,workqueue_actions_batch_002.csv
49959,4577,20,2026-01-05,NOTE,3,Y,2026-01-12 10:00:00,batch_002,workqueue_actions_batch_002.csv
49960,3192,2,2026-01-06,NOTE,1,N,2026-01-12 10:00:00,batch_002,workqueue_actions_batch_002.csv
49961,2214,3,2026-01-06,CALL,4,Y,2026-01-12 10:00:00,batch_002,workqueue_actions_batch_002.csv
49962,2742,10,2026-01-06,REVIEW,4,Y,2026-01-12 10:00:00,batch_002,workqueue_actions_batch_002.csv
49963,3398,16,2026-01-11,ESCALATE,1,Y,2026-01-12 10:00:00,batch_002,workqueue_actions_batch_002.csv
49964,3831,12,2026-01-12,NOTE,3,Y,2026-01-12 10:00:00,batch_002,workqueue_actions_batch_002.csv
49965,1190,1,2026-01-06,REVIEW,2,Y,2026-01-12 10:00:00,batch_002,workqueue_actions_batch_002.csv
49966,4188,16,2026-01-06,NOTE,1,Y,2026-01-12 10:00:00,batch_002,workqueue_actions_batch_002.csv
49967,5023,4,2026-01-09,CALL,3,N,2026-01-12 10:00:00,batch_002,workqueue_actions_batch_002.csv
49968,2241,2,2026-01-09,ESCALATE,0,N,2026-01-12 10:00:00,batch_002,workqueue_actions_batch_002.csv
49969,4640,17,2026-01-07,NOTE,3,Y,2026-01-12 10:00:00,batch_002,workqueue_actions_batch_002.csv
49970,3146,1,2026-01-09,CALL,1,N,2026-01-12 10:00:00,batch_002,workqueue_actions_batch_002.csv
49971,2309,15,2026-01-07,ESCALATE,3,Y,2026-01-12 10:00:00,batch_002,workqueue_actions_batch_002.csv
49972,1766,6,2026-01-06,REVIEW,3,N,2026-01-12 10:00:00,batch_002,workqueue_actions_batch_002.csv
49973,2760,12,2026-01-11,REVIEW,2,Y,2026-01-12 10:00:00,batch_002,workqueue_actions_batch_002.csv
49974,3003,18,2026-01-06,CALL,4,Y,2026-01-12 10:00:00,batch_002,workqueue_actions_batch_002.csv
49975,4600,16,2026-01-05,ESCALATE,2,N,2026-01-12 10:00:00,batch_002,workqueue_actions_batch_002.csv
49976,3820,10,2026-01-11,ESCALATE,1,Y,2026-01-12 10:00:00,batch_002,workqueue_actions_batch_002.csv
49977,4022,13,2026-01-05,REVIEW,3,N,2026-01-12 10:00:00,batch_002,workqueue_actions_batch_002.csv
49978,2198,17,2026-01-07,CALL,4,N,2026-01-12 10:00:00,batch_002,workqueue_actions_batch_002.csv
49979,4511,5,2026-01-08,ESCALATE,2,Y,2026-01-12 10:00:00,batch_002,workqueue_actions_batch_002.csv
49980,2558,17,2026-01-08,NOTE,4,N,2026-01-12 10:00:00,batch_002,workqueue_actions_batch_002.csv
49981,1621,7,2026-01-06,NOTE,1,Y,2026-01-12 10:00:00,batch_002,workqueue_actions_batch_002.csv
49982,3219,12,2026-01-08,CALL,3,Y,2026-01-12 10:00:00,batch_002,workqueue_actions_batch_002.csv
49983,4318,9,2026-01-06,REVIEW,3,N,2026-01-12 10:00:00,batch_002,workqueue_actions_batch_002.csv
49984,3148,9,2026-01-11,NOTE,4,N,2026-01-12 10:00:00,batch_002,workqueue_actions_batch_002.csv
49985,1347,12,2026-01-08,ESCALATE,2,N,2026-01-12 10:00:00,batch_002,workqueue_actions_batch_002.csv
49986,4906,9,2026-01-05,ESCALATE,1,Y,2026-01-12 10:00:00,batch_002,workqueue_actions_batch_002.csv
49987,2019,15,2026-01-08,ESCALATE,2,N,2026-01-12 10:00:00,batch_002,workqueue_actions_batch_002.csv
49988,3242,8,2026-01-10,ESCALATE,0,N,2026-01-12 10:00:00,batch_002,workqueue_actions_batch_002.csv
49989,3358,4,2026-01-07,NOTE,3,N,2026-01-12 10:00:00,batch_002,workqueue_actions_batch_002.csv
49990,4750,14,2026-01-12,REVIEW,3,Y,2026-01-12 10:00:00,batch_002,workqueue_actions_batch_002.csv
49991,4363,11,2026-01-08,CALL,2,Y,2026-01-12 10:00:00,batch_002,workqueue_actions_batch_002.csv
49992,3626,13,2026-01-08,CALL,4,N,2026-01-12 10:00:00,batch_002,workqueue_actions_batch_002.csv
49993,5028,15,2026-01-08,REVIEW,2,Y,2026-01-12 10:00:00,batch_002,workqueue_actions_batch_002.csv
49994,2137,17,2026-01-08,REVIEW,0,Y,2026-01-12 10:00:00,batch_002,workqueue_actions_batch_002.csv
49995,2973,11,2026-01-11,NOTE,2,N,2026-01-12 10:00:00,batch_002,workqueue_actions_batch_002.csv
49996,3576,3,2026-01-10,ESCALATE,0,N,2026-01-12 10:00:00,batch_002,workqueue_actions_batch_002.csv
49997,4835,2,2026-01-05,NOTE,2,N,2026-01-12 10:00:00,batch_002,workqueue_actions_batch_002.csv
49998,1544,18,2026-01-09,NOTE,2,Y,2026-01-12 10:00:00,batch_002,workqueue_actions_batch_002.csv
49999,1317,9,2026-01-08,REVIEW,1,Y,2026-01-12 10:00:00,batch_002,workqueue_actions_batch_002.csv
50000,1904,10,2026-01-08,REVIEW,4,N,2026-01-12 10:00:00,batch_002,workqueue_actions_batch_002.csv
